v 4.2811737060546875 -2.2062249183654785 2.437002658843994 0.011764705882352941 0.09411764705882353 0.7019607843137254
v 1.4139604396332023e-23 -1.2836983368381526e-14 -1.2153410551404262e-35 0.11372549019607843 0.7450980392156863 0.5490196078431373
v -0.5093544125556946 -0.17060573399066925 0.8434760570526123 0.25882352941176473 0.19607843137254902 0.14901960784313725
v -3971834624.0 14223.810546875 371080167424.0 0.25098039215686274 0.2627450980392157 1.0
v -3.7582805156707764 -3.46391764994202e+18 -5.584402718028514e-09 0.4235294117647059 0.043137254901960784 0.25098039215686274
v -2.0698994247357537e+21 -5.729496125471846e+36 2.5216837052818147e+33 0.7490196078431373 0.6196078431372549 0.8784313725490196
v 1.5156628105852768e-28 nan 7.876742690929422e-23 0.4588235294117647 0.37254901960784315 0.24705882352941178
v -3.9146380354229966e+24 8.614448212537359e+21 1.4587907836331723e-19 0.5254901960784314 0.9098039215686274 0.4823529411764706
v 12539675.0 -5.227802500899139e+29 -4.7982852109527145e+30 0.9137254901960784 0.7490196078431373 0.592156862745098
v 3.3563361167907715 -1.7757854461669922 2.393942356109619 0.9647058823529412 0.0 0.17254901960784313
v -0.00018191289564128965 -339839746048.0 2.791819714823961e+25 0.4549019607843137 0.7333333333333333 0.807843137254902
v -0.9295495748519897 -0.13903382420539856 0.34147804975509644 0.8627450980392157 0.7019607843137254 0.6
v 3.438351313889143e-06 3.013723699041293e-06 8.702283041969873e+22 0.25098039215686274 0.26666666666666666 0.807843137254902
v 5.512568483287406e-13 -2.671648006516707e-15 -1.1556755160674237e-33 0.25882352941176473 0.11764705882352941 0.25098039215686274
v -2.8663938136884244e+26 8.765254929684498e-18 -1.6658683496571132e-35 0.7450980392156863 0.5411764705882353 0.8156862745098039
v -5.919719491277731e-31 -3.5601132708507066e-07 1.7083579453197517e+18 0.21568627450980393 0.27058823529411763 0.24705882352941178
v -2.5916239665304132e-33 6.929467222249741e-09 1.0879227064997642e+18 0.12549019607843137 0.2980392156862745 0.30196078431372547
v -12219.3828125 22060355026944.0 -5.197968278025655e-08 0.8627450980392157 0.7490196078431373 0.9882352941176471
v 3.954035997390747 -1.9922536611557007 2.521430730819702 0.5176470588235295 0.792156862745098 0.23921568627450981
v -3.603519696537493e-27 0.08459493517875671 -0.028655510395765305 0.18823529411764706 0.7490196078431373 0.9098039215686274
v -0.3660404086112976 -0.19400648772716522 0.9101515412330627 0.30980392156862746 0.23137254901960785 0.16862745098039217
v 1.0418736451356381e-07 1.8463201456597744e-07 422514320736256.0 0.25098039215686274 0.32941176470588235 0.10588235294117647
v -8.511212286066439e-07 5.786828282693577e-34 3.187820543972139e+37 0.6196078431372549 0.058823529411764705 0.25098039215686274
v -3.382771217910989e+16 8.849898881989102e-37 2.3021410503199954e+21 0.7490196078431373 0.7764705882352941 0.13333333333333333
v 1.7065369299976152e-13 -1.8267064662343266e-32 1.1199501082881136e-36 0.13333333333333333 0.4588235294117647 0.24705882352941178
v 2.999314867107271e-14 -1.8114273240816038e-35 -9.138421963594823e-11 0.6196078431372549 0.8588235294117647 0.26666666666666666
v 12549453.0 -48808172.0 2.553048294919837e+23 0.9176470588235294 0.7490196078431373 0.23921568627450981
v 3.3932905197143555 -1.7479827404022217 2.429415464401245 0.3058823529411765 0.49411764705882355 0.11764705882352941
v 1.351917476070656e-23 6.005953506874254e+27 0.18725286424160004 0.8549019607843137 0.23921568627450981 0.4
v -0.8685373663902283 -0.13704054057598114 0.47630107402801514 0.7803921568627451 0.6235294117647059 0.5176470588235295
v 8.99122714138477e+25 -1.1848066170695017e-30 3848431872.0 0.25098039215686274 0.5019607843137255 0.984313725490196
v -1.1929474804822829e+24 1.628582270562811e-19 25437972480.0 0.5019607843137255 0.3411764705882353 0.25098039215686274
v 3.376504666981324e-34 31.160518646240234 4.9242089517065324e-08 0.7490196078431373 0.5490196078431373 0.6784313725490196
v 1.4178535213962736e+22 1566138.625 -6265810.5 0.6078431372549019 0.12156862745098039 0.7450980392156863
v 0.019771931692957878 1.1336684480689814e-34 -7.292455493518278e-29 0.25882352941176473 0.12156862745098039 0.38823529411764707
v -0.011657260358333588 1.1679553023060488e-35 -1.6641428689284644e+36 0.5568627450980392 0.7411764705882353 0.48627450980392156
v 3.2623915672302246 -0.12714815139770508 2.9757273197174072 0.5333333333333333 0.043137254901960784 0.2823529411764706
v -1.7935148468755248e-19 -9.919241401202115e+17 -8.110795149432861e+30 0.34901960784313724 0.7490196078431373 0.07450980392156863
v -0.698058009147644 -0.7039135098457336 0.13122865557670593 0.8509803921568627 0.6549019607843137 0.5215686274509804
v 5111.90087890625 1.583802679487464e-36 7.612140619405722e+16 0.25098039215686274 0.6274509803921569 0.615686274509804
v 0.2865821421146393 -12910820352.0 408907841536.0 0.592156862745098 0.07450980392156863 0.25098039215686274
v -3.270286819123669e-12 1.833413236767064e+18 1.6805603661750278e+26 0.7450980392156863 0.06666666666666667 0.9764705882352941
v 0.011737653985619545 -7.22325441116445e+24 -4.3055270743926374e+17 0.4117647058823529 0.027450980392156862 0.7450980392156863
v 0.013126789592206478 6.055911835686713e-27 -3.0680849177208395e-25 0.9764705882352941 0.403921568627451 0.42745098039215684
v -12511169.0 -2.2977974746501444e-36 -1574920.375 0.06666666666666667 0.7411764705882353 0.5137254901960784
v 3.4187772274017334 -0.16081833839416504 2.713934898376465 0.41568627450980394 0.7607843137254902 0.13333333333333333
v 2.253934545797684e-36 1.10015233515364e-21 1.3096322580858536e+19 0.5098039215686274 0.7411764705882353 0.8117647058823529
v -0.3417125642299652 -0.6657773852348328 0.6633045673370361 0.7294117647058823 0.5372549019607843 0.403921568627451
v -2.0123527736734637e+32 -6.7723344727710355e-06 14.583147048950195 0.25098039215686274 0.0 0.9725490196078431
v -5.840945974874563e-17 -197008.6875 -4.2872174570110976e+17 0.10196078431372549 0.054901960784313725 0.25098039215686274
v -177153.0 19242921492480.0 0.0002863723784685135 0.7490196078431373 0.4745098039215686 0.7607843137254902
v 8.656960820829225e+17 -7.754143826223702e+33 -2.8894504913398744e+25 0.18823529411764706 0.5333333333333333 0.7450980392156863
v -5.152897412422772e-30 7.515245230593351e-18 -4.533228700499794e-30 0.47843137254901963 0.0 0.3843137254901961
v -6.949743003303865e-10 -269044.125 -5.422062184697011e+26 0.5137254901960784 0.7411764705882353 0.33725490196078434
v 3.0283663272857666 -0.02055215835571289 3.3613204956054688 0.08627450980392157 0.8392156862745098 0.25882352941176473
v -2.4761862071522717e-16 9.173227877739722e+23 -1.3503308401543525e-36 0.20784313725490197 0.7490196078431373 0.24705882352941178
v -0.6678227782249451 -0.6558266282081604 0.35200032591819763 0.792156862745098 0.6 0.47058823529411764
v 7.34256327934859e+19 0.20873196423053741 7150132224.0 0.25098039215686274 0.8784313725490196 0.47843137254901963
v -2.2298598862640924e-31 6.998900903276706e-10 1.3202191152710875e-15 0.30980392156862746 0.08235294117647059 0.25098039215686274
v 1.2763201466624212e-24 3.2026944392950636e-17 5.905595456454861e-34 0.7490196078431373 0.4196078431372549 0.49019607843137253
v -1.118950176959288e-08 -26316602605568.0 0.0003623794764280319 0.8666666666666667 0.1568627450980392 0.24313725490196078
v -9.360675903735682e-05 -4.2947444909637475e+20 6.30289753766889e-36 0.2823529411764706 0.9333333333333333 0.21568627450980393
v 7.509330251583971e-29 -2.306464892990364e+19 2.5944326404757182e-39 0.796078431372549 0.24705882352941178 0.44313725490196076
v 2.8788468837738037 1.5239906311035156 2.7457244396209717 0.33725490196078434 0.6705882352941176 0.4392156862745098
v -1.5281505304511382e+25 -2.8599934693950793e+23 -1.726003332210644e+24 0.3803921568627451 0.23921568627450981 0.3058823529411765
v -0.915948748588562 0.39805659651756287 0.050880275666713715 0.08627450980392157 0.06274509803921569 0.058823529411764705
v 1.9975632589018593e-17 1.8087666356893652e-30 0.0002877716033253819 0.25098039215686274 0.4196078431372549 0.7764705882352941
v 5.657043812907329e+34 4.583217378240079e-05 47.93844985961914 0.8470588235294118 0.22745098039215686 0.25098039215686274
v -74527232.0 4.782883081728834e-26 2026099282280448.0 0.7490196078431373 0.49411764705882355 0.6862745098039216
v -5.649053378193864e-37 -3.034012840622656e+31 -1.7151576001038254e+18 0.058823529411764705 0.5254901960784314 0.23137254901960785
v -1.2226909944371811e-29 -1.5094913125232337e-27 1.7760077710415536e-30 0.44313725490196076 0.5254901960784314 0.2196078431372549
v 4.771739496996214e-27 -3.434508943895813e-27 1.0049289953941381e+26 0.7215686274509804 0.24705882352941178 0.8627450980392157
v 2.8890819549560547 1.5428636074066162 2.7877588272094727 0.06274509803921569 0.6431372549019608 0.42745098039215684
v 128230098993152.0 1.9959224618424684e+37 -3418322432.0 0.8784313725490196 0.23921568627450981 0.43529411764705883
v -0.936018705368042 0.0008661012398079038 0.3519492745399475 0.08235294117647059 0.07058823529411765 0.054901960784313725
v 1501129.75 2.9630095156657356e-29 4.741927477880381e-05 0.25098039215686274 0.043137254901960784 0.3176470588235294
v -3.28410214622366e+29 -1.0419449064306817e-17 1.5191438011604066e+31 0.5333333333333333 0.28627450980392155 0.25098039215686274
v -605860.0 4.061014338799544e-15 8.526745299591807e+31 0.7490196078431373 0.9176470588235294 0.043137254901960784
v 3.631888648104186e+24 -1.1772866505688733e-30 -1.859942920130945e-29 0.7176470588235294 0.34901960784313724 0.24705882352941178
v 8.025901911116717e-25 1.0624537945922988e-27 1.788333910764728e-30 0.6862745098039216 0.9254901960784314 0.2196078431372549
v 0.011646886356174946 -1.6621290185123284e+21 -3.3214875294618196e-09 0.7725490196078432 0.24705882352941178 0.5294117647058824
v 3.7876648902893066 -1.0535968542099 2.4876489639282227 0.5803921568627451 0.4549019607843137 0.06274509803921569
v 2.7348640878528044e+38 1.0489044655059843e-07 -1.8280331692821505e-09 0.06274509803921569 0.24313725490196078 0.6980392156862745
v 0.17803308367729187 0.10853159427642822 0.978020966053009 0.12549019607843137 0.09411764705882353 0.058823529411764705
v -1.552138761994635e-19 2.412463456851236e+31 20000930.0 0.25098039215686274 0.3058823529411765 0.00784313725490196
v 5.570196707774774e-23 1.5599063319648123e+34 5.638145995137709e+22 0.21568627450980393 0.42745098039215684 0.25098039215686274
v 8.94867941219974e-29 1.5711667942808617e+18 3.8307064163654664e+32 0.7490196078431373 0.6784313725490196 0.29411764705882354
v -5.546051879320735e+19 -3.5600325531959243e-07 -7.147028611873548e-35 0.6705882352941176 0.26666666666666666 0.24705882352941178
v 1.8667066309075724e-19 80300457984.0 nan 0.5333333333333333 0.2549019607843137 0.5529411764705883
v -26204681797632.0 -1.6785842076806478e-20 -1.514124065808813e+23 0.34901960784313724 0.24705882352941178 0.4666666666666667
v 3.2179007530212402 1.0777785778045654 1.6509156227111816 0.9803921568627451 0.3803921568627451 0.3215686274509804
v -1.5208103819050824e+27 1.0366135112782857e-29 9.735460670431097e-32 0.5882352941176471 0.7450980392156863 0.8392156862745098
v -0.7608616352081299 -0.2910676598548889 -0.5799733996391296 0.047058823529411764 0.0392156862745098 0.03529411764705882
v -4.5792961921651005e+27 6.776705096023317e-33 3309.627197265625 0.25098039215686274 0.9490196078431372 0.42745098039215684
v 2.986788602567874e-20 -1.4126900119048835e-37 4.1536563439439965e-17 0.5333333333333333 0.8901960784313725 0.24705882352941178
v -1.4033948273825913e+20 -3.8655249605267075e+28 1.997259421239264e+36 0.7490196078431373 0.3254901960784314 0.03137254901960784
v 0.18751421570777893 -2.075000764562746e-17 -1594290944.0 0.5333333333333333 0.8901960784313725 0.24313725490196078
v 4180783.75 -2.6001903952134445e-20 -8.021348467921123e-23 0.26666666666666666 0.8549019607843137 0.3411764705882353
v -2.8083654642747996e+22 -4.57544964151064e-26 -328195.0 0.1843137254901961 0.7450980392156863 0.16470588235294117
v 3.5954220294952393 -0.17710232734680176 2.1759133338928223 0.8823529411764706 0.011764705882352941 0.3254901960784314
v 7473946112.0 9.716273966229472e-38 1.5431519616271292e-20 0.17254901960784313 0.7490196078431373 0.49019607843137253
v -0.5988985896110535 -0.6994446516036987 -0.3899969160556793 0.03529411764705882 0.03137254901960784 0.0196078431372549
v -1.857564272454443e+22 -0.11461993306875229 1733970432.0 0.25098039215686274 0.5019607843137255 0.8862745098039215
v 8.168176464096177e-06 -0.0007332753739319742 -2.156796167889879e+17 0.5019607843137255 0.03137254901960784 0.25098039215686274
v -2.5009675463075944e-36 7.373198986053467 9.036738356304746e+37 0.7490196078431373 0.9529411764705882 0.7372549019607844
v -1.5169866466808e-28 -2.949393379038014e-31 -4.216392114468094e-14 0.9529411764705882 0.7176470588235294 0.7450980392156863
v 4.49125084995769e-13 1.0935998336287014e-13 1.0866983304072175e-31 0.8313725490196079 0.5882352941176471 0.2235294117647059
v -2.8226752017308066e+22 9.100039817567142e+18 -7.649489494523237e-14 0.15294117647058825 0.7490196078431373 0.6235294117647059
v 3.245209217071533 -0.6306478977203369 1.8574175834655762 0.23137254901960785 0.796078431372549 0.16470588235294117
v 2.3348837185239363e-38 -0.0012073597172275186 2.9176224416005425e-05 0.023529411764705882 0.23921568627450981 0.9098039215686274
v -0.22283178567886353 0.5081003308296204 0.8319736123085022 0.29411764705882354 0.23529411764705882 0.1607843137254902
v 1.4442951740489728e+16 3854287.25 6.421090907529056e+20 0.25098039215686274 0.08627450980392157 0.4627450980392157
v -4.0389675939903374e-28 -5.542882207200182e+19 -1.4296261275654887e-34 0.4745098039215686 0.40784313725490196 0.25098039215686274
v 5.4131744444106735e-36 -2.471808979662543e-27 2.576579761230203e-27 0.7490196078431373 0.5843137254901961 0.8
v -51451793408.0 -391364.46875 4.40777428629912e+20 0.592156862745098 0.9254901960784314 0.7450980392156863
v -6.248828485664925e+19 -9.820923215804943e-39 -1.927610896042697e-26 0.8352941176470589 0.08235294117647059 0.25882352941176473
v -1.8460704569624535e+27 3.601085453495471e-29 -2.824136836653769e-36 0.43529411764705883 0.24313725490196078 0.6980392156862745
v 2.8802378177642822 1.2200648784637451 3.3957691192626953 0.8352941176470589 0.3803921568627451 0.3686274509803922
v 3.6472346677197595e-16 -8.796119651005235e+16 -7790986264576.0 0.9529411764705882 0.24313725490196078 0.1450980392156863
v -0.4135729670524597 0.07894378900527954 0.9070420265197754 0.5686274509803921 0.42745098039215684 0.30980392156862746
v -2.030718064060026e-19 -487.4931335449219 665790976.0 0.25098039215686274 0.12941176470588237 0.4549019607843137
v -2.475625636533004e+19 -1.559982960453244e+34 -5.997958660125732 0.8666666666666667 0.8196078431372549 0.24705882352941178
v -1.1085604498995866e+36 4.732839791463713e-15 -7.211627556011171e-24 0.7450980392156863 0.7333333333333333 0.7607843137254902
v 4.262233537573497e-14 -1.1772980293541892e-30 5.355636957537894e+16 0.8196078431372549 0.3254901960784314 0.7490196078431373
v -7.943431965958976e-17 -7.098225792206766e+17 6.695379254045647e-33 0.1803921568627451 0.2627450980392157 0.3176470588235294
v -3356259780657152.0 37.64714431762695 1.2843740918892356e-29 0.8392156862745098 0.7490196078431373 0.9647058823529412
v 3.5468568801879883 -0.3612816333770752 2.2604122161865234 0.5294117647058824 0.9215686274509803 0.4823529411764706
v -6.387699880552115e+30 3.833708424252621e+17 2453463.75 0.30980392156862746 0.7450980392156863 0.8156862745098039
v -0.6749763488769531 0.1946389228105545 -0.7117039561271667 0.07450980392156863 0.058823529411764705 0.058823529411764705
v 1.7088336533820865e-19 -503285.28125 465408494665728.0 0.25098039215686274 0.9294117647058824 0.6509803921568628
v -2.4465776388387897e+19 2.7981146288880154e-09 -4.751641754959569e+29 0.15294117647058825 0.807843137254902 0.24705882352941178
v 1.4199002180248499e-05 -2.9263764918737234e+25 5.409980231411518e+27 0.7490196078431373 0.8823529411764706 0.5215686274509804
v 1.4156416910292813e+22 -4.81590222617898e-27 -11.898032188415527 0.21568627450980393 0.396078431372549 0.7490196078431373
v -1.5024214303927217e-37 2.647610524374698e-14 1.661713895481918e-33 0.2980392156862745 0.20392156862745098 0.24313725490196078
v -7.226894760815246e+24 7.557465861278392e-29 4.331737578274512e-36 0.9333333333333333 0.7450980392156863 0.6509803921568628
v 3.555232286453247 -0.4083521366119385 2.1951804161071777 0.10588235294117647 0.2980392156862745 0.4588235294117647
v -2.536437879192508e-24 8.371756264002607e-29 5.730457474058768e-36 0.9568627450980393 0.7450980392156863 0.611764705882353
v -0.9667341113090515 0.08061863481998444 -0.24274633824825287 0.8509803921568627 0.6745098039215687 0.5137254901960784
v -15853950976.0 -6.2171812836853135e-12 -8.632141202551557e-31 0.25098039215686274 0.9725490196078431 0.18823529411764706
v 2.2287732592861923e-31 -50427500.0 1.5003383159637451 0.050980392156862744 0.0784313725490196 0.25098039215686274
v -4.0751173857133333e-26 -28808893693952.0 62061277184.0 0.7490196078431373 0.4392156862745098 0.3254901960784314
v -2.1585289294957773e+17 1.9331752119583052e+33 8.038489494002038e-20 0.7843137254901961 0.44313725490196076 0.24705882352941178
v -4.4322651457002575e+25 4.663931755380444e-16 -8.594860867528008e-20 0.17254901960784313 0.5725490196078431 0.35294117647058826
v -1.1829075636879402e+29 -1.4491713575106958e+34 0.021515002474188805 0.40784313725490196 0.24313725490196078 0.12549019607843137
v 4.307079315185547 0.41178131103515625 1.1290791034698486 0.3764705882352941 0.7215686274509804 0.0196078431372549
v 2.5047965105119122e-23 5.893380424457726e-31 -3.0391538218490835e+32 0.1843137254901961 0.7490196078431373 0.9490196078431372
v -0.818192720413208 -0.009457417763769627 -0.5748662948608398 0.03529411764705882 0.03137254901960784 0.027450980392156862
v 175367056.0 -0.474115788936615 199370.5625 0.25098039215686274 0.8274509803921568 0.6941176470588235
v 9.934747695130345e-18 -4.585954957292415e-05 3.2451836054346156e-19 0.047058823529411764 0.7529411764705882 0.24705882352941178
v -1.2948087201426149e-30 -0.26129719614982605 -103.90087127685547 0.7450980392156863 0.5725490196078431 0.32941176470588235
v 13167139749888.0 -24465.07421875 -1.2053402705033378e-27 0.8627450980392157 0.09019607843137255 0.7490196078431373
v -0.009796558879315853 2.2262880479375934e-29 1.0310774081897067e-34 0.24313725490196078 0.7607843137254902 0.5450980392156862
v -1.8912693929945201e+30 11719091200.0 461902144.0 0.5490196078431373 0.24313725490196078 0.1803921568627451
v 3.076874256134033 1.1284584999084473 1.8948547840118408 0.6862745098039216 0.37254901960784315 0.3843137254901961
v -1.9856407362334288e+26 -3.5617642374224417e-19 199421.671875 0.9647058823529412 0.7372549019607844 0.5411764705882353
v -0.723534882068634 -0.2626936733722687 -0.6383488178253174 0.058823529411764705 0.050980392156862744 0.047058823529411764
v 1.3216914339864161e-05 nan -8.254294060005164e-31 0.25098039215686274 0.6745098039215687 0.7607843137254902
v -3.0585565631964734e-17 0.18775416910648346 -1.4412879728394814e-34 0.6549019607843137 0.9764705882352941 0.24705882352941178
v -1.283431097943294e-15 -1.1533218130521661e-10 -20155.623046875 0.7450980392156863 0.4196078431372549 0.2627450980392157
v 47.966209411621094 1.884346559012208e-29 200149024.0 0.3333333333333333 0.17254901960784313 0.7490196078431373
v -0.0001889271370600909 6.77095719442321e+25 5.266220610920953e+21 0.3607843137254902 0.4196078431372549 0.42745098039215684
v 1.1793159299765848e-30 -57679916.0 -3.5217234976155237e+31 0.35294117647058826 0.24705882352941178 0.06274509803921569
v 2.8962316513061523 0.550467848777771 3.473324775695801 0.9411764705882353 0.403921568627451 0.42745098039215684
v -3.9602529987021976e+20 1154480498278400.0 -1.0136327743530273 0.5764705882352941 0.7450980392156863 0.3215686274509804
v -0.6783058643341064 -0.5280382633209229 -0.5109566450119019 0.9725490196078431 0.7843137254901961 0.6980392156862745
v -8.30270832726961e+32 nan 1.426616251140014e+17 0.25098039215686274 0.14901960784313725 0.5333333333333333
v 5.9029577517433356e+20 1.4885103396355506e+28 -3.0249541634320344e-28 0.1607843137254902 0.1568627450980392 0.25098039215686274
v -2.3049649945047963e-30 -23896438.0 6.205553346671047e-36 0.7490196078431373 0.2235294117647059 0.23921568627450981
v 1.5489624070279943e-25 -1.1280023672926656e+23 1.8417458878955408e-32 0.47843137254901963 0.5529411764705883 0.7450980392156863
v 1.792919479548516e-09 -1.0225842108393062e+17 -1.3098855344690766e-21 0.9411764705882353 0.058823529411764705 0.5372549019607843
v -1.8910245855160482e+30 641419.875 -5.914561909501953e+20 0.9882352941176471 0.23529411764705882 0.34901960784313724
v 3.708034038543701 0.050827741622924805 1.864778757095337 0.3686274509803922 0.27058823529411763 0.10196078431372549
v -7.523090376865714e-33 4.4360310644308705e+18 5.63832967239487e+27 0.1411764705882353 0.7411764705882353 0.7450980392156863
v -0.28810814023017883 0.1622137725353241 -0.9437586665153503 0.07450980392156863 0.06274509803921569 0.058823529411764705
v -5.398626831391785e+17 -2.4729804521447102e-14 -7.633980636450534e-32 0.25098039215686274 0.6549019607843137 0.23137254901960785
v -1.226069620179418e-13 2.370403354421852e-30 1.5182566913939734e+31 0.21176470588235294 0.7803921568627451 0.24705882352941178
v -9.082350367760081e+25 -3.0928400229200172e+28 5.115781951101667e+33 0.7490196078431373 0.3568627450980392 0.37254901960784315
v -3.455711444908114e+18 0.3738207519054413 1.0702202085153178e+17 0.2980392156862745 0.8352941176470589 0.7450980392156863
v 3.0689866917959025e+21 1.0256386892144563e-24 1.7002227189153792e+16 0.3843137254901961 0.36470588235294116 0.2549019607843137
v -2.8865437456424596e+25 -0.07449671626091003 9.919105068149809e+28 0.050980392156862744 0.7450980392156863 0.8156862745098039
v 3.474557399749756 -0.20797157287597656 2.937028408050537 0.4588235294117647 0.6745098039215687 0.7294117647058823
v 2.4931291832807495e+30 -3.402825438959811e-14 -1.999045693008382e-31 0.24313725490196078 0.7490196078431373 0.5764705882352941
v -0.37108802795410156 -0.8762083053588867 -0.30749407410621643 0.08235294117647059 0.054901960784313725 0.050980392156862744
v -9.287736217511376e+37 1.2661945992539405e-25 295961216.0 0.25098039215686274 0.36470588235294116 0.00784313725490196
v 2.1525885710792735e+34 2.3797850208001648e+29 -5.628858537349277e-37 0.30980392156862746 0.41568627450980394 0.25098039215686274
v -1365416.0 -2.646142201483652e-24 4.802747582826503e+29 0.7490196078431373 0.4235294117647059 1.0
v -1.7430588916678147e-10 1.2654989945267063e-21 -2.925665652124866e+28 0.8431372549019608 0.17254901960784313 0.24705882352941178
v -8.853538189309163e-15 1.4884353248439702e+29 nan 0.25098039215686274 0.9411764705882353 0.3137254901960784
v -1683466655629312.0 -1.1675504628339415e+20 1.5121350081370027e-13 0.3058823529411765 0.7490196078431373 0.6627450980392157
v 3.3435893058776855 -0.7933415174484253 1.667593240737915 0.6901960784313725 0.058823529411764705 0.8588235294117647
v -2.725919722688678e+36 -89790709760.0 -3.0660771569769076e-16 0.9529411764705882 0.23921568627450981 0.6509803921568628
v -0.7389025092124939 0.00573683762922883 -0.6737878918647766 0.8666666666666667 0.6823529411764706 0.5254901960784314
v -4.027972525168859e+24 -4.2048736759170424e-07 0.012410531751811504 0.25098039215686274 0.2823529411764706 0.06274509803921569
v -34359736320.0 9.264379546097539e-33 -1.2647554205483322e-21 0.5686274509803921 0.9411764705882353 0.24705882352941178
v 4.857121354173983e-23 -7.317416969210205e+24 -3337378299117568.0 0.7411764705882353 0.5529411764705883 0.4666666666666667
v -6.80851805056476e-13 -1.184593354074995e+29 -1.7899851706583403e-35 0.403921568627451 0.8470588235294118 0.24313725490196078
v -1.1707726928223792e-28 2.426006832707273e-29 nan 0.24313725490196078 0.7529411764705882 0.23921568627450981
v 1.932359160764787e-26 -1.6606829529374919e-19 -4.264744614373866e+29 0.7450980392156863 0.24705882352941178 0.4
v 3.351320743560791 -0.92093825340271 1.6198809146881104 0.3607843137254902 0.8196078431372549 0.21568627450980393
v 65600000.0 -1.0254000425338745 -7.849103414225875e-28 0.7803921568627451 0.7411764705882353 0.592156862745098
v -0.9367231726646423 -0.25674667954444885 0.23797208070755005 0.8509803921568627 0.6745098039215687 0.5137254901960784
v 1.884370503646613e-23 -1.2617507732115075e-24 3604906752.0 0.25098039215686274 0.08627450980392157 0.7450980392156863
v -6.168637081871756e+30 2.4963528338348527e+35 2.1747100648061846e-11 0.5019607843137255 0.8666666666666667 0.24705882352941178
v 7.190720998213305e+28 -5.345395403408062e-32 5.743373332478541e-09 0.7490196078431373 0.6196078431372549 0.23921568627450981
v -9.676411300985901e-27 1.756285480656523e-38 6.454816539105351e-19 0.41568627450980394 0.11764705882352941 0.7490196078431373
v -2.164390055242556e+26 115913097478144.0 1.2368312242093513e-25 0.30980392156862746 0.12156862745098039 0.49411764705882355
v 4.947566781312469e-24 -0.695557713508606 -1.471681622422306e-38 0.8431372549019608 0.24705882352941178 0.4235294117647059
v 4.014636039733887 1.6965360641479492 1.330643653869629 0.5137254901960784 0.6392156862745098 0.4470588235294118
v -1.3564757415244595e+19 2.0395521382887694e-10 4.74786298514073e-29 0.06274509803921569 0.7450980392156863 0.08235294117647059
v -0.9685725569725037 0.030282998457551003 -0.24688071012496948 0.6823529411764706 0.5294117647058824 0.42745098039215684
v -1.447824889026648e-20 232189.875 5.554104328155518 0.25098039215686274 0.6039215686274509 0.596078431372549
v -7.057395015228907e-36 1.0686193920581618e-14 4.574440390570089e-05 0.796078431372549 0.6509803921568628 0.24705882352941178
v -2.589843006717274e-08 -0.22703836858272552 12174294016.0 0.24313725490196078 0.8352941176470589 0.8901960784313725
v 2.7910918021234465e-09 1639543078912.0 -1.3827226030826978e-09 0.03137254901960784 0.39215686274509803 0.7490196078431373
v 9.374152753145404e-36 6.519550238655932e+19 -2.9877473231331317e-25 0.43137254901960786 0.26666666666666666 0.39215686274509803
v -1.8490648800344506e+27 1.1360656052548837e-20 1.009036851834179e-19 0.0 0.24705882352941178 0.29411764705882354
v 4.154593467712402 0.5138888359069824 1.2671010494232178 0.6627450980392157 0.788235294117647 0.027450980392156862
v -2.4107332136294395e+24 -1.8074273716492574e-34 6.398964056547781e+33 0.8666666666666667 0.7333333333333333 0.8156862745098039
v -0.9853633046150208 -0.07177495211362839 -0.15462084114551544 0.3686274509803922 0.2823529411764706 0.2235294117647059
v -8.019892258973038e-13 -4.327157437876032e-33 -2.1733958414176015e-38 0.25098039215686274 0.9568627450980393 0.9019607843137255
v 2.832703935622847e-32 -1.6299646961615402e-19 -1.015286815285128e-20 0.9254901960784314 0.7019607843137254 0.24705882352941178
v -1.718137809803011e-08 654179.9375 2.888149416076669e-17 0.7490196078431373 0.19607843137254902 0.47843137254901963
v -210808789270528.0 -1.4339891171935847e-34 3.428871266562474e+18 0.8 0.42745098039215684 0.7490196078431373
v -3406.608642578125 1.4504271823173167e+37 -7.958428104229709e-20 0.16470588235294117 0.7098039215686275 0.3607843137254902
v -7.393916636066489e+27 -2.3815934108308776e+25 17213562880.0 0.592156862745098 0.23529411764705882 0.8235294117647058
v 4.501282215118408 0.2833095192909241 1.0864068269729614 0.6627450980392157 0.3843137254901961 0.14901960784313725
v 1.538962326584259e+31 5.8885275543782055e-18 3.2687710564163146e-29 0.7372549019607844 0.7450980392156863 0.01568627450980392
v -0.8847988843917847 0.10771773755550385 -0.4533517360687256 0.043137254901960784 0.0392156862745098 0.03137254901960784
v -0.37839481234550476 4.768093781686152e+21 nan 0.25098039215686274 0.08235294117647059 0.33725490196078434
v -6.783703861026326e+20 -5.895929657483524e-39 -4.157958014001517e-17 0.25098039215686274 0.29411764705882354 0.25098039215686274
v -3226879393792.0 -282497.96875 3.379504384684114e-27 0.7490196078431373 0.2784313725490196 0.6627450980392157
v 1.7860301682048885e-07 -1.5844771768095313e+37 -6.615386610362393e-16 0.39215686274509803 0.3686274509803922 0.7490196078431373
v -6.515516208158156e-13 1.333810046409342e+25 -1.5594308661170386e-35 0.9254901960784314 0.5607843137254902 0.3215686274509804
v -410762903552.0 8.820876727375002e+37 1.231682205116158e-07 0.11372549019607843 0.24705882352941178 0.33725490196078434
v 3.7853424549102783 -1.9987534284591675 1.416844367980957 0.2 0.984313725490196 0.13333333333333333
v 3.0991406993544107e+35 -4.801917363000076e+20 842.9915161132812 0.5333333333333333 0.7411764705882353 0.5607843137254902
v -0.6621687412261963 0.605987548828125 -0.440807968378067 0.6901960784313725 0.4980392156862745 0.3764705882352941
v -2.4988041775246006e-32 -1.05121920057627e-07 -4.261583510055165e-36 0.25098039215686274 0.1411764705882353 0.38823529411764707
v -2.3064490595192666e-10 -1.3527218542084096e+16 -4.1565121022907745e-17 0.996078431372549 0.2980392156862745 0.25098039215686274
v -103070.5 -1.0829941857082304e-05 2.1637976196098846e+27 0.7490196078431373 0.8705882352941177 0.3333333333333333
v -5.846598346345433e-39 95.73873138427734 -1.1480870741537295e+26 0.9725490196078431 0.2 0.7450980392156863
v 5.5168809562265354e+19 2.2818097411558824e-10 1.0359656708869291e-11 0.1803921568627451 0.9607843137254902 0.4980392156862745
v -4.4089293892347966e+20 1.7965601228908668e-10 8.999409947678856e-27 0.7607843137254902 0.24705882352941178 0.32941176470588235
v 4.014030933380127 -1.8301105499267578 1.4666318893432617 0.47058823529411764 0.7294117647058823 0.7254901960784313
v -5.575129716648628e+35 -7.951952932119897e-15 1.6527700464683932e+25 0.23529411764705882 0.24313725490196078 0.35294117647058826
v -0.8637703657150269 -0.09921377897262573 0.49402162432670593 0.7529411764705882 0.592156862745098 0.4549019607843137
v 3.732303799353076e-09 -7.365758794614087e-29 -7.834529339921425e-34 0.25098039215686274 0.788235294117647 0.3764705882352941
v -1.1882500881779304e-25 -1.0687710109557203e-14 -3138325.5 0.4666666666666667 0.5882352941176471 0.24705882352941178
v -6.846476510724564e-14 -138457104384.0 3.1369415864901384e-06 0.7450980392156863 0.3843137254901961 0.4470588235294118
v 9.053765033736122e+23 49893784.0 2.9695913791656494 0.9137254901960784 0.4666666666666667 0.7490196078431373
v 1.2512511679436177e-19 nan 1.5755179339170706e-36 0.39215686274509803 0.3254901960784314 0.5568627450980392
v 4.7147596348204435e-30 0.7579505443572998 -1.1124099578158487e-16 0.047058823529411764 0.24313725490196078 0.796078431372549
v 3.6981191635131836 1.554152488708496 1.4029548168182373 0.7843137254901961 0.7372549019607844 0.9254901960784314
v -9.018432140408259e+17 2.392842743587139e-19 -1.0646242337778303e+19 0.1803921568627451 0.24313725490196078 0.4627450980392157
v 0.35418200492858887 0.19721071422100067 -0.9141460657119751 0.36470588235294116 0.27450980392156865 0.21176470588235294
v 1.3526491555083797e-33 6.704298317432511e-33 -3.646629859866668e-31 0.25098039215686274 0.4392156862745098 0.30980392156862746
v -604.34521484375 1.6309748904846206e-19 4.6754627646329064e-30 0.23921568627450981 0.8431372549019608 0.24705882352941178
v -410480761896960.0 -0.03016817383468151 -2.462144397449259e+23 0.23921568627450981 0.6941176470588235 0.7215686274509804
v 5.634476286840817e-37 -5.982413630480532e-28 5.765590273324762e+25 0.6509803921568628 0.4196078431372549 0.7490196078431373
v 7.8603302608028485e+31 -1.576325985838187e-33 2.765788170724311e+17 0.00392156862745098 0.49411764705882355 0.4235294117647059
v -4.833260247581753e-27 -0.0027367137372493744 -3.044702077265038e-12 0.7568627450980392 0.7490196078431373 0.7215686274509804
v 4.26820182800293 -0.25129151344299316 1.8851122856140137 0.21176470588235294 0.19607843137254902 0.6392156862745098
v 6823885.0 8.370096282739325e-12 -2.1160737963460212e-32 0.8784313725490196 0.23921568627450981 0.4235294117647059
v -0.47087281942367554 0.01875096932053566 -0.8820018172264099 0.03529411764705882 0.0196078431372549 0.01568627450980392
v 3.5624262227270527e+25 253132423168.0 2.4665488953668293e+21 0.25098039215686274 0.5411764705882353 0.3843137254901961
v 1.1263424058876302e-38 4.589437594404444e-05 -3.388522101799296e-13 0.7137254901960784 0.9294117647058824 0.24705882352941178
v 7.488671226234473e-18 -7.964853561543935e-16 7.87224303418753e+25 0.7450980392156863 0.23921568627450981 0.9647058823529412
v 6.3378544202586385e-22 3.472667986503808e-10 0.0007220267434604466 0.5019607843137255 0.38823529411764707 0.7490196078431373
v 6.55158676528622e-17 10.462218284606934 2.5585917372734045e-35 0.5803921568627451 0.44313725490196076 0.3686274509803922
v -6736756598636544.0 -57820860.0 9.930658560351242e-33 0.7490196078431373 0.7490196078431373 0.4235294117647059
v 4.402698516845703 -0.14288711547851562 1.784793496131897 0.4627450980392157 0.06666666666666667 0.0392156862745098
v -1772089728.0 4.477775291888975e-06 2.115496998555581e-22 0.34901960784313724 0.7450980392156863 0.20784313725490197
v -0.9771210551261902 0.16399607062339783 0.13542436063289642 0.5803921568627451 0.48627450980392156 0.39215686274509803
v -3.947018838921589e+26 3.282824777782429e-23 -4.862796050741178e-34 0.25098039215686274 0.5568627450980392 0.7529411764705882
v 1.6940657935344048e-21 -1.3860269856907067e+19 -0.09365152567625046 0.8823529411764706 0.6941176470588235 0.24705882352941178
v -8.76296904694869e+20 1.0492785271020451e-26 3.34523894540941e+31 0.7490196078431373 0.3803921568627451 0.7372549019607844
v -2.209806034144204e+20 2.9604872019779263e+28 4.328538222297951e-11 0.6823529411764706 0.03137254901960784 0.7490196078431373
v 3.1324328796242524e-38 1.8192559008420278e+26 1.1220747208305477e+38 0.8235294117647058 0.47843137254901963 0.22745098039215686
v -4.1161873783010595e-17 -1.0296639275572246e+23 -1506.0189208984375 0.5568627450980392 0.24705882352941178 0.396078431372549
v 4.859818935394287 1.1283060312271118 1.294940710067749 0.08235294117647059 0.41568627450980394 0.8705882352941177
v 4.903194538685145e-25 19999.966796875 -9.878373759571813e-20 0.01568627450980392 0.7450980392156863 0.27450980392156865
v 0.02404121868312359 0.9669023752212524 -0.2540115714073181 0.7176470588235294 0.5647058823529412 0.43529411764705883
v -293062208.0 -2.993673690757783e-28 -1.0254060210286923e-35 0.25098039215686274 0.47058823529411764 0.21568627450980393
v 6.810003949642152e-11 -1.4141635052660904e-37 -6.951642039787487e-10 0.1411764705882353 0.6705882352941176 0.24705882352941178
v -0.6357765197753906 -499.5370788574219 1.3513403994636885e-17 0.24313725490196078 0.3607843137254902 0.35294117647058826
v -2.5986420746654587e-18 6.573392834419893e-16 9.428601361833808e+29 0.8235294117647058 0.47058823529411764 0.7490196078431373
v -1846724133912576.0 5.723953533376402e-10 -7.629033755049562e-26 0.9176470588235294 0.29411764705882354 0.592156862745098
v 0.09345938265323639 4.168470972938941e-19 5.1568264720741934e+33 0.24313725490196078 0.7490196078431373 0.9725490196078431
v 4.472278594970703 -0.7655330896377563 2.357997417449951 0.8941176470588236 0.5764705882352941 0.13725490196078433
v -1.7846486143275123e-14 -3.5744825894329226e-25 -3.1784937915290116e-34 0.7254901960784313 0.7411764705882353 0.3137254901960784
v 0.18580512702465057 0.9270990490913391 -0.3255208432674408 0.5843137254901961 0.42745098039215684 0.3137254901960784
v 347.47900390625 -6.757599294360261e-06 -2.038292136283296e-24 0.25098039215686274 0.06274509803921569 0.13333333333333333
v -4.3283479247453074e-20 0.011749209836125374 -1.24621462857837e+35 0.1450980392156863 0.7450980392156863 0.24705882352941178
v -2.724278186936116e-16 -42269436.0 7.693827809089293e+31 0.23529411764705882 0.34509803921568627 0.3137254901960784
v -1.4773952719001897e-31 nan -1.7116237697321533e+18 0.03529411764705882 0.08235294117647059 0.7490196078431373
v 8613.060546875 1.78964228754481e-22 1.6907313648992764e+36 0.3411764705882353 0.23921568627450981 0.5254901960784314
v -6.887929624865538e+18 -1.1258122255622394e-13 2.391900817312439e+24 0.8666666666666667 0.24705882352941178 0.7333333333333333
v 4.1341471672058105 1.4861385822296143 1.2411160469055176 0.9215686274509803 0.0 0.050980392156862744
v -4.374786013503782e+25 8.839842618447786e+35 14106403.0 0.6823529411764706 0.7411764705882353 0.24705882352941178
v 0.1947399377822876 0.20084142684936523 -0.96007239818573 0.596078431372549 0.4745098039215686 0.38823529411764707
v -120806088638464.0 nan 51873537064960.0 0.25098039215686274 0.25098039215686274 0.8392156862745098
v -1.7172918919094797e+26 197169.59375 -1.4127721099367115e+22 0.16862745098039217 0.5490196078431373 0.24705882352941178
v -3.814426466669472e-24 -2984911.75 1.3607791853992964e+37 0.7490196078431373 0.5176470588235295 0.054901960784313725
v -2.729623168121198e-12 49925068.0 -0.046169355511665344 0.4980392156862745 0.47058823529411764 0.7490196078431373
v 6.13603594313859e+25 255792096.0 2.511386307364843e-18 0.17254901960784313 0.5215686274509804 0.4823529411764706
v -24484.009765625 5.820448435442975e-38 -3.353082900722483e+16 0.25882352941176473 0.24705882352941178 0.5803921568627451
v 4.006899833679199 0.5329298973083496 1.3333723545074463 0.6196078431372549 0.3176470588235294 0.6
v -2.3886088830569557e-34 -2.9424101937330556e-37 144951952.0 0.996078431372549 0.24313725490196078 0.6823529411764706
v -0.13535895943641663 0.13934223353862762 -0.9809494018554688 0.4470588235294118 0.34901960784313724 0.2627450980392157
v -131125559296.0 955243648.0 -3.046684551365177e-29 0.25098039215686274 0.807843137254902 0.0
v -1.9329839828632327e+29 -2.868617684725905e-06 -95.85917663574219 0.06666666666666667 0.7450980392156863 0.24705882352941178
v 2.1162197035079966e+24 -2.5735994868515224e+31 8.314854312830117e+36 0.23921568627450981 0.33725490196078434 0.9294117647058824
v 3.708348665989926e+27 1.077746795104174e+17 -1.2287331325900039e+35 0.4549019607843137 0.6392156862745098 0.7450980392156863
v 8.09553408519709e-33 86.00438690185547 15469050880.0 0.49411764705882355 0.11372549019607843 0.5450980392156862
v 420453508186112.0 8.391957776523522e-27 7.796908733411142e-38 0.06274509803921569 0.7529411764705882 0.5607843137254902
v 4.55143928527832 -1.2931993007659912 2.287395477294922 0.13333333333333333 0.23921568627450981 0.8627450980392157
v 2.2819981483245788e+36 -1.730308396563629e-10 -6.853124352738133e+31 0.11372549019607843 0.24705882352941178 0.34509803921568627
v -0.5923506021499634 -0.5634702444076538 -0.5758662819862366 1.0 1.0 1.0
v -8591.7958984375 3.767526448770773e-17 -1.0810427919865413e-32 0.25098039215686274 0.17254901960784313 0.9921568627450981
v 3.386255262783183e+24 6.995412582533334e-10 -6740507178827776.0 0.996078431372549 0.803921568627451 0.24705882352941178
v -7.61689344852889e-37 8864200704.0 1.145915577787112e+37 0.7490196078431373 0.08235294117647059 0.9333333333333333
v -6.971043742254324e-10 5.056555488433442e-21 -3.162997500476954e-22 0.6274509803921569 0.9803921568627451 0.7450980392156863
v 3.5644650952326596e+26 1.818767454117386e+25 1.6911775779105567e+36 0.011764705882352941 0.48627450980392156 0.5529411764705883
v -9.119424794334918e-05 -5.089894373013103e-39 -7018052583424.0 0.3803921568627451 0.7490196078431373 0.011764705882352941
v 4.134018421173096 -0.8330466747283936 1.939560890197754 0.1450980392156863 0.9176470588235294 0.34901960784313724
v 3.1063032536443544e+28 3.1338930739366333e-07 -1.8583257981054982e+33 0.4196078431372549 0.7490196078431373 0.2549019607843137
v -0.39700472354888916 -0.6048266887664795 -0.6903419494628906 0.8980392156862745 0.7215686274509804 0.5607843137254902
v 8.503558483452962e-28 3.2207909650063833e-23 -3.4993690526406417e-22 0.25098039215686274 0.6784313725490196 0.5333333333333333
v -8.643595160825292e-27 -0.011755725368857384 -47.90449142456055 0.9921568627450981 0.803921568627451 0.24705882352941178
v -2.856562114901506e+31 -7.446324788717336e+30 2.972130533064817e+22 0.24705882352941178 1.0 0.7254901960784313
v -3.7811869866855207e-29 1.0311531772870699e-17 -2.5785858399431917e-18 0.06666666666666667 0.4666666666666667 0.7490196078431373
v 4.5754983419782103e+18 -6407094236348416.0 1.5755638516651496e-36 0.8784313725490196 0.39215686274509803 0.5294117647058824
v -7.70086940123125e-26 1.7550290525008464e-30 4.4417757068314545e+30 0.5019607843137255 0.24705882352941178 0.7450980392156863
v 4.391929626464844 -2.335603952407837 2.074533700942993 0.592156862745098 0.6784313725490196 0.13725490196078433
v -5.798394828161024e+17 3.1827021178182804e-24 2.3349791359818428e+33 0.6431372549019608 0.7411764705882353 0.17254901960784313
v 0.9104920625686646 -0.16870459914207458 -0.3775486946105957 0.17254901960784313 0.13725490196078433 0.09803921568627451
v -6.154965859900274e-13 12.921658515930176 -1.4955175131186862e-37 0.25098039215686274 0.788235294117647 0.21568627450980393
v 2.475879930996808e+27 6.074308414811997e-28 -2.8144467568794734e-37 0.7490196078431373 0.807843137254902 0.24705882352941178
v -3.824988087914674e-33 -1.6638248381768008e+18 1.934741303104206e-32 0.24705882352941178 0.16470588235294117 0.2901960784313726
v -2.787669428627737e-09 -1.551396113164745e+34 406267002880.0 0.1568627450980392 0.18823529411764706 0.7490196078431373
v 3.2161362433630585e-15 4.367428226087368e+21 2.618779975857577e-12 0.8862745098039215 0.7803921568627451 0.5411764705882353
v -100378672.0 -1.5481218607960383e+35 -9.706253200288193e-27 0.2784313725490196 0.7411764705882353 0.807843137254902
v 4.6320366859436035 -0.007218360900878906 1.7882461547851562 0.7568627450980392 0.9764705882352941 0.8627450980392157
v -6.398112697805282e+20 1.9439459885680856e+28 -1.1531263090568999e-35 0.4196078431372549 0.7490196078431373 0.23529411764705882
v -0.720144510269165 0.3935602009296417 -0.5714038014411926 0.10588235294117647 0.09019607843137255 0.09411764705882353
v 4.7449310613956186e-07 0.0030020789708942175 -5.88751969174317e-29 0.25098039215686274 0.5333333333333333 0.8196078431372549
v -7.476321222837592e+28 -3.798002461585898e-29 52372357251072.0 0.7843137254901961 0.592156862745098 0.24705882352941178
v 1.2296340471183356e-29 -5.450046622463808e-16 1.3889437903889955e+25 0.24705882352941178 0.9725490196078431 0.27058823529411763
v 2.5539387066412543e+38 51160104960.0 -1.2278333041610775e-24 0.6627450980392157 0.4470588235294118 0.24705882352941178
v -8.666578249037382e+18 2.3417730398015358e+37 1.5374747812008002e-16 0.20392156862745098 0.7529411764705882 0.403921568627451
v 0.18683220446109772 3.9438581495898713e+30 -7121974272.0 0.8352941176470589 0.7490196078431373 0.20392156862745098
v 3.258120536804199 -1.6425609588623047 2.2949881553649902 0.01568627450980392 0.0392156862745098 0.23137254901960785
v -1.8648577428857444e-27 46.812530517578125 8.320264934197821e+17 0.6549019607843137 0.23529411764705882 0.5490196078431373
v -0.9967900514602661 -0.05105188116431236 0.06167066469788551 0.8862745098039215 0.7176470588235294 0.6313725490196078
v -9.333911201927193e-19 14892917.0 68205380894720.0 0.25098039215686274 0.4235294117647059 0.3568627450980392
v -375356325888.0 3.6214019254083583e-35 1.39711786584229e-09 0.49411764705882355 0.11372549019607843 0.25098039215686274
v -7.335508109057338e+20 1.3260045355892915e-16 3.4295554376728576e+16 0.7450980392156863 0.12549019607843137 0.5372549019607843
v 1.4176457928634612e+22 4.50833813475443e+23 2.571955780538426e-18 0.8980392156862745 0.3764705882352941 0.24705882352941178
v -529602528.0 3.5106662021888724e-10 998634356736.0 0.09411764705882353 0.6823529411764706 0.3215686274509804
v -48942.69140625 -2.6148621977547734e-14 3.291835323749291e-14 0.803921568627451 0.7490196078431373 0.49411764705882355
v 3.026890277862549 -1.6138845682144165 1.966275691986084 0.6627450980392157 0.03529411764705882 0.4470588235294118
v -1.3528815479644226e+19 1.2342732296593215e-35 7.419312049697587e+17 0.6039215686274509 0.7450980392156863 0.8588235294117647
v -0.9852591753005981 -0.17106178402900696 -0.0014845894183963537 0.5529411764705883 0.396078431372549 0.30196078431372547
v 1.329294427575286e+24 1.2621596989832514e-25 -8.239087342790066e-38 0.25098039215686274 0.6980392156862745 0.396078431372549
v -1.0847569118756864e+16 -6.097664190209312e+31 4.9807913365908104e+35 0.6 0.13725490196078433 0.25098039215686274
v -144650010624.0 1.3922418051805833e-21 3.6235852364784045e-24 0.7490196078431373 0.17254901960784313 0.5882352941176471
v 52794308427776.0 1.4940263032913208 2.404432562631536e+32 0.12549019607843137 0.17254901960784313 0.24705882352941178
v 3.584136066278648e-29 0.0001923208765219897 -2.2150288952341697e-37 0.2549019607843137 0.2 0.26666666666666666
v -1.1740654046854151e+29 -1.0288850402916859e-29 -3.52070957028417e-23 0.8588235294117647 0.7490196078431373 0.8196078431372549
v 3.025603771209717 -1.5774853229522705 2.017475128173828 0.5294117647058824 0.1568627450980392 0.4666666666666667
v 3.5194175014446137e-19 -1.5880490887164494e+28 -2.929041142083643e+19 0.5254901960784314 0.7450980392156863 0.25882352941176473
v -0.209988072514534 -0.005024765618145466 0.9776910543441772 0.2901960784313726 0.21176470588235294 0.1568627450980392
v -7.638805143983518e-09 4.439408562983971e-11 6595436605341696.0 0.25098039215686274 0.4980392156862745 0.7568627450980392
v -1.8778278316349373e-37 6.671865708494126e-16 1571192.375 0.45098039215686275 0.058823529411764705 0.25098039215686274
v -3710160.0 -2.269601381118502e+37 1.2357193634473302e+31 0.7490196078431373 0.6745098039215687 0.4470588235294118
v -5.646203697636813e-37 -6397081600.0 1.4701168402439354e+28 0.0 0.4392156862745098 0.24705882352941178
v -2.0595632883401824e+38 -3.0143746450615265e-26 -3.6007280490579774e-10 0.6705882352941176 0.7725490196078432 0.2784313725490196
v 12849036288.0 -1.0400096866932127e+23 8.325994753121093e+33 0.8509803921568627 0.7490196078431373 0.3764705882352941
v 3.411550521850586 -1.6182589530944824 2.444019079208374 0.47843137254901963 0.8156862745098039 0.10196078431372549
v 1.0289237278909262e-25 6.213840318502448e-18 2.3557127640038518e-15 0.5882352941176471 0.23921568627450981 0.3333333333333333
v -0.9930470585823059 -0.04621840640902519 0.10826537758111954 0.5607843137254902 0.4 0.2980392156862745
v -3971298292137984.0 -125309.46875 5718630400.0 0.25098039215686274 0.47058823529411764 0.6941176470588235
v -3.865602045248247e-38 -1.6285876989355808e-19 -1.0589206107022159e-14 0.3764705882352941 0.4117647058823529 0.25098039215686274
v -2218512.0 1.4353959989598025e+21 126032384.0 0.7490196078431373 0.7137254901960784 0.9725490196078431
v 2.7989850437393216e-09 -421077452849152.0 -5.4061802777505275e-12 0.792156862745098 0.49411764705882355 0.23529411764705882
v 5552991.5 1.9592477698549254e-15 -2.9645603707534534e-28 0.5490196078431373 0.5529411764705883 0.23529411764705882
v 1.1967530303638012e-27 -824.1414184570312 2.6263435302098515e-06 0.7803921568627451 0.24313725490196078 0.3137254901960784
v 3.2151906490325928 0.37470531463623047 3.7062184810638428 0.8666666666666667 0.41568627450980394 0.3411764705882353
v -1.1016041551181743e-10 7086131.0 -5955471.5 0.6039215686274509 0.7450980392156863 0.18823529411764706
v -0.9695575833320618 -0.15321673452854156 0.1910046488046646 0.8352941176470589 0.6549019607843137 0.4980392156862745
v -4.957553752386916e-34 -0.000436292466474697 0.011046066880226135 0.25098039215686274 0.047058823529411764 0.8196078431372549
v 4.311381028374112e+31 -9.29618207358347e+26 3.853284460635736e-26 0.4470588235294118 0.21176470588235294 0.25098039215686274
v -22342554091520.0 5315859841024.0 5.0035943901848534e+35 0.7490196078431373 0.30980392156862746 0.592156862745098
v -1.4823415170295797e-31 -3.3104244570405e-16 1.792882006590274e-35 0.26666666666666666 0.34901960784313724 0.24705882352941178
v 4.041306476700803e+22 -1.4318465302619414e+36 5.278756024699368e+24 0.28627450980392155 0.5843137254901961 0.23137254901960785
v -1.7501261182689157e+21 3.1325072815655214e+26 7.09095454281179e+22 0.8470588235294118 0.24313725490196078 0.3843137254901961
v 2.950915813446045 0.415990948677063 3.0172483921051025 0.20392156862745098 0.35294117647058826 0.4823529411764706
v -118909.6640625 5.038201053500678e+34 1.0306445259953939e-21 0.5686274509803921 0.7450980392156863 0.3803921568627451
v -0.9499911665916443 -0.2875142991542816 -0.12187030911445618 0.058823529411764705 0.047058823529411764 0.03529411764705882
v 3.4492589514483248e-37 4.088100456758732e+32 30.620765686035156 0.25098039215686274 0.03137254901960784 0.1411764705882353
v 5.386007814406304e+36 -2.484455692627743e-24 -200137216.0 0.47058823529411764 0.34901960784313724 0.25098039215686274
v -1.5120552624652288e+16 1700.132568359375 1.8802427527885213e+35 0.7490196078431373 0.6 0.18823529411764706
v -8.873488085491804e+20 -8.89674822701636e-08 -3.4671135407116083e-10 0.06666666666666667 0.27450980392156865 0.24705882352941178
v 7.420309171396651e-25 1022.8553466796875 -2.948721522890813e-28 0.5215686274509804 0.807843137254902 0.23137254901960785
v -1.58323285583477e-22 -8138371931045888.0 -3715165847552.0 0.8117647058823529 0.24313725490196078 0.6823529411764706
v 2.911839485168457 0.43733739852905273 3.466526746749878 0.3568627450980392 0.050980392156862744 0.4549019607843137
v 3.0981547182059015e-15 3.8565498767201324e+20 1.9316918650466615e-31 0.047058823529411764 0.7450980392156863 0.796078431372549
v -0.9717938303947449 -0.22780433297157288 -0.06100788339972496 0.047058823529411764 0.03529411764705882 0.023529411764705882
v 1.106357438049296e-28 9.6813497299982e+31 2824670067818496.0 0.25098039215686274 0.11764705882352941 0.13333333333333333
v -1.3007272592346908e-08 1.708504892465948e-13 4.7317673922744235e+29 0.4980392156862745 0.9254901960784314 0.24705882352941178
v 475682.0 1.4472929731186852e-19 6.921927074152186e+18 0.7490196078431373 0.9450980392156862 0.03529411764705882
v -1.4862741810467497e+28 1.93930781217042e+33 -1.008632534998051e-20 0.3686274509803922 0.12941176470588237 0.7490196078431373
v 9.153647044719045e-15 -4.454732930025391e-36 1.9747637413023163e-30 0.48627450980392156 0.7843137254901961 0.5411764705882353
v -6.332866294982745e-22 -2.623976511975584e-28 5.877504470506944e-35 0.9058823529411765 0.24313725490196078 0.3176470588235294
v 2.944892644882202 0.47443509101867676 2.950197458267212 0.6078431372549019 0.403921568627451 0.47058823529411764
v -995080576.0 -3.1731140214939904e+31 2795.928466796875 0.8627450980392157 0.7450980392156863 0.596078431372549
v -0.9725796580314636 0.2065562754869461 0.10688009113073349 0.03137254901960784 0.0196078431372549 0.011764705882352941
v -2.2684357748166035e+29 7.661219896280161e-27 3414.880126953125 0.25098039215686274 0.28627450980392155 0.23529411764705882
v -3.0445611348309555e-24 3.898701820448265e+33 9.223399608975966e-33 0.09411764705882353 0.3803921568627451 0.25098039215686274
v -8.48973513711826e-09 -906219456.0 9560321249247232.0 0.7490196078431373 0.08627450980392157 0.5333333333333333
v -1.486133100348074e+28 23.92226219177246 -4.134509759741354e-17 0.7490196078431373 0.6823529411764706 0.7450980392156863
v -2.6151210052700267e-20 7.985425162013581e-34 1.6998929728012288e+16 0.11372549019607843 0.7803921568627451 0.24705882352941178
v 4.815371054700318e-27 -1.8421201416907201e+34 -3.654674002808215e-30 0.7019607843137254 0.24705882352941178 0.8235294117647058
v 3.1641902923583984 1.3855640888214111 1.7483391761779785 0.27058823529411763 0.34901960784313724 0.3803921568627451
v 4.508087890283901e-22 3.5416649117601395e-20 1.6249819378048277e-32 0.6274509803921569 0.24313725490196078 0.7333333333333333
v -0.9195048809051514 -0.15410327911376953 0.36161160469055176 0.6470588235294118 0.48627450980392156 0.3607843137254902
v 7.319363677170734e+24 3.240663470490302e+23 22345.642578125 0.25098039215686274 0.5098039215686274 0.49411764705882355
v 2.101824293276877e-06 2.215791599523956e+20 -52678960873472.0 0.44313725490196076 0.11372549019607843 0.25098039215686274
v -3.937066727299656e-26 1.396338472229924e-14 3.3807157946191334e-28 0.7490196078431373 0.9098039215686274 0.40784313725490196
v 6.204737132285424e-25 -2.8783685024224844e-34 1.734851151624639e-10 0.6823529411764706 0.9372549019607843 0.24313725490196078
v 4.928755547548317e-15 7.147234932589766e+34 -4.434139604861071e-30 0.10588235294117647 0.1411764705882353 0.23921568627450981
v -2.6820896089964544e+16 -4.714221195177964e+19 -2.7155927248346046e-31 0.24705882352941178 0.24705882352941178 0.27450980392156865
v 3.300668954849243 1.597957730293274 1.6886754035949707 0.5686274509803921 0.45098039215686275 0.2196078431372549
v -2.5566971113379325e+22 8.133349927333684e+29 -3.940373202798169e-31 0.47058823529411764 0.23921568627450981 0.4823529411764706
v -0.8711662292480469 0.4056144952774048 -0.2766699194908142 0.0392156862745098 0.027450980392156862 0.027450980392156862
v 9.497157234519093e-20 4.583366261709259e-31 0.4451679587364197 0.25098039215686274 0.3176470588235294 0.23921568627450981
v -3.7045574572402984e-06 -2.7970712412894727e-09 -5.656663896085531e+22 0.00392156862745098 0.34509803921568627 0.25098039215686274
v -7.357450152595257e-15 114160759209984.0 3.939804038566308e-11 0.7490196078431373 0.06666666666666667 0.9764705882352941
v -4.272598510342458e-14 2.2769125280319713e-05 -1682953004384256.0 0.8117647058823529 0.4823529411764706 0.24313725490196078
v 3074801408.0 1.2602816022628952e+20 5.716895683570372e+27 0.8549019607843137 0.1843137254901961 0.22745098039215686
v 5.9961426220890965e-28 1.4298249865330967e-20 5.383235987885261e+16 0.6392156862745098 0.24705882352941178 0.396078431372549
v 3.0443830490112305 1.3829692602157593 3.132150173187256 0.8549019607843137 0.7098039215686275 0.49411764705882355
v 437550055424.0 -1.1375383882936712e-27 -2.8241591453552246 0.23921568627450981 0.7490196078431373 0.3215686274509804
v -0.19945351779460907 0.7979347109794617 0.5687867999076843 0.38823529411764707 0.24313725490196078 0.17647058823529413
v -0.00043725527939386666 1.7888781304128168e-16 1.5404150868267342e+20 0.25098039215686274 0.8509803921568627 0.8549019607843137
v -10413493248.0 6.361755517291642e-22 -102828744704.0 0.4549019607843137 0.8549019607843137 0.24705882352941178
v -2.8041601409857984e-35 -174675229409280.0 1.9175966820524756e-37 0.7490196078431373 0.5843137254901961 0.7215686274509804
v 49234.85546875 -6.899327162399064e+18 6514982518784.0 0.9764705882352941 0.5372549019607843 0.23921568627450981
v -1.7326102856104673e+18 -5.630285610737035e-35 -7.750833262518104e-26 0.0 0.10588235294117647 0.41568627450980394
v 4.446575374572603e-08 -5.287450029678106e-14 -2.7551751970660452e+35 0.7176470588235294 0.24705882352941178 0.3803921568627451
v 2.8730204105377197 1.4765830039978027 2.799535036087036 0.8274509803921568 0.7372549019607844 0.403921568627451
v -8.312516901156768e+20 -1.0078797393775637e-15 -2.0415421707978406e-27 0.21568627450980393 0.24313725490196078 0.8235294117647058
v -0.8993389010429382 0.16760022938251495 0.4038558602333069 0.09019607843137255 0.06274509803921569 0.054901960784313725
v -0.45262110233306885 1.0958017113082905e-31 0.672196090221405 0.25098039215686274 0.8549019607843137 0.8509803921568627
v -2.662949630330204e-29 -9.037963808190597e-36 2.1590321278641766e+17 0.8862745098039215 0.15294117647058825 0.25098039215686274
v -951881728.0 4.962466363684194e-32 1.7018891885600571e+19 0.7490196078431373 0.12156862745098039 0.047058823529411764
v 12586377.0 -4.852001532788233e+32 -3.7594898812292294e-29 0.1411764705882353 0.7254901960784313 0.7450980392156863
v -334678850535424.0 1.9293619470812554e-32 6.695191909633484e-33 0.6470588235294118 0.9215686274509803 0.2901960784313726
v 6.139320348681905e-25 1.654802381367804e-21 2.867760542923925e-11 0.8 0.24705882352941178 0.6862745098039216
v 3.4631705284118652 -1.2738103866577148 2.460617780685425 0.08627450980392157 0.06274509803921569 0.4235294117647059
v 3051.906494140625 -18720.12109375 -1.633891086401938e-35 0.4117647058823529 0.7490196078431373 0.08235294117647059
v -0.33479583263397217 -0.9383921027183533 -0.0856269896030426 0.0392156862745098 0.027450980392156862 0.0196078431372549
v 318303314640896.0 -2.3553680083594295e-17 719183936.0 0.25098039215686274 0.3137254901960784 0.00392156862745098
v 306663.4375 2.380999802354218e+29 102134849536.0 0.9921568627450981 0.25882352941176473 0.25098039215686274
v 0.0008497275412082672 0.0003883297904394567 -2.062024344037265e+32 0.7450980392156863 0.5529411764705883 0.6823529411764706
v 806795392.0 -7.767598996510695e+33 -0.09281821548938751 0.8352941176470589 0.6039215686274509 0.7411764705882353
v -5.435388915834919e-17 -1343528704.0 -9.803150435278034e-37 0.6313725490196078 0.07450980392156863 0.4117647058823529
v -1.7207308871060685e+18 -9.16340819038972e+31 -8.220380289655185e+20 0.17647058823529413 0.24705882352941178 0.26666666666666666
v 3.3167388439178467 -1.4050618410110474 1.5161192417144775 0.10196078431372549 0.07058823529411765 0.19607843137254902
v -0.005180315114557743 -1.204515658224675e+30 8.432223673369108e+37 0.0784313725490196 0.23921568627450981 0.27058823529411763
v -0.8448543548583984 -0.4096112847328186 0.3441506028175354 0.7764705882352941 0.5882352941176471 0.5019607843137255
v 7.327489880130411e-32 -9.109194598196864e-23 2.6320337837962035e+17 0.25098039215686274 0.0784313725490196 0.30980392156862746
v 8589934080.0 -4.587074727169238e-05 1.3905951945503148e-09 0.5803921568627451 0.9686274509803922 0.24705882352941178
v 4.0685185642411595e-25 -1.7399149026933176e+30 -1.937890989795458e+33 0.7450980392156863 0.01568627450980392 0.7843137254901961
v -0.7502011656761169 -2.9589458215579176e+28 -1.2619408658126995e-21 0.26666666666666666 0.10196078431372549 0.7490196078431373
v -1.20194401306839e-11 -137046992.0 9.625577445463284e-38 0.9490196078431372 0.15294117647058825 0.32941176470588235
v -52399255322624.0 7.0289681144333705e+25 1.8317713692585573e+22 0.9607843137254902 0.7490196078431373 0.3215686274509804
v 3.0684380531311035 -1.7572219371795654 1.7241332530975342 0.0 0.611764705882353 0.43529411764705883
v 2.2283256112755122e+23 1.7474172769698433e-22 8.448548477798847e+37 0.49019607843137253 0.24705882352941178 0.5490196078431373
v -0.9649127125740051 -0.06128362566232681 -0.25531885027885437 0.15294117647058825 0.08627450980392157 0.03529411764705882
v -3.585986811604357e-31 -0.4565381109714508 -6.467525578898737e-36 0.25098039215686274 0.19607843137254902 0.6235294117647059
v 8.28592490457575e+19 -2.3837178076070986e+29 -12230.8154296875 0.7333333333333333 0.5294117647058824 0.24705882352941178
v -2.582048911189973e+31 -1.915543140773579e-10 -2.1661052574353805e-30 0.7450980392156863 0.30980392156862746 0.42745098039215684
v -2.8587289762072032e-06 2.9545974665004912e+28 -194684.4375 0.6823529411764706 0.3686274509803922 0.7490196078431373
v -1.664952760481703e+26 2.691695200063293e-10 2.2676206829977575e+34 0.7019607843137254 0.3058823529411765 0.3176470588235294
v -7.558409137157086e+30 -5.455909342107287e+20 1.6251477217907137e+33 0.6 0.7411764705882353 0.39215686274509803
v 3.281120777130127 -0.13581323623657227 3.41256046295166 0.09019607843137255 0.7686274509803922 0.28627450980392155
v -2.424974127279711e-06 -4.356649203463986e+34 -2.9941264992436224e+16 0.2235294117647059 0.7490196078431373 0.2196078431372549
v -0.786618709564209 0.047396112233400345 -0.6156172752380371 0.08627450980392157 0.07058823529411765 0.07058823529411765
v 6.7711568508495125e-31 4.3987078541385854e-31 0.00020020100055262446 0.25098039215686274 0.7764705882352941 0.4470588235294118
v 2.854375264794984e-13 -4.37421349142042e-11 7.741540727573633e-26 0.984313725490196 0.15294117647058825 0.25098039215686274
v -6.638580061796903e-25 -3.8857877254486084 3.647369392770818e-23 0.7490196078431373 0.25098039215686274 0.7294117647058823
v 51489054720.0 -2.1729060720723205e+20 4.3507315805602076e-11 0.9490196078431372 0.027450980392156862 0.7490196078431373
v 0.00279043591581285 -114329336676352.0 -2.9489680419236943e-28 0.43137254901960786 0.39215686274509803 0.5372549019607843
v -2.535736460966553e+38 5.506356690278462e+30 -0.1252451390028 0.07058823529411765 0.23529411764705882 0.788235294117647
v 4.518074035644531 0.17568230628967285 1.100320816040039 0.6862745098039216 0.15294117647058825 0.41568627450980394
v 2.556212958860528e-14 1.2001724140484555e-35 -5.989036097717495e-36 0.19607843137254902 0.7490196078431373 0.9568627450980393
v -0.7862067818641663 -0.26015013456344604 -0.56053626537323 0.054901960784313725 0.0392156862745098 0.027450980392156862
v -0.18627721071243286 -1.643282126841869e-35 32234496000.0 0.25098039215686274 0.49411764705882355 0.06666666666666667
v 4.427976840770955e-25 -2.4257832984445713e-27 2.1591889800698266e+17 0.47843137254901963 0.25882352941176473 0.25098039215686274
v 1.0079347078735083e+24 -339433440.0 182360981504.0 0.7490196078431373 0.40784313725490196 0.23529411764705882
v 1.7441822985908573e-10 -6.85333404125338e+18 3278659649536.0 0.5450980392156862 0.38823529411764707 0.7490196078431373
v -6.231806267816793e-18 1.3265739895462758e-10 -2.0257339045456753e-23 0.2549019607843137 0.7215686274509804 0.5098039215686274
v -7.393431412910374e+27 55998967808.0 6.417164555071732e-24 0.6313725490196078 0.24313725490196078 0.00784313725490196
v 3.5480403900146484 0.2898385524749756 1.8907816410064697 0.8 0.788235294117647 0.20784313725490197
v -0.312986820936203 1.4413541394379813e-22 1.1545051206920868e+27 0.9568627450980393 0.24313725490196078 0.796078431372549
v -0.891923189163208 0.3218381404876709 -0.3176369071006775 0.058823529411764705 0.054901960784313725 0.050980392156862744
v -4.601777875315287e-14 2.768467871327812e-32 1.0090346511191874e+34 0.25098039215686274 0.9882352941176471 0.9254901960784314
v -1.7841663149079098e-24 -4.4782783703567475e-08 -1.744501348932559e-10 0.8549019607843137 0.8156862745098039 0.24705882352941178
v -18.7354736328125 -4.80611070940995e-08 -2.0679723211625145e-10 0.7450980392156863 0.3607843137254902 0.9058823529411765
v -196795.671875 1.1573225288079526e+26 1.1720933165269404e-30 0.6823529411764706 0.3333333333333333 0.7450980392156863
v 5.830046653747559 2.2139558931630534e+36 nan 0.29411764705882354 0.9176470588235294 0.4627450980392157
v nan -4.5754260829673106e+30 -2.6812139175547145e-09 0.7450980392156863 0.7450980392156863 0.6823529411764706
v 3.641357421875 -0.3661212921142578 2.804340362548828 0.3568627450980392 0.9882352941176471 0.4235294117647059
v -6.119795118516501e-30 1012651484250112.0 1.6554027126858273e-07 0.7490196078431373 0.24313725490196078 0.4392156862745098
v -0.9090068340301514 -0.10026869177818298 -0.40454018115997314 1.0 1.0 1.0
v 3997516919996416.0 7.61075590950535e-27 -1.4956425331561415e-34 0.25098039215686274 0.2549019607843137 0.8313725490196079
v 8.10880464996444e-06 5.792939934962891e-34 -6.637397290892388e-16 0.7647058823529411 0.6549019607843137 0.24705882352941178
v 1358766080.0 -2.8278354657906846e-10 -1.3147256873699372e-33 0.7450980392156863 0.15294117647058825 0.9647058823529412
v 9.490072217446663e+29 -1.0755336843558912e+17 -1.4316724520086291e-34 1.0 0.3058823529411765 0.7490196078431373
v -2.0447915330222685e-15 6.468947885739213e+16 -6.312577729881222e-38 0.2627450980392157 0.4745098039215686 0.5098039215686274
v -2.530903568406195e+38 117037850624.0 -2.5965562144847354e-06 0.15294117647058825 0.7490196078431373 0.5137254901960784
v 3.5752339363098145 -0.6080718040466309 1.9564249515533447 0.4627450980392157 0.06274509803921569 0.34509803921568627
v -3.655868315732445e-16 1.8149572497350164e-05 3.614177403774121e+20 0.5843137254901961 0.24313725490196078 0.6392156862745098
v -0.27344098687171936 -0.3084118962287903 -0.9111049175262451 0.047058823529411764 0.0392156862745098 0.027450980392156862
v -2392137138176.0 -2.4982406768292442e-11 -3.390269588280018e-31 0.25098039215686274 0.596078431372549 0.0392156862745098
v -1.915929722994327e+28 206723530752.0 -4.459418434521467e-08 0.7450980392156863 0.6 0.24705882352941178
v 4.543507362555585e-38 -1.6540709330878464e+16 20814362624.0 0.7490196078431373 0.8470588235294118 0.3607843137254902
v -191.7784423828125 -391477.375 -1.2624883479026974e-21 0.5529411764705883 0.14901960784313725 0.7490196078431373
v 52.743892669677734 -2.6913092161743655e-17 1.2703120510189096e+21 0.9411764705882353 0.796078431372549 0.41568627450980394
v nan 0.0006065368070267141 -45149140811776.0 0.043137254901960784 0.7490196078431373 0.4
v 4.012032985687256 0.9894635677337646 1.3201191425323486 0.0392156862745098 0.0784313725490196 0.22745098039215686
v 2.0844548335514337e+22 -501740384.0 5.361493776270512e+26 0.14901960784313725 0.23921568627450981 0.17254901960784313
v -0.5923522710800171 -0.03227134048938751 -0.80503249168396 0.9450980392156862 0.7686274509803922 0.6784313725490196
v -2.4090991801242332e+38 -2.0549705096427953e-23 -4.6166310032896825e-33 0.25098039215686274 0.6980392156862745 0.22745098039215686
v 4.4892401695251465 50427400.0 8.923032623897598e-08 0.5725490196078431 0.7254901960784313 0.24705882352941178
v -2.9786974664602894e-08 -31.461301803588867 -9.782451758366673e-12 0.7450980392156863 0.6313725490196078 0.19607843137254902
v 2.318781371039553e+26 -2.948723787069098e+28 -1.4035014501037693e+22 0.6431372549019608 0.44313725490196076 0.7490196078431373
v -19654522.0 7.253864353179995e+37 -4.7089061788203225e-21 0.1411764705882353 0.19215686274509805 0.3686274509803922
v -2.5219294134529633e+38 -46454362079232.0 -564055571955712.0 0.3215686274509804 0.7450980392156863 0.9019607843137255
v 4.4851908683776855 -0.02389669418334961 1.4307364225387573 0.7372549019607844 0.44313725490196076 0.4392156862745098
v 5.54905320419802e-25 1.8224777171427395e-34 141463076864.0 0.28627450980392155 0.24313725490196078 0.9490196078431372
v -0.1928311139345169 -0.7000551223754883 -0.6875602006912231 0.8705882352941177 0.6784313725490196 0.5333333333333333
v -1.8666090121267416e+36 -1.8808012008666992 2.999958570958763e+26 0.25098039215686274 0.3764705882352941 0.09803921568627451
v 2097151.875 1.1198907579057504e-08 -3.9833226354646624e+36 0.6313725490196078 0.7215686274509804 0.24705882352941178
v -3.68400166979371e+17 -7.64541340257446e-15 1.704443889138929e-06 0.7490196078431373 0.023529411764705882 0.2901960784313726
v -1.381501285879618e+19 1.7866650304863034e-35 -0.00018191941489931196 0.8588235294117647 0.41568627450980394 0.7490196078431373
v 5437392626384896.0 2.433650972774642e+34 -1.7958318358999226e-26 0.5098039215686274 0.20784313725490197 0.40784313725490196
v -421039838330880.0 1.0398997574156965e-06 -3.086335943595956e-32 0.8313725490196079 0.7490196078431373 0.4549019607843137
v 3.096695899963379 -1.492398738861084 1.67573881149292 0.5686274509803921 0.6039215686274509 0.2235294117647059
v 3.2025955187780393e+37 5.567112960161537e-33 6.97265038492032e+22 0.45098039215686275 0.24313725490196078 0.7764705882352941
v -0.12246324121952057 -0.2206035554409027 -0.967644989490509 0.8862745098039215 0.7137254901960784 0.5529411764705883
v -3.3085250854492188 1.694173702611937e-33 -3.576707158882544e-37 0.25098039215686274 0.40784313725490196 0.9921568627450981
v -4489830465536.0 -5.902199066812913e-39 51023081472.0 0.6509803921568628 0.23921568627450981 0.25098039215686274
v -1707253760.0 -8.003430383707322e-12 7.171250929737821e+36 0.7490196078431373 0.4470588235294118 0.596078431372549
v -12.018202781677246 1.0733073451083366e+17 -9.65775285199624e+32 0.7294117647058823 0.4117647058823529 0.7490196078431373
v -568.3397827148438 1201447.5 3.006184816899153e+23 0.0 0.5294117647058824 0.4980392156862745
v -7.033026188305769e-38 2.9827518383396603e-27 -2.695774257711588e-15 0.6823529411764706 0.24705882352941178 0.15294117647058825
v 3.54016375541687 1.5269839763641357 1.4307548999786377 0.8470588235294118 0.8274509803921568 0.6901960784313725
v 1.1230889135820098e+27 -5.7567081768183925e-08 -3.54642907041125e-05 0.3764705882352941 0.23921568627450981 0.9764705882352941
v -0.7360468506813049 -0.6763951182365417 -0.026919545605778694 1.0 1.0 1.0
v 4.1115646354228375e-07 -6.131819878241185e-12 5.32823278831529e-08 0.25098039215686274 0.8941176470588236 0.3607843137254902
v -1.6186321369867853e-25 -1.4482691924630417e-34 1.5542936356206963e+34 0.5215686274509804 0.6823529411764706 0.24705882352941178
v -3.0838939367805015e-25 -6.0065559297217685e-12 879475.9375 0.7490196078431373 0.5137254901960784 0.37254901960784315
v 822750412800.0 -7.042790458826905e+21 6.545747796603881e-16 0.8627450980392157 0.39215686274509803 0.7490196078431373
v -0.0037959066685289145 1.8168019172426497e-11 -1.2037997218833466e-21 0.16470588235294117 0.16862745098039217 0.3254901960784314
v -25696114688.0 6.660918344669753e-11 2.2846728953140882e-08 0.054901960784313725 0.7490196078431373 0.9058823529411765
v 4.064877510070801 0.3424077033996582 1.409081220626831 0.9098039215686274 0.5058823529411764 0.7490196078431373
v -1.5073524348590419e+35 -6.150869373570786e+23 2.047377529379446e-05 0.8941176470588236 0.7450980392156863 0.7058823529411765
v 0.12456865608692169 -0.07214358448982239 -0.9895846843719482 0.8392156862745098 0.6705882352941176 0.4980392156862745
v 6.441317952682963e+22 1.6821480280610403e-33 4.0707915554064056e-14 0.25098039215686274 0.27450980392156865 0.9372549019607843
v 92153752.0 1.524290077481924e+31 6.910981435897676e+18 0.9450980392156862 0.6901960784313725 0.24705882352941178
v -1.6192837595745485e+17 -2.7201485863770358e-05 7.474523299858401e+27 0.24313725490196078 0.8117647058823529 0.8
v -1.5125592948505183e-28 -7.217594719498335e+24 0.023304108530282974 0.8862745098039215 0.2 0.7490196078431373
v -6.351740375715021e+16 1653862788235264.0 1.1022562332392206e-31 0.8941176470588236 0.6980392156862745 0.5490196078431373
v -7.549800058246623e-29 1.0544385431229937e+32 0.0084381690248847 0.7137254901960784 0.24705882352941178 0.6588235294117647
v 3.009178638458252 1.4419026374816895 3.1649930477142334 0.5725490196078431 0.21176470588235294 0.09019607843137255
v -39.562232971191406 -6.28894697045491e+37 5268693290319872.0 0.5882352941176471 0.7450980392156863 0.23529411764705882
v -0.9971259236335754 -0.04400807246565819 -0.06167043745517731 0.2 0.17647058823529413 0.13725490196078433
v 37680128.0 2.9317702683329117e-06 732655452684288.0 0.25098039215686274 0.41568627450980394 0.6941176470588235
v -5.295729775967373e+30 -6.069270663559966e-28 -2.689708451482829e+16 0.6039215686274509 0.9725490196078431 0.24705882352941178
v 2.835787160648806e-11 6.434595979784521e-20 11405889634304.0 0.7490196078431373 0.054901960784313725 0.3137254901960784
v 5.395143355216691e+16 24272.62109375 2.582243219021595e-18 0.8156862745098039 0.4588235294117647 0.7490196078431373
v -4.659529604558668e-24 45204361216.0 -6.275771784936652e-38 0.4470588235294118 0.17254901960784313 0.5019607843137255
v -6.893892826178781e+18 -7920.0849609375 1.7639345930089978e-12 0.6588235294117647 0.7450980392156863 0.7529411764705882
v 3.754695415496826 1.4254329204559326 1.348741054534912 0.054901960784313725 0.7215686274509804 0.592156862745098
v -8.067537748956966e-08 5.0515543722709384e+32 1.3167589078741559e+32 0.4235294117647059 0.7450980392156863 0.5372549019607843
v -0.5977656841278076 -0.18654882907867432 -0.7796638011932373 0.8509803921568627 0.6509803921568628 0.5098039215686274
v 1.2697682023941979e-14 -1.8574002981185913 1.2377106830852096e+16 0.25098039215686274 0.6705882352941176 0.5254901960784314
v -5.286506332172583e+18 2.3835017121168425e+29 3.3847149258706133e-13 0.4588235294117647 0.9254901960784314 0.24705882352941178
v -0.044821977615356445 -1.0031513662278912e-28 -1.9264018530569378e-38 0.7450980392156863 0.7137254901960784 0.4666666666666667
v 2.5467522432704885e+38 5.311806716186288e-15 1.8381988336919345e-32 0.1568627450980392 0.20784313725490197 0.7450980392156863
v 3.894751512132418e-15 2.0032985086358872e+29 2.8414204425251546e-29 0.5803921568627451 0.7450980392156863 0.4117647058823529
v 0.00036508418270386755 -107551088.0 -9.063559533586022e+17 0.8509803921568627 0.7490196078431373 0.25882352941176473
v 3.136960029602051 -1.6608445644378662 1.5697264671325684 0.35294117647058826 0.5725490196078431 0.3137254901960784
v 1.2018009730798547e-34 8.65439041169926e-23 2.9697465935247615e-31 0.06666666666666667 0.23529411764705882 0.9215686274509803
v -0.4762762188911438 -0.3906540274620056 -0.7877501249313354 0.047058823529411764 0.03529411764705882 0.023529411764705882
v -9.174275890257268e-18 -3.65476691879113e-13 1.1929990525216015e+35 0.25098039215686274 0.4549019607843137 0.32941176470588235
v 3607.41650390625 3.996346477731407e+36 1.1234707978122095e-36 0.4588235294117647 0.9294117647058824 0.24705882352941178
v 3.3133753411577215e-20 -5.7918506397451036e+32 -1.4275084314827766e-22 0.7411764705882353 0.08235294117647059 0.7098039215686275
v 1.5212120314526033e+31 -1.3171784787486813e-15 3.6172269453301006e+24 0.7372549019607844 0.7176470588235294 0.23529411764705882
v -9.000977287523191e-30 -1.975056204296801e-28 1.9266254070356115e+19 0.41568627450980394 0.7529411764705882 0.5215686274509804
v 4.833760989367294e-27 4.933650324401574e+26 3.539915430349604e+25 0.5647058823529412 0.24705882352941178 0.7686274509803922
v 3.696852922439575 -1.05680513381958 1.5378634929656982 0.5490196078431373 0.12941176470588237 0.596078431372549
v -4.706372996312044e-39 -1.4789074283895498e-18 7.634716504893015e-22 0.17254901960784313 0.24313725490196078 0.8901960784313725
v -0.9926317930221558 -0.05545585975050926 -0.10773468017578125 0.5882352941176471 0.5058823529411764 0.40784313725490196
v -1.6512086836728557e-11 -1.469296808108726e-15 -3.754647070198757e-30 0.25098039215686274 0.7843137254901961 0.027450980392156862
v -5.649257162323099e+31 -3.706714548312339e-32 -3.114944588519139e+34 0.9607843137254902 0.7058823529411765 0.24705882352941178
v 8.271869234402694e-25 -2.2410308904195495e+28 175130001408.0 0.23921568627450981 0.9215686274509803 0.32941176470588235
v -0.18712745606899261 -1.92690985754294e-26 0.005779782775789499 0.36470588235294116 0.40784313725490196 0.7490196078431373
v 9616533781217280.0 5.258201346694293e-32 -2.3511230295980567e-08 0.9490196078431372 0.9450980392156862 0.3215686274509804
v 391668.21875 1.3864619674563983e-08 9.64475757940913e-34 0.8392156862745098 0.7490196078431373 0.33725490196078434
v 3.5983622074127197 -1.5531322956085205 1.4044711589813232 0.47843137254901963 0.08627450980392157 0.11372549019607843
v -0.007484223693609238 0.8486367464065552 -2.8588238602163844e+28 0.2235294117647059 0.7450980392156863 0.8431372549019608
v -0.6757962107658386 -0.40030205249786377 -0.6189166307449341 0.9372549019607843 0.788235294117647 0.6196078431372549
v -4.709123416125263e-25 -7954343.5 -2.1840030285171216e-24 0.25098039215686274 0.5647058823529412 0.9294117647058824
v -9.973808788899103e+17 -3.537643553956131e-38 -3070.314453125 0.01568627450980392 0.8392156862745098 0.24705882352941178
v -0.12714099884033203 -4.1573226639002314e-08 -4.413231906735792e-17 0.24313725490196078 0.10588235294117647 0.1607843137254902
v -191.59988403320312 -1.258900027904126e-21 -4.246536213978153e+17 0.5411764705882353 0.4823529411764706 0.7490196078431373
v 8.184848089408015e+28 2.6283783950721925e+38 -2.4665720589294175e-37 0.6901960784313725 0.7803921568627451 0.5254901960784314
v -420894480531456.0 2.1734062068734435e-16 -189697.21875 0.5568627450980392 0.7490196078431373 0.8470588235294118
v 3.1616437435150146 -1.0912202596664429 1.6514892578125 0.13333333333333333 0.7098039215686275 0.9215686274509803
v 1.0313070328810048e-17 7.560229525749307e-11 -8.112950677672251e+24 0.6470588235294118 0.7411764705882353 0.2901960784313726
v 0.23798413574695587 -0.9596149921417236 -0.15000879764556885 0.596078431372549 0.45098039215686275 0.34901960784313724
v -2037884125184.0 -3.777324105341443e-16 -8.94978726626832e-23 0.25098039215686274 0.7294117647058823 0.17254901960784313
v 2.9346444194448004e-27 5.792881619422831e-34 -7.59378291110192e+30 0.796078431372549 0.7647058823529411 0.24705882352941178
v -7.1194439232868945e-12 -15.719420433044434 2.1313643124715176e-12 0.24313725490196078 0.796078431372549 0.9647058823529412
v 6.372231107829664e+37 1.3197870225888694e-15 -1.562072198477632e-22 0.9450980392156862 0.4823529411764706 0.7490196078431373
v 9.388295656648934e+22 -8.013485461130457e-32 nan 0.5333333333333333 0.4823529411764706 0.5333333333333333
v -1.724149818512638e+18 -3.055661736767164e+20 -4085821179166720.0 0.7568627450980392 0.24705882352941178 0.9921568627450981
v 3.404855966567993 -1.5616205930709839 1.3905603885650635 0.27450980392156865 0.5215686274509804 0.023529411764705882
v 2.2659901406940246e-38 1.827318757731783e-30 -2.226901616461559e+34 0.5372549019607843 0.7450980392156863 1.0
v -0.962947428226471 0.04165109619498253 -0.26645341515541077 0.6039215686274509 0.5333333333333333 0.403921568627451
v -3678256896.0 7.791223731488085e+28 -3.179357877957176e-30 0.25098039215686274 0.8313725490196079 0.03529411764705882
v 45.311798095703125 -2.219658537938379e+20 -0.0058590322732925415 0.0392156862745098 0.8117647058823529 0.24705882352941178
v -87.25830078125 -6.986628591221233e-07 1.9580294061732153e-20 0.24313725490196078 0.0392156862745098 0.403921568627451
v 1.1152284429272186e-08 -1.3604617649445871e-12 -2.144215006089052e+17 0.5333333333333333 0.6823529411764706 0.7411764705882353
v -3.901647319431613e+25 1.0914337181568692e+21 -2.630917758024777e-34 0.5333333333333333 0.796078431372549 0.5450980392156862
v 2.0273198380825963e-20 8.127840082443496e+23 1.2887348461927943e+27 0.9058823529411765 0.24705882352941178 0.5803921568627451
v 4.079715251922607 -0.9077012538909912 1.8052387237548828 0.2784313725490196 0.7019607843137254 0.7137254901960784
v -3.7508767140273125e+37 0.10168471932411194 4.5573526955770605e-22 0.8549019607843137 0.23921568627450981 0.18823529411764706
v -0.17018654942512512 0.5250155925750732 -0.8339035511016846 0.17647058823529413 0.09803921568627451 0.047058823529411764
v 3.0486391308731057e-16 -1.1077752497459923e-30 -1.1495730076747909e-30 0.25098039215686274 0.18823529411764706 0.1568627450980392
v 1.093207376427616e+22 6.398928843590951e+37 -2.943329238780992e-31 0.15294117647058825 0.10980392156862745 0.25098039215686274
v 6.609253721696775e-35 6.5281024270489795e-22 -498714.0 0.7411764705882353 0.21176470588235294 0.2196078431372549
v 2.7940885161115148e-09 8.56132736102957e+17 1.1503722916707882e-33 0.27450980392156865 0.2549019607843137 0.7490196078431373
v 6.680362739356842e-18 6.477058334120045e-10 5.565212495248971e-22 0.6039215686274509 0.16470588235294117 0.5333333333333333
v -2.9376478394845977e-31 33331838976.0 -217346.140625 0.5803921568627451 0.7490196078431373 0.1450980392156863
v 4.515523910522461 -1.1911695003509521 2.2880494594573975 0.47843137254901963 0.9607843137254902 0.5843137254901961
v 1.7742415084948385e-32 -1.290807858822518e-06 4.2308533158225105e-19 0.24705882352941178 0.7411764705882353 0.2784313725490196
v -0.1470126509666443 0.17734703421592712 -0.9731060266494751 0.5803921568627451 0.5215686274509804 0.3764705882352941
v -160686992.0 0.00018095274572260678 -8.761356163914884e-23 0.25098039215686274 0.03137254901960784 0.5333333333333333
v -3.8685623921825124e+25 -6.362184657624082e-22 3.6093358891569e-35 0.8235294117647058 0.984313725490196 0.24705882352941178
v -5.5019781756236595e+17 -0.003402754431590438 -2.3397876702802023e-06 0.24313725490196078 0.25882352941176473 0.16862745098039217
v 3375394128396288.0 1.6934094100931607e-13 -1.1571778141006943e+26 0.7098039215686275 0.7607843137254902 0.7411764705882353
v -3.446219901298884e-20 5.587264416619669e+23 -8.467971361562374e-20 0.9490196078431372 0.8705882352941177 0.25098039215686274
v 197458672.0 -8.971740673049502e+34 -7.904148147132508e-31 0.5568627450980392 0.24705882352941178 0.4392156862745098
v 3.975102424621582 1.1711962223052979 1.3612232208251953 0.7254901960784313 0.8196078431372549 0.7019607843137254
v -3.3250472710591065e-28 1.4811639734655234e-23 -0.00011360498319845647 0.6666666666666666 0.7450980392156863 0.22745098039215686
v 0.11496034264564514 -0.03589946776628494 -0.9927211999893188 0.6039215686274509 0.4666666666666667 0.3764705882352941
v -1.1073801517486572 1.1607764463406056e-05 -4.435915071528553e-30 0.25098039215686274 0.7725490196078432 0.6588235294117647
v -3559904044384256.0 1.0682841364176385e-14 1.2683580788827169e-21 0.6980392156862745 0.7450980392156863 0.24705882352941178
v -5.564371186039807e-11 -6.693393318436154e+21 1.7276217823404376e-14 0.24705882352941178 0.8666666666666667 0.34509803921568627
v -2.4364238346686373e+32 4.498785269588678e-36 -6.873246746588217e+18 0.8823529411764706 0.6823529411764706 0.7450980392156863
v 1.5957904403277437e-36 2.239776034413802e+36 nan 0.5176470588235295 0.5882352941176471 0.5294117647058824
v -7.403393245005987e+27 -1922829075349504.0 74.12600708007812 0.6 0.7490196078431373 0.5215686274509804
v 4.269156455993652 -1.2099974155426025 1.8584043979644775 0.41568627450980394 0.8980392156862745 0.8784313725490196
v -1.3563465918578688e+16 -3.278894554824918e-32 -2.933589730057217e+36 0.8392156862745098 0.24313725490196078 0.2784313725490196
v 0.46293744444847107 -0.8766416311264038 -0.13110463321208954 0.7607843137254902 0.5843137254901961 0.4627450980392157
v -2.262343229419983e-10 -1.7117420156864682e-06 -3.4180398782468663e-32 0.25098039215686274 0.0 0.0
v -642856813330432.0 -5.683381500874906e+22 1532.0972900390625 0.40784313725490196 0.0784313725490196 0.25098039215686274
v 1.9723669783890274e+37 1.5716869012575664e-25 788251052867584.0 0.7490196078431373 0.08235294117647059 0.03137254901960784
v 9.44461675484556e-30 -1.5439891465276888e+34 -7.216661429540356e+24 0.8549019607843137 0.3254901960784314 0.7490196078431373
v -2.562172809732351e-15 2.1362768325150494e-12 1.5128302767369057e+30 0.4 0.592156862745098 0.5764705882352941
v 8.876884294295451e-08 115264.328125 -4.1478507160582226e+18 0.9215686274509803 0.7490196078431373 0.26666666666666666
v 3.959299087524414 -1.8161230087280273 1.4438652992248535 0.07058823529411765 0.4392156862745098 0.8745098039215686
v 2.4389890253935592e+26 8.02423294171984e+32 -1.722927663649898e-06 0.7607843137254902 0.24313725490196078 0.7686274509803922
v 0.8519226312637329 0.0743381455540657 -0.5183643698692322 1.0 1.0 1.0
v -7.184532386925773e+16 1.9658040127698403e-27 -1.2218379217298685e-32 0.25098039215686274 0.6274509803921569 0.29411764705882354
v -16168.9541015625 -7.005965807493908e-10 -2.455938765334456e-24 0.3137254901960784 0.6588235294117647 0.24705882352941178
v 7.114336897373619e-12 -1.2945209615085156e-14 -7.41722460199772e-26 0.7450980392156863 0.2196078431372549 0.4117647058823529
v -1.1148663325855068e-08 -1.1136473965223104e-08 1.0248202825173639e-17 0.09019607843137255 0.06666666666666667 0.7490196078431373
v 5.3572190239492556e-08 1.081671229134005e-28 1.722087970146522e+36 0.16862745098039217 0.615686274509804 0.5529411764705883
v -1682736913842176.0 1.7274434988180693e-33 1.0895208845838878e+21 0.5058823529411764 0.24313725490196078 0.26666666666666666
v 4.194849491119385 -1.049588680267334 1.9099578857421875 0.2980392156862745 0.00784313725490196 0.6
v 7.892025806005857e-25 -8.94949776412461e+19 3.457567474251061e-38 0.4980392156862745 0.7411764705882353 0.47058823529411764
v 0.9719647169113159 0.02522495947778225 -0.2337697148323059 0.20784313725490197 0.16470588235294117 0.12156862745098039
v 2.7315876800883235e-19 3.293164535439342e-23 -1.6663868592359214e-38 0.25098039215686274 0.14901960784313725 0.47058823529411764
v 6.525610238674159e+37 8.874313510861008e+20 1.3615428229307724e-12 0.1411764705882353 0.12941176470588237 0.25098039215686274
v -1.297620968825199e-25 2.124042539415223e-23 2.469220155254493e-18 0.7490196078431373 0.00392156862745098 0.596078431372549
v 4.471988646059799e-08 6116.61181640625 1.6096108832139073e-19 0.8705882352941177 0.25098039215686274 0.24705882352941178
v -2.63830565927492e-06 -2.2876545442696397e+17 -9.03758678043098e-37 0.27450980392156865 0.23529411764705882 0.28627450980392155
v -199387248.0 -406572.875 0.22485457360744476 0.5803921568627451 0.7490196078431373 0.7647058823529411
v 3.050323724746704 -1.1748013496398926 1.6103816032409668 0.42745098039215684 0.6392156862745098 0.3686274509803922
v 55731042648064.0 8.353878598166876e-20 6.453661161032187e-09 0.7294117647058823 0.24313725490196078 0.1843137254901961
v -0.7872688174247742 -0.5129660964012146 -0.3421601355075836 0.9647058823529412 0.7647058823529411 0.6823529411764706
v -3.0875682887717356e+19 2.1228550670945938e-24 8.260336889317475e+33 0.25098039215686274 0.0392156862745098 0.19607843137254902
v -1.460729756120438e+25 52884859256832.0 24523.123046875 0.5529411764705883 0.12156862745098039 0.25098039215686274
v -3.223255614225922e-29 2.5841405384872797e-26 -1.1560010059625279e+36 0.7450980392156863 0.5450980392156862 0.6235294117647059
v -5.405517848720179e+16 3.56282754410131e-07 -1.0088987837577165e-20 0.01568627450980392 0.058823529411764705 0.24705882352941178
v -5.474539079841634e-07 -4.027202496735798e+28 -2.8740877508708225e-25 0.17254901960784313 0.2 0.2823529411764706
v -1.4006882765965323e+22 4.593946130171389e-07 1.3463156604281657e-37 0.5686274509803921 0.7490196078431373 0.9294117647058824
v 3.4736568927764893 -1.1490155458450317 2.3919265270233154 0.4470588235294118 0.3411764705882353 1.0
v 0.0056380704045295715 -3.0327653806141095e-35 -8.263620536417876e-36 0.27058823529411763 0.23921568627450981 0.09803921568627451
v 0.21031032502651215 -0.13058070838451385 0.9688747525215149 0.1607843137254902 0.13333333333333333 0.10588235294117647
v 4.842981902501401e+25 1.277381110411413e+24 2.961966247160361e+27 0.25098039215686274 0.6980392156862745 0.7803921568627451
v 2.6229724212242887e+20 -8.870750741343293e+20 -2.1778358630375472e-11 0.09411764705882353 0.09019607843137255 0.25098039215686274
v -7.343849235010805e-32 1.4085468263812855e-30 0.01564180850982666 0.7490196078431373 0.7450980392156863 0.47843137254901963
v 3.7866244285863227e-29 1.8002662979461901e-35 3.7741246622845225e+30 0.41568627450980394 0.37254901960784315 0.24313725490196078
v -245002.984375 4.530534674906476e-24 -5.671208655768738e-35 0.7294117647058823 0.396078431372549 0.2549019607843137
v 9.473467621314256e+29 11681614.0 1.5573436809937536e+30 0.5803921568627451 0.7490196078431373 0.17647058823529413
v 3.1095516681671143 -1.125964879989624 1.806889295578003 0.7450980392156863 0.7098039215686275 0.23137254901960785
v -9.667985128332936e+36 3.2343752676133875e-11 1.0103801476035734e-11 0.3333333333333333 0.24313725490196078 0.7529411764705882
v -0.08417951315641403 -0.037232544273138046 0.9957547187805176 0.18823529411764706 0.15294117647058825 0.10980392156862745
v -6.820011138916016 1.3057148769630667e+24 2.410309872382163e+26 0.25098039215686274 0.9019607843137255 0.24313725490196078
v -1.9212376568189794e-28 -1.4816526773399979e-31 -3.1080319313397693e+34 0.1450980392156863 0.07450980392156863 0.25098039215686274
v -4.8575423256769716e-33 2.619104039799013e-34 3888921087836160.0 0.7490196078431373 0.058823529411764705 0.7843137254901961
v 196508.515625 1.2625343921360133e-21 -6.321674819983683e-22 0.3411764705882353 0.22745098039215686 0.24705882352941178
v -1.0020571869263095e-36 0.005462496541440487 2.3062956681230897e-21 0.7686274509803922 0.2235294117647059 0.5411764705882353
v 8.82042794131952e+20 1.2695151469813301e+19 1.864352810736528e+30 0.5764705882352941 0.7490196078431373 0.2784313725490196
v 3.109842300415039 -1.1080806255340576 1.8016371726989746 0.14901960784313725 0.5254901960784314 0.4823529411764706
v 6.0268614935915646e-27 -9.611281711841002e-06 7.309529341359323e-19 0.00784313725490196 0.7411764705882353 0.807843137254902
v -0.5595185160636902 0.16255640983581543 0.8127204179763794 0.4666666666666667 0.3333333333333333 0.27058823529411763
v -8.24271110061881e-37 -1.77423812894858e-32 9460320829440.0 0.25098039215686274 0.17254901960784313 0.34509803921568627
v 1.8380404885028864e+16 0.0007335443515330553 411317436416.0 0.08627450980392157 0.03137254901960784 0.25098039215686274
v -1.8059565459140635e-30 -4.878757402665802e+24 1768997912576.0 0.7490196078431373 0.11372549019607843 0.8
v 2.4218465050452494e-27 2.0211818994435114e-20 -1.3789341461310865e+19 0.0 0.4 0.24313725490196078
v -5.245877218840178e-06 8.272870545018134e+29 227.50877380371094 0.12549019607843137 0.9333333333333333 0.2901960784313726
v -3.772036111110697e-29 4.747465482068947e-06 1.1816679034382105e-05 0.3764705882352941 0.24705882352941178 0.5333333333333333
v 2.9111104011535645 0.8875417709350586 3.5577993392944336 0.09411764705882353 0.11764705882352941 0.43137254901960786
v 1.1160107901908532e+22 -2.3615460549184655e-18 0.00017714312707539648 0.8509803921568627 0.7333333333333333 0.6313725490196078
v -0.9863914251327515 -0.11918894201517105 0.1132514700293541 0.03137254901960784 0.0196078431372549 0.011764705882352941
v 1.0996730336444467e-38 1.0804153131020724e-31 3.361496681009157e-08 0.25098039215686274 0.2901960784313726 0.043137254901960784
v 1.0353467348862676e+36 -4.58308968518395e-05 -3.6861707274166055e-32 0.4470588235294118 0.39215686274509803 0.25098039215686274
v 3.4373864893393666e+19 2.3577436963622915e+30 -4.810104274228177e+28 0.7450980392156863 0.6196078431372549 0.5254901960784314
v 9.527656965599844e+29 3.3974730038847933e-13 4.91156593061135e-24 0.9647058823529412 0.13333333333333333 0.24705882352941178
v -0.23021601140499115 1.69249244398553e-25 -2.4511030691297972e-37 0.5490196078431373 0.8235294117647058 0.2196078431372549
v 8.865412085557869e-36 -3.377789055847629e+17 -9.566850537339803e+35 0.45098039215686275 0.24705882352941178 0.0
v 2.7860913276672363 0.9928629398345947 2.3561198711395264 0.14901960784313725 0.5098039215686274 0.3764705882352941
v 1.0878871269906842e+17 -1.6967953084257026e-11 -1.1774214438357682e-23 0.5843137254901961 0.7450980392156863 0.1450980392156863
v -0.7654479742050171 0.013969719409942627 -0.6433461308479309 0.03529411764705882 0.023529411764705882 0.01568627450980392
v -4.649469435858483e+33 1.8575682131041169e+22 71293190144.0 0.25098039215686274 0.6901960784313725 0.5450980392156862
v 9.611607060293352e-36 -1.06719163332227e-14 3.7746541721288484e-29 0.9176470588235294 0.41568627450980394 0.25098039215686274
v 3.7080169197445044e+25 1.3597323410343041e+20 2.9232656666563084e+35 0.7490196078431373 0.996078431372549 0.7294117647058823
v -2.4269592712686142e-27 -8.501488765353879e-14 1.5024018710548914e+31 0.9372549019607843 0.6823529411764706 0.7450980392156863
v 8.244604026150904e+20 3.2950428044369414e-37 2.539673625064858e-35 0.6235294117647059 0.21176470588235294 0.19607843137254902
v -4.1403172293859664e-17 -7.182887362911797e+18 6823965.0 0.4117647058823529 0.24705882352941178 0.7686274509803922
v 2.816382884979248 0.9779810905456543 2.7664296627044678 0.7843137254901961 0.08627450980392157 0.32941176470588235
v 30.031015396118164 2.410316405061714e+19 4.7204891145065096e-26 0.7372549019607844 0.7450980392156863 0.4823529411764706
v -0.7575182318687439 -0.12668479979038239 0.6404038667678833 0.596078431372549 0.4470588235294118 0.32941176470588235
v -9.989040844482489e-12 -9.030919699837541e-17 0.00010083895176649094 0.25098039215686274 0.5568627450980392 0.6039215686274509
v 1.546806868448626e+23 3302665748480.0 5.518333191184502e+19 0.33725490196078434 0.25098039215686274 0.25098039215686274
v 4.0177296822915555e+22 5.17292527782219e+30 -4209459200.0 0.7450980392156863 0.8235294117647058 0.06274509803921569
v -1.5173217584911233e-28 -4.312153349936906e+17 3.3942741857338233e-38 0.2980392156862745 0.49019607843137253 0.7411764705882353
v 9.020984518688339e+30 -1.3234639852367427e+30 6.646572728599505e-33 0.5411764705882353 0.047058823529411764 0.19607843137254902
v -2.3579916387099377e-30 2.3782563474128438e-08 7.868596597677747e-23 0.40784313725490196 0.24705882352941178 0.39215686274509803
v 2.900618076324463 0.925153374671936 3.532930374145508 0.4470588235294118 0.03529411764705882 0.4745098039215686
v 6.237975768389657e+27 -4.267715467045491e-13 1.6881371074906938e-27 0.9529411764705882 0.7372549019607844 0.3254901960784314
v -0.7893294095993042 -0.34268712997436523 -0.5094356536865234 0.050980392156862744 0.0392156862745098 0.03529411764705882
v -8.76213766378061e+31 1.3088029791885614e-11 2.1603362792217248e+20 0.25098039215686274 0.38823529411764707 0.7843137254901961
v -4.101535864112642e-23 -1.560707155376226e+34 -2.029772137793132e-20 0.1568627450980392 0.11372549019607843 0.25098039215686274
v -1.4695342542836443e-07 2.4590397381098347e-21 -7.279805787426168e+22 0.7450980392156863 0.403921568627451 0.06666666666666667
v 5.772907858185949e-34 -1.185045756784054e+29 8.46180357770912e-14 0.38823529411764707 0.9921568627450981 0.7411764705882353
v 5.673675313250822e-38 -6.499380427474771e-24 -3.307671813704101e-22 0.32941176470588235 0.4470588235294118 0.2784313725490196
v -2.655760209525058e-15 1.2264887246691472e-21 -5.559821033636781e-16 0.9686274509803922 0.23921568627450981 0.10980392156862745
v 3.123607635498047 0.09227776527404785 2.8534507751464844 0.9607843137254902 0.5647058823529412 0.2784313725490196
v 5.333718293861454e-16 0.0077896080911159515 -0.0007428988465107977 0.11372549019607843 0.7490196078431373 0.8666666666666667
v -0.9081377387046814 -0.2746502161026001 0.31599536538124084 0.8274509803921568 0.6627450980392157 0.5137254901960784
v -1.653900505685503e-25 -469.4921875 1.3932064771652222 0.25098039215686274 0.5333333333333333 0.2235294117647059
v -1.4238267851936436e+24 -3.003720283508301 2.4677891005443976e+35 0.3568627450980392 0.3058823529411765 0.25098039215686274
v -0.010131895542144775 -1.5569137026171826e+24 -1.2177896277159992e+27 0.7450980392156863 0.5490196078431373 0.4470588235294118
v -5.803197189299232e+25 1.8497357512229233e+27 -0.0007279209676198661 0.7725490196078432 0.00392156862745098 0.7490196078431373
v -9.868354475579182e+30 8.15705715607938e-23 1.0437389383865098e+35 0.611764705882353 0.25098039215686274 0.22745098039215686
v 2.023503821272342e-20 1.183306092000791e-10 2.209984423060701e+35 0.6627450980392157 0.24705882352941178 0.3686274509803922
v 2.938882350921631 1.1607248783111572 3.209158420562744 0.48627450980392156 0.0196078431372549 0.36470588235294116
v -0.441891074180603 -2.7515491074519916e+27 1.4716299941350026e+31 0.5725490196078431 0.7450980392156863 0.7764705882352941
v -0.940703272819519 0.20205645263195038 0.2724895179271698 0.08627450980392157 0.0784313725490196 0.07450980392156863
v 5.675911148369161e-30 1.60742646404309e-36 138.5469207763672 0.25098039215686274 0.5490196078431373 0.5647058823529412
v -2.7304287154337606e-23 -2.7327968447204976e-12 7.910572201988919e-23 0.4588235294117647 0.8980392156862745 0.24705882352941178
v 484.392578125 248496766976.0 nan 0.7490196078431373 0.803921568627451 0.7176470588235294
v 1.4121055022894444e-37 95.67977142333984 -1.1168610635325805e-36 0.9215686274509803 0.9882352941176471 0.24313725490196078
v 2065.296630859375 5.679612945351549e+34 247592878080.0 0.8 0.45098039215686275 0.3176470588235294
v 3.087186011430235e+34 166.22390747070312 2.6238362900638105e-21 0.14901960784313725 0.7490196078431373 0.6666666666666666
v 3.3743979930877686 -0.610703706741333 1.7922389507293701 0.27450980392156865 0.615686274509804 0.6313725490196078
v -0.528313934803009 -1.0449948808295868e-14 7.415862391670861e-16 0.0392156862745098 0.23529411764705882 0.4196078431372549
v -0.9026669859886169 -0.031243547797203064 -0.4292041063308716 0.054901960784313725 0.047058823529411764 0.047058823529411764
v -7.389972109675966e+20 2.720245860447617e-32 6168249368576.0 0.25098039215686274 0.06274509803921569 0.20784313725490197
v 83959975247872.0 0.011735419742763042 -4.3159971738681344e+17 0.8862745098039215 0.0 0.25098039215686274
v -0.0001823240891098976 8.505765372996892e-19 1.2331246680422545e-20 0.7490196078431373 0.9490196078431372 0.5686274509803921
v 3141904.5 -1.294710746188665e-18 -0.02329261600971222 0.6823529411764706 0.21568627450980393 0.7490196078431373
v 3.808806937125039e-23 2.5482406000576757e-15 2.9860079848731402e-06 0.39215686274509803 0.21568627450980393 0.5529411764705883
v -100188768.0 7.700887694090678e+29 0.9228588938713074 0.0784313725490196 0.7490196078431373 0.25098039215686274
v 4.411805629730225 -0.6645901203155518 2.6569385528564453 0.41568627450980394 0.0392156862745098 0.09019607843137255
v -9.211110606893724e-16 -9.061489221145612e-32 2.1274960014845644e-33 0.42745098039215684 0.24313725490196078 0.42745098039215684
v -0.662756085395813 -0.29724860191345215 -0.6873118877410889 0.058823529411764705 0.047058823529411764 0.0392156862745098
v 1.1768330650124288e+16 3.8311871698961526e+29 130.0833740234375 0.25098039215686274 0.1607843137254902 0.7058823529411765
v 4219119599616.0 1.628886776425807e-19 7.160462847259047e+24 0.5725490196078431 0.23137254901960785 0.25098039215686274
v -1.6987421512038123e-33 3.6935077849069884e-36 6.668966357007249e+21 0.7490196078431373 0.4588235294117647 0.8941176470588236
v -2.426541729656671e-27 -382.3098449707031 1681137172742144.0 0.8549019607843137 0.8549019607843137 0.7450980392156863
v 8.795003977489155e-14 -5.352914635466998e+18 nan 0.24313725490196078 0.7843137254901961 0.3215686274509804
v -1.8899909539402777e+30 196721744.0 -4.620739946926309e+18 0.6313725490196078 0.7372549019607844 0.9333333333333333
v 3.389692783355713 0.003270268440246582 2.3087847232818604 0.6039215686274509 0.2 0.45098039215686275
v -2.6374245489238613e-25 -2.6176531428556693e-11 5496733.5 0.06666666666666667 0.7490196078431373 0.8666666666666667
v -0.8536756634712219 0.3558169901371002 -0.38030532002449036 0.8470588235294118 0.6588235294117647 0.5215686274509804
v -1.663475998247999e-32 0.012862781062722206 1.1546228442320077e+17 0.25098039215686274 0.9098039215686274 0.20392156862745098
v -18208438272.0 5.648974008648844e-37 5.768018995547978e-34 0.24705882352941178 0.30980392156862746 0.25098039215686274
v -8.981315691158898e-12 3958849280.0 2.605756890261546e-07 0.7490196078431373 0.5803921568627451 0.050980392156862744
v 13187892117504.0 -7.024972645771601e-38 -1.0324868405886891e-17 0.4627450980392157 0.12941176470588237 0.7490196078431373
v -2.445521886329516e-06 4.262030321796305e-18 -3.6371081146846507e-10 0.8627450980392157 0.7725490196078432 0.2549019607843137
v -7.562371995993783e+30 -6.599116226378993e+37 -6.659211041176183e+35 0.6941176470588235 0.7411764705882353 0.11764705882352941
v 3.3566782474517822 -0.045734405517578125 2.4442098140716553 0.9215686274509803 0.12941176470588237 0.33725490196078434
v 19495694.0 6.702969845839846e-10 8.055826147989206e+19 0.796078431372549 0.7450980392156863 0.09411764705882353
v -0.775238573551178 -0.4417791962623596 -0.4514823853969574 0.9372549019607843 0.7450980392156863 0.6
v -0.0030173715204000473 -7703.85986328125 613108393443328.0 0.25098039215686274 0.0 0.7607843137254902
v 2.1427059263799296e+17 -3.99369677106428e+36 1.213309578064683e+32 0.5098039215686274 0.8705882352941177 0.24705882352941178
v 9.425512934154011e+26 -58824673198080.0 -2.4367527440283254e-10 0.7450980392156863 0.7215686274509804 0.08627450980392157
v -2.6053815287062345e-18 nan 24407.75 0.4470588235294118 0.09019607843137255 0.23529411764705882
v -1.393583229983171e-31 9.347111556481024e+16 -1.722474794399739e-32 0.1607843137254902 0.5058823529411764 0.23529411764705882
v -2.8920341884316983e+25 4020827049689088.0 -4.611378025685375e+29 0.027450980392156862 0.24705882352941178 0.8117647058823529
v 3.061006546020508 1.5533480644226074 2.017758846282959 0.1450980392156863 0.17647058823529413 0.3137254901960784
v -3921281810432.0 -9.306436428381997e+21 119157567782912.0 0.3215686274509804 0.7490196078431373 0.5058823529411764
v -0.7292677164077759 -0.5724661946296692 -0.374767929315567 0.49019607843137253 0.37254901960784315 0.30196078431372547
v 1.9172079905322188e+32 -3.7252609605406615e-16 -1.4651928538313115e-37 0.25098039215686274 0.27450980392156865 0.5725490196078431
v 1.058791120959003e-22 1.7902745241826779e-07 -2.547522366363139e+38 0.5568627450980392 0.4235294117647059 0.25098039215686274
v -8.706900638962811e+18 -197.85252380371094 7.358456165438469e-36 0.7490196078431373 0.30196078431372547 0.5098039215686274
v -12.002460479736328 -6.897421158992314e+18 48650.75390625 0.35294117647058826 0.615686274509804 0.7450980392156863
v 0.006368487607687712 -5.196193442257027e+23 4.0938638698950486e-34 0.6549019607843137 0.4627450980392157 0.25882352941176473
v 9.084026532946154e-05 1.6133496953194414e+18 1.037246370194391e+17 0.9450980392156862 0.24705882352941178 0.7607843137254902
v 2.947873115539551 1.5473169088363647 2.1967649459838867 0.4392156862745098 0.6941176470588235 0.396078431372549
v -143757538230272.0 -4.862638140919117e-17 -1.614651216199095e-29 0.23921568627450981 0.24313725490196078 0.3215686274509804
v -0.7689688205718994 -0.3905998170375824 -0.5060816407203674 0.058823529411764705 0.043137254901960784 0.0392156862745098
v 4.1335119969108433e+34 0.20774510502815247 7796594573312.0 0.25098039215686274 0.1568627450980392 0.3215686274509804
v 2.0207359497723078e+20 -2.2616774260675045e-36 1.9840717351324398e+36 0.058823529411764705 0.9803921568627451 0.24705882352941178
v 5.047156723507322e-27 -3.786280239881768e+22 1.1422452683249675e-23 0.7490196078431373 0.1450980392156863 0.5490196078431373
v 9.670993274866351e-27 5.442728299304145e-12 -4.5492950134547355e-33 0.18823529411764706 0.03529411764705882 0.7411764705882353
v -1.55518818935145e-28 1.3999130775771366e+28 1.102369954252408e+38 0.24313725490196078 0.7529411764705882 0.5529411764705883
v 7.52841080065488e-29 0.9220893979072571 2012201222144.0 0.6039215686274509 0.24705882352941178 0.027450980392156862
v 2.8163156509399414 1.1284574270248413 2.2217822074890137 0.0 0.7137254901960784 0.3803921568627451
v -6.548759852096672e+35 1.0542600306773339e+24 -4.5223894686484667e+36 0.6352941176470588 0.7450980392156863 0.5176470588235295
v -0.5230038166046143 -0.323099821805954 -0.7887163758277893 0.8431372549019608 0.6431372549019608 0.5450980392156862
v 3.1615721995903433e+22 -2029527.625 40553340928.0 0.25098039215686274 0.5019607843137255 0.9764705882352941
v -3.1757886251315703e-13 2.5566346445257717e+38 4.5298584955018275e+23 0.9921568627450981 0.7019607843137254 0.24705882352941178
v 2.5838268654331954e+36 -4.630854183317113e+31 -6.500668928602641e+24 0.7450980392156863 0.3568627450980392 0.6941176470588235
v -6.190639694871058e-25 -1.2388352184865883e+35 -3182339328.0 0.2980392156862745 0.396078431372549 0.7490196078431373
v -3.2661150184670723e-28 4.946086207269218e-09 4.346913692250394e-31 0.18823529411764706 0.7843137254901961 0.34901960784313724
v nan 1.7209235861108662e-35 1.3436498278978735e-33 0.7725490196078432 0.24705882352941178 0.5490196078431373
v 3.1473302841186523 1.2859086990356445 1.7562519311904907 0.09019607843137255 0.5254901960784314 0.41568627450980394
v 1.7212993000489166e-32 -0.0018482162849977612 45.93684387207031 0.8431372549019608 0.7450980392156863 0.027450980392156862
v -0.4947618544101715 -0.3811231255531311 -0.7809966802597046 0.45098039215686275 0.3254901960784314 0.23137254901960785
v 164544806912.0 -29.218475341796875 3.161065037977306e+21 0.25098039215686274 0.41568627450980394 0.2549019607843137
v 3.095577631394514e-36 2.4851913054218617e-24 -5.8289588012765124e-39 0.611764705882353 0.9490196078431372 0.24705882352941178
v -1.3805334230780325e-20 -2.2126718736940526e-29 2.838038723853543e+25 0.7490196078431373 0.8470588235294118 0.30196078431372547
v -766.2058715820312 -4.5182882076271574e+23 1.0518314531534657e-14 0.0 0.011764705882352941 0.7490196078431373
v 0.005839555989950895 -7.216798634630568e-38 1.5185296382247813e-19 0.3607843137254902 0.19215686274509805 0.3254901960784314
v 1.1002136439601024e+20 -4.485395515240035e-38 1.1773398048478647e-37 0.023529411764705882 0.7529411764705882 0.16862745098039217
v 3.545597553253174 -0.9747849702835083 2.3956568241119385 0.6745098039215687 0.4588235294117647 0.06274509803921569
v 8.4137734667433e-33 8.483699070633108e-32 34325698560.0 0.5843137254901961 0.24313725490196078 0.03137254901960784
v -0.5485298037528992 -0.43909212946891785 -0.7115568518638611 0.050980392156862744 0.0392156862745098 0.03529411764705882
v -2338667.25 -1.5223197051897341e-12 -5.518211528240246e-31 0.25098039215686274 0.3137254901960784 0.3176470588235294
v -2.583537934697233e-07 3.9816630853101536e-23 -0.0001826363877626136 0.49411764705882355 0.5647058823529412 0.24705882352941178
v -2.411244266561237e-36 -2.9838069012817945e-26 -6.950907304237815e+27 0.7450980392156863 0.6705882352941176 0.6549019607843137
v 3.4613285749365146e+18 6418835968.0 -5.343340895666176e+16 0.5647058823529412 0.09411764705882353 0.24705882352941178
v -4.6190266326520376e-36 -0.00011050931789213791 1.731157162065955e-10 0.5254901960784314 0.5333333333333333 0.3686274509803922
v -2.537008168048702e+38 -6.989586071923196e+18 -9.670726581212255e+35 0.788235294117647 0.7490196078431373 0.23529411764705882
v 4.304677963256836 0.24810028076171875 1.1835050582885742 0.8745098039215686 0.6196078431372549 0.10196078431372549
v 1.2097035568980207e-22 -9.874036604593316e-35 2.6411451489917403e-37 0.9725490196078431 0.7450980392156863 0.5803921568627451
v -0.7469770908355713 -0.4827331602573395 -0.45715856552124023 0.9450980392156862 0.788235294117647 0.6235294117647059
v -2.923817886949033e+35 nan 3.983459234237671 0.25098039215686274 0.7529411764705882 0.6549019607843137
v -35.011775970458984 -5.541685498744511e+19 -1.6228068696765716e-19 0.9686274509803922 0.9568627450980393 0.24705882352941178
v -0.1135258674621582 -7.379043734185023e-26 3.584273063900423e-34 0.7490196078431373 0.4588235294117647 0.6784313725490196
v 2.3199794870671405e+26 -3.091945987951512e-25 -0.0007207964663393795 0.611764705882353 0.9411764705882353 0.7450980392156863
v -1.3526161449522997e-36 3263607672406016.0 nan 0.12549019607843137 0.24705882352941178 0.5490196078431373
v -4.3106755375896986e+17 -1.8144818060149376e+38 -274948.21875 0.7529411764705882 0.24705882352941178 0.6745098039215687
v 4.291879653930664 1.5153865814208984 1.1548458337783813 0.5882352941176471 0.7372549019607844 0.03529411764705882
v -1.7432620298731873e+27 -8.6574782471871e-06 -7.366658110186108e-07 0.4117647058823529 0.7450980392156863 0.4235294117647059
v -0.8511810302734375 -0.10012626647949219 -0.5152335166931152 0.9568627450980393 0.7803921568627451 0.6862745098039216
v -1.9440450671481813e-07 -1925.96875 497517569507328.0 0.25098039215686274 0.12549019607843137 0.807843137254902
v -1.0460294727284019e+31 -12909018112.0 -3.544018341017363e-07 0.611764705882353 0.23921568627450981 0.25098039215686274
v 1.394804067338482e+26 -752134979584.0 1.3116094763857453e+24 0.7450980392156863 0.1411764705882353 1.0
v 206412382208.0 1.75740534264163e+21 1.8426874588705494e-32 0.3803921568627451 0.8862745098039215 0.7450980392156863
v 3.4901389488569525e-28 1.9598921537399292 1.046123735880232e-34 0.8745098039215686 0.9490196078431372 0.5333333333333333
v -6401935872.0 -3.586220032048004e-07 6.323302719061931e-30 0.9137254901960784 0.7372549019607844 0.12549019607843137
v 4.391107082366943 -0.00023126602172851562 1.492632269859314 0.615686274509804 0.6941176470588235 0.3176470588235294
v -2956966912.0 8.047139843370132e-09 1.347762640423536e-13 0.7450980392156863 0.24313725490196078 0.9647058823529412
v -0.8349452614784241 -0.019283046945929527 -0.5499951243400574 0.8196078431372549 0.6392156862745098 0.5137254901960784
v 1.3780520079521219e+19 1.7964594919549e-30 102.14269256591797 0.25098039215686274 0.1803921568627451 0.7019607843137254
v 3596336372908032.0 -1.5617888673825536e+34 765.6192626953125 0.7411764705882353 0.6549019607843137 0.24705882352941178
v -2.9439643736027955e+18 -5.218490165104633e-18 5.053630582584068e-13 0.7490196078431373 0.14901960784313725 0.6666666666666666
v 1.5493442650099279e-25 6.893089632934691e+18 380.58837890625 0.7725490196078432 0.03137254901960784 0.7490196078431373
v 6.707971467691427e-38 1.919015874637462e+37 -1.1907457778414942e-21 0.8588235294117647 0.11372549019607843 0.3607843137254902
v -800651584.0 -4.266503688735949e+17 -5.454102236512881e-08 0.5803921568627451 0.7490196078431373 0.4980392156862745
v 3.3210830688476562 -1.0063185691833496 1.5817015171051025 0.26666666666666666 0.27058823529411763 0.10980392156862745
v -1.0930712848906828e+30 -6.414106579456219e+28 -75.37308502197266 0.34901960784313724 0.7490196078431373 0.24313725490196078
v -0.22902104258537292 -0.9694709181785583 -0.08760966360569 0.03529411764705882 0.027450980392156862 0.023529411764705882
v -50232926666752.0 2.8119051243670733e+17 1592971886592.0 0.25098039215686274 0.0 0.35294117647058826
v 1458053484380160.0 0.7513471245765686 -2.970367337133386e+28 0.03529411764705882 0.7098039215686275 0.24705882352941178
v 6.343271554449822e+27 -3.718328361451332e+24 25278699012096.0 0.7490196078431373 0.6431372549019608 0.8509803921568627
v -2.213309342073089e+20 8.701644266251307e-11 -5.637446135755615e+22 0.6 0.08235294117647059 0.24313725490196078
v -5.744703769291133e-38 1.159871171321429e+24 8.520447785879629e+28 0.42745098039215684 0.00392156862745098 0.5294117647058824
v 1.177981038591791e-30 0.0014574838569387794 -6.496998685179278e-05 0.13333333333333333 0.24705882352941178 0.4549019607843137
v 3.212067127227783 -2.066348075866699 1.6816015243530273 0.3411764705882353 0.0784313725490196 0.2549019607843137
v 2.536863935520571e-19 -9.299450140953191e+33 766.9872436523438 0.7450980392156863 0.7450980392156863 0.6
v -0.6917788982391357 0.554142951965332 -0.46299847960472107 0.050980392156862744 0.043137254901960784 0.0392156862745098
v 1.2501716810220387e-05 1.1073900872670019e-31 -4.872474777352261e-33 0.25098039215686274 0.7372549019607844 0.8117647058823529
v -7.219728701290318e+34 6.073901562111245e-28 47.90908432006836 0.03137254901960784 0.6588235294117647 0.24705882352941178
v -5.219277454671101e-09 -4.66061534939445e-29 1.1944400847970893e-27 0.7490196078431373 0.08627450980392157 0.4549019607843137
v 9.682339313354725e-27 0.011634021997451782 -6.182809326992223e+34 0.3686274509803922 0.41568627450980394 0.7490196078431373
v -1.1867404235417316e-14 547505504256.0 -5.064840026773982e-24 0.6901960784313725 0.21176470588235294 0.5294117647058824
v -6737805107527680.0 9.889139380177131e+26 -0.9072301387786865 0.5058823529411764 0.24313725490196078 0.9450980392156862
v 2.940016746520996 0.2704564332962036 3.510981559753418 0.8823529411764706 0.8862745098039215 0.7137254901960784
v 1.5069210050182257e+32 -8.938620676968156e-12 -159118080.0 0.1803921568627451 0.7490196078431373 0.20392156862745098
v 0.0359167605638504 0.07090207189321518 -0.9968364238739014 0.08235294117647059 0.06666666666666667 0.06274509803921569
v -1.0638434378132268e-17 7.913709311989328e-27 12760363565056.0 0.25098039215686274 0.7137254901960784 0.7019607843137254
v -140737479966720.0 -201784560.0 3.166537908219586e-22 0.4980392156862745 0.807843137254902 0.24705882352941178
v 1.0946352937068134e+17 -43111936000.0 -1.1335359291981824e+17 0.24313725490196078 0.47843137254901963 0.807843137254902
v 9.71257102087776e-27 -3.476121890333417e-10 5.71283412755168e-34 0.6705882352941176 0.2901960784313726 0.7490196078431373
v 2.5816346393980893e-08 212046800.0 nan 0.7725490196078432 0.5647058823529412 0.5411764705882353
v -4.412979462305942e+20 9.290850007086364e+30 5.1722136749823246e-20 0.8117647058823529 0.24705882352941178 0.6588235294117647
v 3.034191370010376 -1.670798420906067 1.9850049018859863 0.9803921568627451 0.6470588235294118 0.40784313725490196
v 216327973240832.0 -3.930711669323081e+34 -0.0005635945708490908 0.9411764705882353 0.23529411764705882 0.8549019607843137
v -0.7819138169288635 0.06053474545478821 -0.6204404234886169 1.0 1.0 1.0
v 4.804614543914795 -6.7873461375711486e-06 38027206656.0 0.25098039215686274 0.25098039215686274 0.6980392156862745
v -3.417158098735071e+23 5.549988570752824e+19 1.4938855984803611e-28 0.5137254901960784 0.6705882352941176 0.24705882352941178
v 1.4451490021542013e-24 4162275770368.0 3.1383451610036972e-15 0.7490196078431373 0.39215686274509803 0.4
v -6.51647768389235e-19 -0.005831785500049591 3.5531196511415624e-35 0.44313725490196076 0.30196078431372547 0.7490196078431373
v -2.4069515558833357e+17 12120.810546875 5.871717347205882e+33 0.6666666666666666 0.2980392156862745 0.403921568627451
v -4.734470474849218e+29 -2.203315501248858e+23 -2.367551120430189e-11 0.7686274509803922 0.24313725490196078 0.6196078431372549
v 4.302583694458008 1.3517208099365234 1.1724693775177002 0.5411764705882353 0.09411764705882353 0.9607843137254902
v -3.493686469444055e-25 847176400896.0 -3.239545269409852e-16 0.5647058823529412 0.7411764705882353 0.00784313725490196
v 0.26463040709495544 0.48821213841438293 -0.8316367864608765 0.7607843137254902 0.6196078431372549 0.48627450980392156
v -2.5840270113943456e-21 -1.5471918451276379e-12 3667455931056128.0 0.25098039215686274 0.6588235294117647 0.44313725490196076
v 1.7661113871574087e-20 2.383503223274117e+29 7.099545200617285e-07 0.38823529411764707 0.5803921568627451 0.24705882352941178
v -3.640561159826139e-15 -1.200455665726968e-14 -2.5799662406456036e-09 0.23529411764705882 0.5882352941176471 0.5176470588235295
v 4.155016890615524e-17 -4.8154977808906585e-27 3.082628163793594e+34 0.6235294117647059 0.41568627450980394 0.7490196078431373
v 8.946273433082017e+21 1.14454495866138e+31 3.051451723904496e-26 0.6392156862745098 0.9058823529411765 0.5098039215686274
v 401368992.0 1951175.5 -4.5407997274104535e+30 0.9803921568627451 0.7490196078431373 0.8
v 3.7189388275146484 -0.7055697441101074 1.7975472211837769 0.00392156862745098 0.44313725490196076 0.027450980392156862
v 2.283702246436275e-28 -1.1370667228561775e+20 6.230533833369613e-30 0.13725490196078433 0.24705882352941178 0.01568627450980392
v 0.13136258721351624 0.9456582069396973 -0.29744666814804077 0.5803921568627451 0.44313725490196076 0.34901960784313724
v -3.0036308106622465e-23 -1.9722781652530028e-23 4.955807697453989e+28 0.25098039215686274 0.596078431372549 0.6039215686274509
v -81226228563968.0 -5.549847833264469e+19 -3.953414291838551e-23 0.5098039215686274 0.5372549019607843 0.24705882352941178
v 5.173144926457493e-34 0.10917329043149948 1.2478643560892889e-23 0.7490196078431373 0.3215686274509804 0.3176470588235294
v -9.981857159969021e+35 3.3180612531533854e-16 2.3451097252576945e-30 0.9254901960784314 0.10196078431372549 0.7490196078431373
v -1.1763722085333939e-07 4355422181916672.0 -4.426793808419668e-33 0.9803921568627451 0.2901960784313726 0.6078431372549019
v -7.717633928062361e-26 4.159708483817759e+37 -14.265719413757324 0.2823529411764706 0.7490196078431373 0.0784313725490196
v 3.611445426940918 -0.7620818614959717 1.6567113399505615 0.9333333333333333 0.9333333333333333 0.8196078431372549
v -1.5746026371505216e+26 9.418885578472162e-28 -6.426959366685346e-16 0.7843137254901961 0.23921568627450981 0.12549019607843137
v -0.9798417687416077 0.021315578371286392 -0.1986347734928131 0.8470588235294118 0.6823529411764706 0.5450980392156862
v -2245140332675072.0 nan 0.0006601064815185964 0.25098039215686274 0.0784313725490196 0.30980392156862746
v 146492.328125 3.5529373153036484e+21 1.0634980614524728e-14 0.596078431372549 0.6549019607843137 0.24705882352941178
v 1.7068839189511952e-34 -2.7664031982421875 -1.685307958214482e-20 0.24313725490196078 0.7529411764705882 0.796078431372549
v -2.725942952266913e-12 1.6956049194924439e-13 8.812899893067393e+20 0.7764705882352941 0.1568627450980392 0.7490196078431373
v -6.410047559800026e-17 9.864266879621675e+36 4.3780896832251625e-31 0.5647058823529412 0.2784313725490196 0.45098039215686275
v -4.8261058030243434e-27 2479451.25 5.460284884694003e+23 0.6078431372549019 0.24705882352941178 0.7058823529411765
v 4.433931827545166 1.264873743057251 1.0894627571105957 0.1843137254901961 0.5686274509803921 0.4392156862745098
v 703476.25 3.7253661768399454e+19 1.9081767797470093 0.08235294117647059 0.24313725490196078 0.7058823529411765
v -0.9995748996734619 -0.02086937613785267 0.020356765016913414 0.9098039215686274 0.7098039215686275 0.6039215686274509
v -5.076795969671967e+32 -0.0073164524510502815 1.5748363456190874e+17 0.25098039215686274 0.17647058823529413 0.37254901960784315
v -7.15317847076836e+20 3.0084033012390137 -1.9616683876182812e+36 0.37254901960784315 0.7764705882352941 0.24705882352941178
v 499714.0 -9.376154899597168 9.042543935855463e-10 0.7450980392156863 0.10196078431372549 0.32941176470588235
v 5.920122920938933e-31 1.7907293251631455e-35 2.8792886940939875e-34 0.5215686274509804 0.9058823529411765 0.7450980392156863
v 2.9314004557079443e-09 3.4483480388638674e-14 1.1683075024935635e-28 0.7215686274509804 0.5137254901960784 0.5490196078431373
v 1.1782315599478383e-30 2.0198405995914907e-26 10.640714645385742 0.5607843137254902 0.24705882352941178 0.7058823529411765
v 3.7907021045684814 -1.2509050369262695 1.520810604095459 0.4745098039215686 0.3803921568627451 0.7607843137254902
v 6971343.5 4.227985184854937e+22 -0.047545794397592545 0.8156862745098039 0.7450980392156863 0.4392156862745098
v 0.39420247077941895 0.5474445819854736 -0.7381794452667236 0.8745098039215686 0.6666666666666666 0.5215686274509804
v 1.1883679654680849e-35 -6.692526035382613e-32 -2.1921139633230302e-30 0.25098039215686274 0.7686274509803922 0.20392156862745098
v 0.22219334542751312 -5.92658306139063e-39 1.3978579405105052e-09 0.12941176470588237 0.011764705882352941 0.25098039215686274
v 3.972442099281822e-33 -8411.1875 -2.641651354048993e-38 0.7450980392156863 0.9215686274509803 0.4392156862745098
v 0.0117070646956563 -1.4743195102953652e+28 3056.60791015625 0.9294117647058824 0.29411764705882354 0.7490196078431373
v -1.8829761920951093e+31 4.818269434771718e+29 4.852767787610901e-08 0.17254901960784313 0.8980392156862745 0.39215686274509803
v -400008416.0 -8.573606520903996e+28 -0.010269253514707088 0.2784313725490196 0.7490196078431373 0.47058823529411764
v 4.405218124389648 0.7080190181732178 1.07041597366333 0.4627450980392157 0.023529411764705882 0.9215686274509803
v 5.919658718767096e-08 7.14900621272924e-29 6.954210970099017e-13 0.03137254901960784 0.7490196078431373 0.25882352941176473
v 0.3377118408679962 -0.009407578967511654 -0.9412025213241577 1.0 1.0 1.0
v -7.8044633865356445 2.2837431188933945e+34 -3.4193162052852825e-22 0.25098039215686274 0.011764705882352941 0.32941176470588235
v -1.5372973221347328e+16 6.372826328126641e-22 -1.4776798590825238e-31 0.23529411764705882 0.7647058823529411 0.24705882352941178
v -5.240669249513025e+29 -5340.21826171875 6.894525366198278e-26 0.24705882352941178 0.9764705882352941 0.23529411764705882
v -1.5219486299544945e+31 5.550269235314856e-37 -5.732612738359226e-34 0.796078431372549 0.4666666666666667 0.7490196078431373
v 3.074069601270408e-31 5131107840.0 1.8317373983848536e-33 0.25882352941176473 0.5686274509803921 0.5647058823529412
v -23.89168357849121 4.1282678353164226e+34 11792.1376953125 0.5882352941176471 0.24705882352941178 0.6666666666666666
v 4.419084548950195 1.1931774616241455 1.0924084186553955 0.06666666666666667 0.4588235294117647 0.16862745098039217
v -1.4771960966598062e+36 2.3912458264647708e+27 3.7506568781347777e-32 0.5647058823529412 0.7411764705882353 0.6
v 0.13447266817092896 0.10015806555747986 -0.9858425259590149 0.07450980392156863 0.050980392156862744 0.047058823529411764
v 2.1935042671117344e-09 -7479.935546875 2.6012989750190777e+26 0.25098039215686274 0.8156862745098039 0.9686274509803922
v 36384.2109375 -206762573824.0 1.9869191952932024e+36 0.4196078431372549 0.08235294117647059 0.25098039215686274
v 4505.03125 -4.336132923383003e+20 6.776838222183089e-22 0.24313725490196078 0.5607843137254902 0.12549019607843137
v 1.5498215258575866e-25 2.3068254828030597e+26 200554096.0 0.2196078431372549 0.0 0.7490196078431373
v 0.8712729215621948 3.4518596261429615e+34 2.0455563428499093e+22 0.5686274509803921 0.43529411764705883 0.6078431372549019
v -1.180009659722666e-30 3.186389026886958e-33 -6.136261007481242e+17 0.42745098039215684 0.24705882352941178 0.12549019607843137
v 3.003970146179199 0.79583740234375 2.199671745300293 0.40784313725490196 0.3058823529411765 0.1411764705882353
v -7.167569313189047e+29 9.56677923199354e+35 -1.1980073635279383e-34 0.5254901960784314 0.24313725490196078 0.20392156862745098
v 0.24560511112213135 0.283125102519989 -0.9271020889282227 0.8313725490196079 0.6588235294117647 0.5137254901960784
v 1.278776073226423e-38 850.9876098632812 -2.2997681599168814e-38 0.25098039215686274 0.3686274509803922 0.03137254901960784
v -7.105426934084528e-15 -4.5895671064499766e-05 6.017401518297729e-28 0.4470588235294118 0.7098039215686275 0.24705882352941178
v -4.145923744964731e+21 -5.971855473927159e-21 2.0268210649278514e+37 0.7490196078431373 0.27058823529411763 0.28627450980392155
v -1.6626257520421952e-16 -1.4257406825174143e-34 -47.3819694519043 0.9137254901960784 0.49411764705882355 0.7490196078431373
v 32536915968.0 -7.076325636953633e+29 9.681865215967683e+31 0.19607843137254902 0.2823529411764706 0.5411764705882353
v 4.930264695078256e-24 -254573641728.0 -22560.2734375 0.2980392156862745 0.7450980392156863 0.11372549019607843
v 4.82631778717041 1.8258419036865234 1.4904236793518066 0.4549019607843137 0.5254901960784314 0.4980392156862745
v 14.421598434448242 4.443123477781452e+32 184949506048.0 0.8431372549019608 0.7333333333333333 0.30980392156862746
v -0.9841539263725281 -0.16375800967216492 -0.06800378113985062 0.4117647058823529 0.36470588235294116 0.30196078431372547
v -8.355695302331156e-11 206.74176025390625 -1.5678378250617113e-22 0.25098039215686274 0.08627450980392157 0.7215686274509804
v 1.7262061192350325e-13 -1.63035708996462e-19 4.6398519830186535e+26 0.7019607843137254 0.7137254901960784 0.24705882352941178
v 632164352.0 -1.0712545957525541e+27 0.00010763527097878978 0.24705882352941178 0.3843137254901961 0.8313725490196079
v -6.988131184826329e-10 -209977394331648.0 -8.959172539811109e-36 0.6666666666666666 0.32941176470588235 0.7490196078431373
v 4.1015045831753934e-34 3.853858590249102e+28 2.4365597662877947e+31 0.792156862745098 0.7450980392156863 0.5568627450980392
v -5.981767177581787 4.509162855262228e-24 127105.1796875 0.7019607843137254 0.24313725490196078 0.9254901960784314
v 4.820374488830566 1.847242832183838 1.5442273616790771 0.4980392156862745 0.9607843137254902 0.4
v -5.967486241997974e+21 -0.00023198059352580458 -11836506243072.0 0.6313725490196078 0.24313725490196078 0.07058823529411765
v -0.1235959380865097 -0.983738124370575 -0.1303202360868454 0.07058823529411765 0.054901960784313725 0.050980392156862744
v -8.016296401963669e-29 3843865968640.0 -1.4419521591130112e-22 0.25098039215686274 0.8313725490196079 0.011764705882352941
v 1.1407549662724364e-31 -6.682230744790559e-16 5.772919796800449e-34 0.39215686274509803 1.0 0.24705882352941178
v -1.0933143941133886e-18 -31271.373046875 4.640627617423509e-13 0.24705882352941178 0.12549019607843137 0.615686274509804
v -6.98457403025543e-10 -8.997401217481314e-36 47.6854133605957 0.35294117647058826 0.7333333333333333 0.7450980392156863
v 1.307660197692472e-38 6.86245799783772e-24 3.193920003387411e-26 0.8156862745098039 0.8470588235294118 0.5450980392156862
v -382.7850036621094 -2.798221139449261e-33 6.235555183309316e-09 0.6196078431372549 0.7490196078431373 0.6666666666666666
v 4.50605583190918 -1.2886366844177246 2.27225923538208 0.10196078431372549 0.10196078431372549 0.8862745098039215
v -6.456061837143048e+22 3.804633365378224e+21 -4.571221527619185e+20 0.41568627450980394 0.7490196078431373 0.8352941176470589
v 0.8209456205368042 -0.05066539719700813 -0.5687541961669922 0.6705882352941176 0.5764705882352941 0.43529411764705883
v -5.87596601544537e-20 0.003002118319272995 -5.842211155366432e-31 0.25098039215686274 0.403921568627451 0.9098039215686274
v 1.4494395267350413e-13 -0.01175049040466547 -412060090368.0 0.807843137254902 0.7725490196078432 0.24705882352941178
v -3.894560438532905e-38 -322107834368.0 -8.426480709089834e+37 0.7450980392156863 0.49411764705882355 0.4
v 0.7496670484542847 -1.0119486083697224e-20 -47.5509033203125 0.8784313725490196 0.23529411764705882 0.7490196078431373
v -1.4588692559844535e+35 3.4392551286135634e-26 3.5071256160736084 0.6823529411764706 0.396078431372549 0.5176470588235295
v -1.850222450118564e+27 -1.174102144760603e+21 1730168960.0 1.0 0.24313725490196078 0.7411764705882353
v 4.794206142425537 0.5678716897964478 1.2098784446716309 0.11764705882352941 0.8901960784313725 0.4745098039215686
v -4.8344906212084524e+23 5.771789532986868e+19 -26071152640.0 0.6745098039215687 0.23921568627450981 0.13333333333333333
v 0.876767635345459 0.2997361421585083 -0.3760807514190674 0.18823529411764706 0.1568627450980392 0.11372549019607843
v -4759.8427734375 4991126016.0 -2.1977420917409213e-35 0.25098039215686274 0.12549019607843137 0.8901960784313725
v -1.161490894998955e+30 -1.0436433563824368e-17 -25774866432.0 0.9529411764705882 0.8431372549019608 0.24705882352941178
v -265.830078125 3.4013282976376273e-16 1.1469699298357353e-21 0.24313725490196078 0.43137254901960786 0.49411764705882355
v 0.187641441822052 -3.587346390464829e+24 12176.078125 0.7450980392156863 0.4745098039215686 0.24705882352941178
v -2.0969269604111887e-22 3837476352.0 231912.984375 0.6666666666666666 0.32941176470588235 0.43137254901960786
v -3209604352.0 -3.023104429244995 4.87925235186773e+27 0.611764705882353 0.7490196078431373 0.5607843137254902
v 3.3600504398345947 -1.210059642791748 2.335689067840576 0.8196078431372549 0.9647058823529412 0.0196078431372549
v 7.57847202996318e-32 -689.0007934570312 -1.99685238505331e-19 0.4117647058823529 0.24313725490196078 0.47058823529411764
v -0.9914589524269104 0.13005954027175903 -0.00968160480260849 0.8941176470588236 0.6901960784313725 0.5843137254901961
v -8.350436361753056e-34 -8.40601092925882e-23 633.4611206054688 0.25098039215686274 0.9686274509803922 0.8941176470588236
v 5.172298497184263e-17 1.1460567293397617e-05 7.958403006726641e+36 0.39215686274509803 0.984313725490196 0.24705882352941178
v -17.8184814453125 6.8044005401607e-18 5.6271931558882216e-12 0.7490196078431373 0.12941176470588237 0.7372549019607844
v -4.580966560752131e-05 4.38323318676716e+20 -2.3578341391251715e+29 0.5372549019607843 0.4588235294117647 0.24705882352941178
v -3.89524174984626e-38 -3.9373654203700426e-07 8.22493358373272e+31 0.4666666666666667 0.27450980392156865 0.36470588235294116
v -0.18683741986751556 -5997775799975936.0 -4.269219971320126e-06 0.5882352941176471 0.7490196078431373 0.3568627450980392
v 3.1485023498535156 -1.1555969715118408 2.1383767127990723 0.9372549019607843 0.09019607843137255 0.30980392156862746
v 160168352.0 -1.5477425923346975e-27 1209012453376.0 0.08235294117647059 0.7450980392156863 0.9803921568627451
v -0.550579309463501 0.3007303774356842 0.7787320613861084 0.3764705882352941 0.3058823529411765 0.2196078431372549
v 9.137181770653384e-38 -0.00011384113895474002 13484.15234375 0.25098039215686274 0.35294117647058826 0.8274509803921568
v 3.153010169880715e-26 9.091038265404121e+23 -383.3996887207031 0.6549019607843137 0.13725490196078433 0.25098039215686274
v -2.1718619599314805e-19 1.2209118632857919e-18 1.9144607460448076e+23 0.24313725490196078 0.4 0.9568627450980393
v -7.156674541874963e-07 -3.4830083261994105e-10 -12720930816.0 0.6431372549019608 0.23529411764705882 0.24313725490196078
v -2.420079410671712e-32 3732751.25 2.3485918650873356e+34 0.09019607843137255 0.7411764705882353 0.3176470588235294
v -47.73576736450195 -1.7875692473452518e+30 1.5639289408750117e+37 0.5725490196078431 0.7490196078431373 0.23529411764705882
v 3.105299949645996 -1.1949657201766968 1.7981189489364624 0.9803921568627451 0.5607843137254902 0.403921568627451
v 3.5343433069101593e-07 13520.033203125 -1.57723247416096e+25 0.403921568627451 0.24313725490196078 0.15294117647058825
v -0.8384599089622498 0.4937998056411743 0.23053568601608276 0.8117647058823529 0.5725490196078431 0.5019607843137255
v -2.339010327221371e+17 -1.7079953522625146e-06 122.13402557373047 0.25098039215686274 0.4627450980392157 0.6941176470588235
v 2.885344460923732e+18 0.7518637776374817 -1533.2760009765625 0.1411764705882353 0.1411764705882353 0.25098039215686274
v -4.416838519219687e-24 1.403848183150468e-21 2.6011248717029435e-30 0.7490196078431373 0.5529411764705883 0.6392156862745098
v 1.4512726868945995e+25 4.823756938864169e-27 -5.704629085147444e-34 0.13333333333333333 0.3058823529411765 0.24705882352941178
v -4.409568555413366e-16 -3.54312317711885e+31 9.952917108752256e+37 0.10588235294117647 0.5725490196078431 0.28627450980392155
v -48896.44140625 -2.807725573779829e+32 -2.0744824324672717e+17 0.592156862745098 0.7490196078431373 0.35294117647058826
v 4.243130683898926 -1.448646068572998 2.5280375480651855 0.8705882352941177 0.49411764705882355 0.403921568627451
v -3.7446656282449767e+22 8.772150807448784e-37 -1.1915361353821851e-38 0.19607843137254902 0.24705882352941178 0.23137254901960785
v -0.8124675154685974 -0.3032180070877075 0.49795109033584595 0.7843137254901961 0.5843137254901961 0.5098039215686274
v 47579275264.0 14991.8173828125 1.2448898468489147e+20 0.25098039215686274 0.2980392156862745 0.6823529411764706
v 1.184078892972375e+33 -12907411456.0 6582549610496.0 0.7843137254901961 0.0784313725490196 0.25098039215686274
v -4.051559564707984e-29 4.1596134199009654e-32 0.19667530059814453 0.7490196078431373 0.7294117647058823 0.1843137254901961
v -1.1438167348387651e-05 7.950572095143731e+36 -3.4013227278506394e+18 0.5137254901960784 0.8588235294117647 0.24313725490196078
v 3.6170300221865963e+28 415523373056.0 3.237139533814137e+29 0.32941176470588235 0.00784313725490196 0.25882352941176473
v -2.4736705835467878e-24 1.4344292415820564e+26 7.517222992942644e+32 0.054901960784313725 0.24705882352941178 0.9882352941176471
v 2.979970693588257 0.5724911689758301 3.6246225833892822 0.8235294117647058 0.7803921568627451 0.20392156862745098
v 912.9856567382812 1.8008767602572887e+21 2.982998081055072e+26 0.6823529411764706 0.7411764705882353 0.5803921568627451
v -0.9920764565467834 -0.06513336300849915 -0.10743319243192673 0.8588235294117647 0.6823529411764706 0.5411764705882353
v 1.2421621602808683e-31 1.3348115696828107e-25 0.023744136095046997 0.25098039215686274 0.7529411764705882 0.3568627450980392
v 2.432580690890457e+18 -3.975183381834668e-23 764.40087890625 0.36470588235294116 0.19215686274509805 0.25098039215686274
v 4.912373212651303e-29 1.5292003979287052e+29 -9.109534415858989e-16 0.7450980392156863 0.011764705882352941 0.00392156862745098
v -3228102656.0 7.541139392027957e-29 1.7932572787996275e+24 0.047058823529411764 0.21568627450980393 0.24705882352941178
v -5.06713596534213e-18 -7.648386923797545e-10 3.847640662390366e+32 0.22745098039215686 0.28627450980392155 0.2235294117647059
v -4.27454661629313e+17 3.0535534632666365e-32 0.030304061248898506 0.10196078431372549 0.24705882352941178 0.9568627450980393
v 2.9513168334960938 0.6044100522994995 2.9749598503112793 0.9372549019607843 0.9254901960784314 0.4745098039215686
v -8.540515517019287e-12 -2.2497459895021166e-08 1.9904252189555426e+38 0.22745098039215686 0.7450980392156863 0.9333333333333333
v -0.5274526476860046 0.09745468944311142 -0.8439764976501465 0.4745098039215686 0.41568627450980394 0.25882352941176473
v -2.6879899921180262e+17 1.0030088077612104e+32 0.060419391840696335 0.25098039215686274 0.6823529411764706 0.796078431372549
v -4288308576256.0 1.4808239538226682e-31 2.3657994491191573e+29 0.9803921568627451 0.3607843137254902 0.25098039215686274
v 1.3986654805991362e-21 2972991232.0 5.283993632352937e+36 0.7490196078431373 0.5019607843137255 0.6705882352941176
v -3.631267511643579e+24 -4.740637885475846e+29 -8.970493116338072e+23 0.8156862745098039 0.2901960784313726 0.24313725490196078
v 7643103.0 3.9083621371886284e+27 15700799.0 0.4549019607843137 0.9921568627450981 0.2823529411764706
v -1.475205678572913e-31 61926377783296.0 1806044233728.0 0.07058823529411765 0.24705882352941178 0.03529411764705882
v 2.9557693004608154 0.6058635711669922 3.602842330932617 0.7647058823529411 0.6 0.2980392156862745
v -0.0066603561863303185 1.0757766943467308e+30 1.818527831575975e-13 0.5058823529411764 0.7372549019607844 0.611764705882353
v -0.9785956740379333 -0.005754607263952494 -0.20571184158325195 0.8784313725490196 0.7137254901960784 0.5647058823529412
v 2.5889075914165005e-06 4.2504130851306914e-34 0.0024188770912587643 0.25098039215686274 0.2823529411764706 0.10196078431372549
v -9.381640490447085e+20 -1.7907045446463599e-07 1.0359138498664963e-17 0.38823529411764707 0.43137254901960786 0.25098039215686274
v 1.9817288713080018e-17 2.541273580458636e-10 2.15781653113343e+30 0.7490196078431373 0.09411764705882353 0.36470588235294116
v 12.0253267288208 7.755977215421884e+33 3.292300863645014e-16 0.17254901960784313 0.20784313725490197 0.24705882352941178
v 6.479829450789509e-10 -2.3703597760355527e+24 -1.53197529144681e-38 0.16470588235294117 0.5882352941176471 0.2196078431372549
v -6.849340615021298e+18 -22.94418716430664 5.425692725291646e+27 0.12549019607843137 0.24705882352941178 0.984313725490196
v 2.9382147789001465 0.6334414482116699 2.9136056900024414 0.9803921568627451 0.6823529411764706 0.44313725490196076
v 5.5034535258040905e-30 -4.968934051151853e-31 1.8964069465718784e+16 0.7333333333333333 0.23921568627450981 0.5568627450980392
v -0.9877159595489502 -0.07540993392467499 0.13685941696166992 0.09019607843137255 0.06666666666666667 0.058823529411764705
v -1.501264648599004e-29 1.9215702167721265e-27 0.00015655926836188883 0.25098039215686274 0.050980392156862744 0.611764705882353
v -5.27778321046668e-10 -1.707311321399313e-13 1.4839092199121286e+28 0.09411764705882353 0.17254901960784313 0.25098039215686274
v -7962784.0 1.930969056526677e-12 0.03279423713684082 0.7490196078431373 0.47058823529411764 0.4980392156862745
v 3074.841552734375 1.1825058791949073e+29 2.5931258139554957e-18 0.45098039215686275 0.23921568627450981 0.23529411764705882
v 5.031820912570015e+37 -6.711875823026045e+18 nan 0.6745098039215687 0.21568627450980393 0.20392156862745098
v nan 4.782468861744192e-30 9.06800280608112e-23 0.7803921568627451 0.24705882352941178 0.6784313725490196
v 2.7437493801116943 1.568810224533081 2.821322441101074 0.5725490196078431 0.13333333333333333 0.8666666666666667
v 6.002340675540282e-37 2.960580925709583e-25 -68114804736.0 0.0392156862745098 0.7490196078431373 0.9019607843137255
v 0.03053148090839386 -0.9898146390914917 -0.1390494853258133 0.611764705882353 0.4666666666666667 0.36470588235294116
v 1.1100527660105728e+16 1.101547705367076e+38 4.124867558630285e-08 0.25098039215686274 0.42745098039215684 0.8117647058823529
v -13788.146484375 2.604419310858682e-18 1.0646348643709828e-14 0.09411764705882353 0.20784313725490197 0.25098039215686274
v -2744.015625 719.5350952148438 80114.5 0.7490196078431373 0.49019607843137253 0.03137254901960784
v 1.4466788312583257e-34 -95.6737289428711 -1.1772203526874869e-30 0.1568627450980392 0.01568627450980392 0.24313725490196078
v 2.0524449415276003e+19 7021163184128.0 -4.520235701358363e-24 0.11764705882352941 0.9725490196078431 0.2549019607843137
v -782452.1875 -111947210752.0 -2854349634011136.0 0.5803921568627451 0.7490196078431373 0.8627450980392157
v 3.639211416244507 -1.247009038925171 2.526082754135132 0.7411764705882353 0.9215686274509803 0.19215686274509805
v 1.3105336427688599 -5.5777038342286315e-36 2.534916099250495e-08 0.10980392156862745 0.7450980392156863 0.4627450980392157
v -0.8261182308197021 0.06154324859380722 0.560126006603241 0.8117647058823529 0.596078431372549 0.5137254901960784
v -0.09972955286502838 -1.200616445832242e-27 17.329349517822266 0.25098039215686274 0.023529411764705882 0.9647058823529412
v -0.0005151189398020506 -5.543373908800124e+19 4.545514457277022e-05 0.21568627450980393 0.4235294117647059 0.25098039215686274
v -5.593938112724572e-07 966.8319702148438 1.1439874888460508e+20 0.7490196078431373 0.047058823529411764 0.11764705882352941
v -5.889402409236699e-39 2.2812226234236732e-05 -6.347205149679959e+37 0.4549019607843137 0.06274509803921569 0.7411764705882353
v 9.405583809726538e+26 1.2426917016780041e-29 1.0234366949093618e-34 0.6901960784313725 0.7215686274509804 0.3137254901960784
v -1.4745084928734403e-31 -9.518847841026579e-14 -697307200.0 0.7098039215686275 0.24705882352941178 0.07058823529411765
v 2.8839588165283203 1.5269124507904053 2.361907482147217 0.09019607843137255 0.7176470588235294 0.43529411764705883
v -2.7006058183460212e-14 1.440464635165434e-27 2.7464935282075465e+25 0.8666666666666667 0.23921568627450981 0.8509803921568627
v -0.7564323544502258 0.08515383303165436 0.6485051512718201 0.043137254901960784 0.03529411764705882 0.03529411764705882
v 0.0009279057267121971 7.333507141672722e-30 2.7017695174436085e-05 0.25098039215686274 0.1843137254901961 0.32941176470588235
v 148218511360.0 -1.516322561961851e-28 -1.4086433982515449e-37 0.39215686274509803 0.19607843137254902 0.25098039215686274
v -1516400279552.0 -3.006978479416013e+26 44510.24609375 0.7490196078431373 0.9019607843137255 0.25098039215686274
v -2.2585978877207535e-36 4.738368127249519e+29 2.2014442921954325e+20 0.0196078431372549 0.596078431372549 0.7372549019607844
v 4.223351655441568e+28 -9.713456563648614e-20 1.0868637224623782e-31 0.3764705882352941 0.8156862745098039 0.21176470588235294
v 2.88762495542948e+25 -8.700620605843454e-35 7.1694004899480746e-12 0.7137254901960784 0.24705882352941178 0.3803921568627451
v 2.977116107940674 1.4639854431152344 2.997971534729004 0.807843137254902 0.9921568627450981 0.43529411764705883
v 8.517208494892384e+19 -1.2961494419793887e-31 -10015687573504.0 0.023529411764705882 0.7490196078431373 0.3215686274509804
v -0.9463241696357727 -0.27014991641044617 0.17745299637317657 0.33725490196078434 0.06666666666666667 0.06274509803921569
v 3.159471341976672e+32 1.7952566145515725e-25 5.51419850625685e+25 0.25098039215686274 0.06274509803921569 0.41568627450980394
v -19822733312.0 2.4853262006366545e-24 4.4997233548326353e-36 0.7529411764705882 0.9411764705882353 0.24705882352941178
v -5.984772143549728e-25 1.2794516048081952e-16 0.01898348331451416 0.7490196078431373 0.8392156862745098 0.4588235294117647
v 9.524942171556172e+29 8.110089730836746e-20 0.002885837107896805 0.45098039215686275 0.8117647058823529 0.23921568627450981
v -130.32713317871094 -1.4521326383446832e-15 -1.0961127471135181e-30 0.3568627450980392 0.8 0.22745098039215686
v -1.15268953680012e+26 7.894405527524834e+33 4.2803378896838495e-11 0.24705882352941178 0.7490196078431373 0.6588235294117647
v 2.9341559410095215 0.5999293327331543 3.081104278564453 0.5294117647058824 0.09803921568627451 0.45098039215686275
v -707590422528.0 25198662.0 9903821996163072.0 0.9019607843137255 0.24313725490196078 0.8823529411764706
v -0.745520293712616 0.4746636152267456 -0.46786102652549744 0.9058823529411765 0.7019607843137254 0.6392156862745098
v -0.0006284552509896457 1.6701043537528967e-33 2.864770563534077e+36 0.25098039215686274 0.7215686274509804 0.20392156862745098
v 3.741082518437001e-24 845445655953408.0 -2.8422748528100783e-06 0.45098039215686275 0.3058823529411765 0.25098039215686274
v -11747.0625 -4.286984914472161e-24 0.0016681327251717448 0.7490196078431373 0.09019607843137255 0.5803921568627451
v 47.89975357055664 8.293357158337488e-17 -101841657856.0 0.043137254901960784 0.17647058823529413 0.7490196078431373
v -7.272003640987636e+35 1.5791365437500815e-10 4.154167189269713e-34 0.1803921568627451 0.30980392156862746 0.3568627450980392
v 0.023337453603744507 -9.657302706049455e+33 3.324630167367271e-19 0.03137254901960784 0.7490196078431373 0.8
v 2.888394355773926 0.9595522880554199 2.210371255874634 0.19607843137254902 0.7568627450980392 0.21176470588235294
v 1.447315222548108e-36 3107982848.0 8.037354767536685e+24 0.6274509803921569 0.7450980392156863 0.06666666666666667
v -0.6907333731651306 0.24765895307064056 -0.679376482963562 0.9019607843137255 0.7411764705882353 0.5843137254901961
v -3.4589827331290096e+35 1.095795128539926e-31 2.716763203292061e-10 0.25098039215686274 0.6078431372549019 0.12156862745098039
v -1.1069389084820622e-14 2.484672629376679e-24 6.189514582004987e-25 0.06274509803921569 0.25882352941176473 0.25098039215686274
v -1.7613480118860991e-12 -41530159104.0 1.5598258359167884e+27 0.7490196078431373 0.24313725490196078 0.4117647058823529
v -2.3207195704393778e+26 2.8748495957984506e-34 -3353058150973440.0 0.5098039215686274 0.26666666666666666 0.7490196078431373
v 2.4727017879486084 8.868404846558358e-29 7.375602174411601e-27 0.3607843137254902 0.8392156862745098 0.30196078431372547
v 4.940639004842818e-24 2.1092008649619027e+27 -7560.03857421875 0.6901960784313725 0.24705882352941178 0.7254901960784313
v 3.346771240234375 -0.9201104640960693 1.6276590824127197 0.13725490196078433 0.3137254901960784 0.8235294117647058
v 1.3827213157982352e-19 -7.043215836943784e-13 523769.9375 0.13725490196078433 0.7490196078431373 0.011764705882352941
v -0.9034587144851685 -0.36902502179145813 -0.2181350737810135 0.9411764705882353 0.788235294117647 0.615686274509804
v -1.6923511490987783e-18 -1.8417621850967407 744.6340942382812 0.25098039215686274 0.25098039215686274 0.5725490196078431
v 5005558.5 -1.6285438842125097e-19 1.4658972914570566e-31 0.9490196078431372 0.20784313725490197 0.25098039215686274
v 5.139957991613881e+31 2.0157613030331342e-35 0.0005651749670505524 0.7490196078431373 0.3333333333333333 0.5725490196078431
v 5.400553725519462e+16 nan 820592705536.0 0.9450980392156862 0.9372549019607843 0.7450980392156863
v -9.954403175550903e+36 1.0312534827334514e-29 -1.375204208584083e-18 0.807843137254902 0.6039215686274509 0.5254901960784314
v -1.892007442207395e+30 5.1826475203949475e-22 -1.689469575881958 0.5686274509803921 0.24313725490196078 0.5490196078431373
v 3.0464015007019043 0.21654796600341797 2.8527297973632812 0.8862745098039215 0.9372549019607843 0.3764705882352941
v -9.973379757403659e+26 5.717832341731249e-23 1.574875787313393e+24 0.0392156862745098 0.7490196078431373 0.1843137254901961
v -0.5667046308517456 -0.54359370470047 -0.6191540360450745 0.9215686274509803 0.7686274509803922 0.6235294117647059
v 2.048207429544085e-36 3.0846652332046297e-26 433423286272.0 0.25098039215686274 0.5490196078431373 0.5450980392156862
v -39324800253952.0 6.0957985758844825e+31 -2.209989520644647e+20 0.41568627450980394 0.7137254901960784 0.24705882352941178
v -1.9267165640712847e-10 -0.09923600405454636 9.730800556604843e-14 0.7490196078431373 0.49411764705882355 0.6862745098039216
v 1.476935418510148e-31 -8.890172864539636e-08 2.147581229656965e+17 0.788235294117647 0.3058823529411765 0.7490196078431373
v -0.0030881015118211508 1.1993781127631184e-15 3.748828264779275e-23 0.8196078431372549 0.8666666666666667 0.2980392156862745
v -4.413578652162615e+20 6.0083942993666455e-22 -3.3283458026351135e+25 0.3137254901960784 0.7490196078431373 0.47843137254901963
v 2.9550366401672363 0.4139838218688965 2.9058804512023926 0.24705882352941178 0.4 0.47843137254901963
v -2.136837542890069e+24 726917447680.0 31292768.0 0.5176470588235295 0.7450980392156863 0.8470588235294118
v -0.7161982655525208 -0.30026504397392273 -0.6300007700920105 0.9568627450980393 0.7803921568627451 0.6705882352941176
v -26527.521484375 -7.602430306948758e-29 9820967782055936.0 0.25098039215686274 0.9725490196078431 0.4666666666666667
v 3.817418221652522e-24 -2.381204941954234e+29 -3.0313529620343398e+31 0.2235294117647059 0.8196078431372549 0.24705882352941178
v 1123224142217216.0 -2.0959934504564844e-17 -88526.4921875 0.7450980392156863 0.22745098039215686 0.050980392156862744
v 3.5219896488111586e-38 -1.7559182003290233e-38 -1.1205280132070965e+23 0.25098039215686274 0.20392156862745098 0.7490196078431373
v -81145328.0 644124544.0 -1.9945532306337285e-23 0.9333333333333333 0.8392156862745098 0.45098039215686275
v -2.8249853231596663e+22 6.997364888368374e+37 -7.375207035216771e-25 0.023529411764705882 0.7490196078431373 0.6823529411764706
v 3.0086734294891357 1.4049890041351318 2.055680513381958 0.7215686274509804 0.5215686274509804 0.3058823529411765
v 3.2979044510972745e+34 4.6443226846357094e+17 1.0419036300390871e-07 0.023529411764705882 0.24705882352941178 0.023529411764705882
v -0.9343389868736267 0.3074578046798706 -0.18022312223911285 0.8156862745098039 0.6274509803921569 0.5098039215686274
v -1.8977293589933696e+36 -2021347.875 957789110272.0 0.25098039215686274 0.6901960784313725 0.5843137254901961
v -2.2815512790348404e-19 1.4201296406479467e+22 -5.96510648727417 0.8549019607843137 0.9254901960784314 0.24705882352941178
v -6.173997174616574e+34 1.8092620365220066e-14 2.308561306563206e-07 0.7450980392156863 0.3215686274509804 0.43529411764705883
v -3.4573769301462876e+18 3.6447418983898125e-32 1.4651414485894779e-31 0.9254901960784314 0.4823529411764706 0.7490196078431373
v 7287647.0 3.391551667081757e+21 -2.495844623329777e-37 0.1411764705882353 0.47843137254901963 0.5411764705882353
v -2.5146717588244887e+38 2.1196501618949524e-23 8.530334776832928e-23 0.49019607843137253 0.24705882352941178 0.6039215686274509
v 3.4369592666625977 1.2351250648498535 1.3794445991516113 0.2549019607843137 0.043137254901960784 0.9215686274509803
v -7.1093535587522124e-34 -4.158326873948681e-07 4.697295665119841e-38 0.8196078431372549 0.7372549019607844 0.6745098039215687
v -0.542468249797821 0.033245157450437546 -0.8394182324409485 0.8588235294117647 0.6470588235294118 0.49019607843137253
v 7.10812919635373e-09 -1.5827178977134704e-12 -1.0026405513961595e-32 0.25098039215686274 0.4117647058823529 0.596078431372549
v -6.954351720933638e-30 -2.609118730713749e-18 47.92496109008789 0.4666666666666667 0.6235294117647059 0.24705882352941178
v 1.2726851458309989e+25 -5.98401682757554e+19 2.562537417816202e-07 0.7490196078431373 0.09411764705882353 0.4196078431372549
v -3.783954307274362e-29 7.760811990245313e+33 -818931564544.0 0.25882352941176473 0.9333333333333333 0.7450980392156863
v 1.3153293311806811e+29 0.0011693013366311789 -5.01243441911834e-24 0.5254901960784314 0.7254901960784313 0.4235294117647059
v nan -4.92581166293975e+16 6.007863521575928 0.8705882352941177 0.7450980392156863 0.07450980392156863
v 3.837228298187256 -0.3381084203720093 1.8794983625411987 0.788235294117647 0.9215686274509803 0.5686274509803921
v -1.911348935676306e-35 6.267628279041075e-39 12107559.0 0.2196078431372549 0.7411764705882353 0.42745098039215684
v -0.9126701951026917 -0.11134175211191177 0.39323800802230835 1.0 1.0 1.0
v -2641851.0 1.197074034737282e-28 -1.5682368319379897e-38 0.25098039215686274 0.1843137254901961 0.32941176470588235
v 1.8620189976441714e-24 -1.4483281967693232e-34 8.641586899493847e+17 0.07450980392156863 0.6235294117647059 0.24705882352941178
v -9664817266688.0 -4.1689593052150104e+20 2.2279654718477292e+29 0.7490196078431373 0.6431372549019608 0.2
v 3.973312203767484e-23 -2.176180242952075e-11 407524081664.0 0.9803921568627451 0.7647058823529411 0.24313725490196078
v -163445744.0 2.1181777312661887e+21 -1.3756935183951347e-38 0.807843137254902 0.788235294117647 0.37254901960784315
v -0.0001823470665840432 0.005505268462002277 -7.360355776725482e+31 0.10588235294117647 0.24705882352941178 0.6392156862745098
v 4.364655494689941 0.685627818107605 1.0884737968444824 0.2980392156862745 0.3137254901960784 0.9254901960784314
v 8.4567287703880595e-16 -1.6112412970472467e-28 0.07018736004829407 0.20784313725490197 0.24313725490196078 0.6509803921568628
v -0.2058013528585434 0.1803799271583557 -0.9618257880210876 0.9450980392156862 0.7176470588235294 0.6235294117647059
v -1.3023539950366165e-32 -2.5840195258595815e-14 -1.8914984510373817e-37 0.25098039215686274 0.7176470588235294 0.6
v -77.85340118408203 12616633.0 -2.028993586353309e-20 0.3215686274509804 0.7686274509803922 0.24705882352941178
v -1.6236001441954361e-34 -6088287.5 9.247890786490132e-10 0.7490196078431373 0.48627450980392156 0.4588235294117647
v -9.670742133601603e-27 2.8739234348196973e-34 3247066578944.0 0.8156862745098039 0.3607843137254902 0.7490196078431373
v -1.3487902494419801e-28 4.583903860380627e-22 6.302072453133096e-36 0.5176470588235295 0.6196078431372549 0.3333333333333333
v 1.4357786466305933e-34 1.4856253278920034e+29 -1.9951380650693058e-38 0.7490196078431373 0.7490196078431373 0.3137254901960784
v 3.23173451423645 1.363386631011963 1.5911705493927002 0.7137254901960784 0.4 0.34509803921568627
v -5.732923510705382e+24 -4.498614480062668e-13 5.263035563984886e-05 0.9176470588235294 0.7411764705882353 0.1411764705882353
v 0.15827788412570953 0.15102465450763702 -0.9757764339447021 0.8235294117647058 0.6470588235294118 0.4823529411764706
v 7.292637796263107e-19 -6.131927431096695e-12 0.0010035786544904113 0.25098039215686274 0.7137254901960784 0.43529411764705883
v 0.23594579100608826 1.7921556150213291e-07 1.347214202896384e+16 0.5764705882352941 0.6745098039215687 0.24705882352941178
v -5.506072715492381e+25 -2.5935956034782762e+32 -7.41220956492926e-21 0.7450980392156863 0.3137254901960784 0.4745098039215686
v -52819247759360.0 -7.766210027786617e+33 -1.831509830025374e-32 0.28627450980392155 0.5058823529411764 0.24313725490196078
v -1.3855788364978253e-25 2.688803917709514e-16 2.6720692913656827e+37 0.7647058823529411 0.47058823529411764 0.5372549019607843
v -0.023244833573698997 37701091328.0 -9.176873705385447e-10 0.7098039215686275 0.24705882352941178 0.5176470588235295
v 4.085554599761963 1.4341270923614502 1.2827142477035522 0.21176470588235294 0.7764705882352941 0.09411764705882353
v 2.2969026166612143e-35 2.3136852676797215e-13 -3.5430188099567616e+16 0.21568627450980393 0.7372549019607844 0.07058823529411765
v 0.20722796022891998 0.2308034747838974 -0.9506767392158508 0.8470588235294118 0.6666666666666666 0.5529411764705883
v 0.04034262150526047 -8.671406093462134e-20 25462835200.0 0.25098039215686274 0.4392156862745098 0.5294117647058824
v 0.0019531248835846782 -0.1880234032869339 1.3445555107659776e+16 0.4392156862745098 0.5725490196078431 0.24705882352941178
v -4.4815494040757077e+26 -25147078656.0 8.037971265348274e-18 0.7490196078431373 0.20784313725490197 0.9098039215686274
v -823880646656.0 4.3969864059729635e+20 4.625014528890406e+26 0.3764705882352941 0.011764705882352941 0.7490196078431373
v 682731.875 5.6344139784518e-27 1.0396576415256428e-14 0.7058823529411765 0.8392156862745098 0.396078431372549
v -1.0770620055184998e+17 5.050690783478588e+27 1.7125398524948064e-14 0.3058823529411765 0.7490196078431373 0.6862745098039216
v 3.532778024673462 -0.7239639759063721 1.6568989753723145 0.41568627450980394 0.5058823529411764 0.3686274509803922
v 1565502472192.0 -7.198984482283194e-24 5.987357492647774e-28 0.5215686274509804 0.7450980392156863 0.2
v -0.950476884841919 -0.04712633416056633 -0.3072015345096588 0.29411764705882354 0.21568627450980393 0.16470588235294117
v 75644.1328125 6.265200501425663e-36 -1.4249428535730626e-37 0.25098039215686274 0.5764705882352941 0.5686274509803921
v -6.933824669574024e+19 -6.5171166809155475e-19 -9.007582043188204e-36 0.43529411764705883 0.7058823529411765 0.24705882352941178
v -2.171196188994422e+22 -3.3095373883238987e+20 986.9257202148438 0.7490196078431373 0.6941176470588235 0.8941176470588236
v -2.3180933074856037e+26 102624043008.0 -5.170724207042452e-18 0.4666666666666667 0.15294117647058825 0.7490196078431373
v -7.736698781624085e-11 66765709312.0 1.8716166291917457e+22 0.4 0.41568627450980394 0.39215686274509803
v -2.694730986238771e+16 -6.895493238923531e+24 1.6480913473060355e-05 0.11764705882352941 0.7490196078431373 0.9058823529411765
v 4.2940850257873535 0.7664618492126465 1.134016990661621 0.43529411764705883 0.15294117647058825 0.0
v 1.6301884897984564e-05 -579858304.0 4.378715396025252e-23 0.1607843137254902 0.7490196078431373 0.796078431372549
v 0.2361900508403778 0.41807442903518677 -0.8771705031394958 0.615686274509804 0.4666666666666667 0.37254901960784315
v 3.569483410705818e-28 -3.5871475669883385e-19 -1.4719506324910995e-36 0.25098039215686274 0.08627450980392157 0.14901960784313725
v -1.2052296883788484e+21 -5.541192037925965e+19 5.6090144609480626e+22 0.5607843137254902 0.2823529411764706 0.25098039215686274
v -2.2156309569254518e-06 -4.153684329821772e-08 -1848519.875 0.7450980392156863 0.12941176470588237 0.8117647058823529
v 1.6233923584538943e-19 -5.92629861831665 4.9303919255706114e+35 0.5019607843137255 0.49019607843137253 0.7490196078431373
v 6.543105492496201e-30 111959536.0 1.661713895481918e-33 0.7725490196078432 0.11372549019607843 0.39215686274509803
v 4.720071364653391e-30 -1.7886537534650415e-05 6.174018962361266e+34 0.611764705882353 0.24705882352941178 0.9254901960784314
v 4.059479236602783 1.3293988704681396 1.3994392156600952 0.3686274509803922 0.8745098039215686 0.17254901960784313
v -1810306564096.0 2.1738233796472542e-21 -1.981553784899574e+34 0.9176470588235294 0.24313725490196078 0.2
v -0.2904222011566162 -0.252805233001709 -0.9229000210762024 0.09019607843137255 0.06666666666666667 0.050980392156862744
v 4.483326270486589e-33 nan 1.506049884253226e+36 0.25098039215686274 0.047058823529411764 0.6901960784313725
v -564.2041625976562 4.586112481774762e-05 -5.939908732368918e+28 0.6274509803921569 0.8392156862745098 0.24705882352941178
v 4.695897893443491e-35 -0.014691770076751709 2.9324520563519066e-26 0.24313725490196078 0.7450980392156863 0.3686274509803922
v 6.349601253334976e-22 190.68646240234375 1.3994404546649995e-37 0.09019607843137255 0.40784313725490196 0.7490196078431373
v 7.31156867398061e-37 15856010526720.0 -4.306235107799334e-33 0.08627450980392157 0.6549019607843137 0.24313725490196078
v -6411194880.0 -1.717513110164328e+23 -4.68124549975688e+34 0.5372549019607843 0.24705882352941178 0.19607843137254902
v 3.986287832260132 -1.9399337768554688 1.4546465873718262 0.20784313725490197 0.6705882352941176 0.8470588235294118
v -7.949098193918425e-13 2.300830009114838e+35 2.248792731890381e-12 0.11372549019607843 0.24705882352941178 0.5098039215686274
v 0.0541781485080719 0.554752767086029 -0.8302493691444397 0.8235294117647058 0.6392156862745098 0.5254901960784314
v -4.890045404375581e-21 nan -1.4338011433692884e-22 0.25098039215686274 0.3607843137254902 0.7764705882352941
v 1.5880935352723046e+17 -5.788631472660639e-34 -3.797261991314672e+30 0.28627450980392155 0.7137254901960784 0.24705882352941178
v -254460928.0 -0.00021572875266429037 -1.0180907399120322e+29 0.7450980392156863 0.6745098039215687 0.9450980392156862
v -1.5206427482841468e+31 9.096547728404403e-05 1.6147651231589076e-19 0.803921568627451 0.36470588235294116 0.7490196078431373
v 49399193600.0 1.0870180649239503e+34 nan 0.16470588235294117 0.33725490196078434 0.5098039215686274
v -6.89008906570249e+18 2.431310974770895e-07 -3.500701408916114e-15 0.5490196078431373 0.24705882352941178 0.2784313725490196
v 4.849911212921143 1.2390687465667725 1.3628458976745605 0.9372549019607843 0.20784313725490197 0.4470588235294118
v 2.453605361790568e-31 -1.0433879099571972e+21 1969112743936.0 0.596078431372549 0.7411764705882353 0.2196078431372549
v -0.038849104195833206 -0.6867861747741699 -0.7258205413818359 0.5411764705882353 0.4549019607843137 0.41568627450980394
v 1.0015878027923161e+20 nan 1.7149081784680448e+16 0.25098039215686274 0.596078431372549 0.6784313725490196
v 1.058791120959003e-22 192.27120971679688 -9.141929331235588e-05 0.796078431372549 0.9686274509803922 0.24705882352941178
v -2.80248059425503e-06 -9.913723911262848e+34 2.70114783409139e+32 0.7490196078431373 0.34901960784313724 0.4745098039215686
v -3.6220331868524303e+24 -2.144852894631854e+17 -4.1113046965812815e-17 0.08235294117647059 0.4666666666666667 0.7490196078431373
v 2.8722225262382824e-26 -5782709070725120.0 1.1254575529885755e-31 0.9215686274509803 0.0 0.3333333333333333
v nan 1.639127589214695e-07 -1.559725097543061e+34 0.6313725490196078 0.23921568627450981 0.6235294117647059
v 3.860074043273926 1.7735862731933594 1.4875409603118896 0.10196078431372549 0.596078431372549 0.25098039215686274
v 3.586134647827394e+28 8.67867332275301e-33 7.405588731082387e-24 0.5725490196078431 0.24313725490196078 0.3137254901960784
v -0.9945460557937622 -0.03858266398310661 -0.09689920395612717 1.0 1.0 1.0
v 6.4168689047214444e-18 -2.762635995168239e-05 15636.6494140625 0.25098039215686274 0.5529411764705883 0.4588235294117647
v -2.5353010493407314e+30 -7.006378810459069e-10 -3131191.0 0.9372549019607843 0.5882352941176471 0.24705882352941178
v 2.5526059778754653e-26 -6.582510651243717e-35 1.2196030164454211e+27 0.7450980392156863 0.8352941176470589 0.5450980392156862
v -3.995610923470625e+36 6272349.5 2.185387903992694e+20 0.23137254901960785 0.788235294117647 0.7450980392156863
v -5.1703529607038945e-05 4627534129922048.0 1.1701543371600565e-05 0.8627450980392157 0.03137254901960784 0.2823529411764706
v -0.0014595524407923222 -0.14885161817073822 30820939071488.0 0.32941176470588235 0.7490196078431373 0.7529411764705882
v 4.54026985168457 -0.8807923793792725 2.3395514488220215 0.6196078431372549 0.9725490196078431 0.5607843137254902
v -8.77485153585332e-33 -2.9365111010133324e-14 185329808.0 0.44313725490196076 0.7450980392156863 0.49411764705882355
v 0.17378072440624237 0.017257533967494965 -0.9846330881118774 0.5725490196078431 0.4823529411764706 0.34509803921568627
v 2.5830618320749057e+24 0.20092515647411346 5.663820446076764e+17 0.25098039215686274 0.9254901960784314 0.30980392156862746
v 3.3478589766999924e-38 -2.558552752001989e+38 5.204621654954569e-18 0.5490196078431373 0.7372549019607844 0.24705882352941178
v 2.5404971636291625e+29 4.4332434239244214e-36 -9.65729848704946e+25 0.24313725490196078 0.19607843137254902 0.7803921568627451
v 3.895778115560483e+33 -1.4095851376604028e+22 -3.854903782532977e-26 0.3058823529411765 0.2196078431372549 0.7490196078431373
v -1.43580930977873e+20 2.6012706131500644e+25 4.531307045512544e+18 0.6745098039215687 0.21176470588235294 0.6078431372549019
v -2.075224599636503e-17 1.5429690240934895e+28 -6.348326371494933e+19 0.3843137254901961 0.24705882352941178 0.1607843137254902
v 4.856000900268555 1.0919246673583984 1.416567087173462 0.25882352941176473 0.39215686274509803 0.18823529411764706
v 2.712416623816928e-36 -2.1639827820474532e+18 -4.273087280267232e+36 0.5882352941176471 0.24313725490196078 0.18823529411764706
v -0.1788777858018875 0.29440540075302124 -0.9387907981872559 0.30980392156862746 0.20784313725490197 0.10980392156862745
v 2.0491616251217915e-30 6.195987693886432e+33 -1.1809609825988092e-28 0.25098039215686274 0.7686274509803922 0.24313725490196078
v -3.885569724855091e+16 2.2621331955904292e-36 6.043343794648625e-28 0.8823529411764706 0.6588235294117647 0.24705882352941178
v -3.212861159667476e-32 -1.2763747307339979e-12 22741121024.0 0.24313725490196078 0.7568627450980392 0.8392156862745098
v -2.3156847161118995e+26 -6.43877802401583e-19 -1.5325549630160124e-25 0.611764705882353 0.48627450980392156 0.7490196078431373
v 3.387000558106706e+17 6.523867749927534e+34 2.77208590960321e+37 0.7803921568627451 0.0392156862745098 0.6078431372549019
v 391464.65625 -126456304.0 2.5801864984853484e-13 0.8431372549019608 0.7490196078431373 0.6509803921568628
v 3.6360950469970703 -0.36370277404785156 2.0387649536132812 0.7568627450980392 0.7607843137254902 0.2901960784313726
v 1.1817636920480508e-16 -2.998841409862507e-06 1.4137603517681689e-15 0.6745098039215687 0.7411764705882353 0.2901960784313726
v 0.10235099494457245 0.10483353585004807 -0.9892088174819946 0.1568627450980392 0.1450980392156863 0.13333333333333333
v -1.9411201812591372e-11 2.466739936905814e-15 -5.954511780563702e-37 0.25098039215686274 0.011764705882352941 0.792156862745098
v -5.766380181352742e+28 -206720565248.0 -2.9637274537401473e+28 0.0196078431372549 0.9529411764705882 0.24705882352941178
v -1.3645434593820223e-36 -4.859470382282822e+29 -2.419898379647941e-15 0.24313725490196078 0.3686274509803922 0.9568627450980393
v -12883459072.0 -819941736448.0 -3.7831505024537653e+30 0.7764705882352941 0.23529411764705882 0.7490196078431373
v -3.810276977004281e-36 1.532656509062858e+30 -1.5689450235190065e-35 0.24705882352941178 0.17647058823529413 0.4980392156862745
v 1529.5206298828125 -3.0041551447032937e+34 -1.5856688383172017e-17 0.5098039215686274 0.7490196078431373 0.36470588235294116
v 4.667315483093262 0.4893608093261719 1.1176995038986206 0.7058823529411765 0.7176470588235294 0.10588235294117647
v 9.160189604312405e-33 1.832144246372609e+31 2.836122443563177e+21 0.29411764705882354 0.7490196078431373 0.5098039215686274
v 0.7887945771217346 0.3225974440574646 -0.5231959819793701 0.16862745098039217 0.13725490196078433 0.09803921568627451
v 1.5744554104912822e-08 1.507006609041369e-16 -3.122540875727695e-31 0.25098039215686274 0.01568627450980392 0.30196078431372547
v -7.92577411961238e-22 -5.817948589366375e+25 1.7602716142681412e-38 0.07058823529411765 0.7725490196078432 0.24705882352941178
v 22.0157470703125 -46799604.0 115016184.0 0.24313725490196078 0.6941176470588235 0.027450980392156862
v 47.941650390625 -24924526.0 6.893583481826226e-10 0.00392156862745098 0.48627450980392156 0.7490196078431373
v -4.239441738755409e-37 3.5180041106953356e-34 1.3311309243104247e+27 0.28627450980392155 0.996078431372549 0.5490196078431373
v 6.897736718829486e+18 -1.4281297603844283e+30 4.123948202160404e+28 0.011764705882352941 0.7529411764705882 0.5607843137254902
v 4.411789894104004 -2.220902442932129 2.087611436843872 0.6 0.2196078431372549 0.7215686274509804
v -2135237622497280.0 -2.415726385040689e-18 -2.3631575107574463 0.9647058823529412 0.24313725490196078 0.7843137254901961
v 0.5530169010162354 0.5129373073577881 -0.6565573811531067 0.14901960784313725 0.11372549019607843 0.07450980392156863
v -4.012026333350809e+32 3.594527892133387e-20 -1.3671018585517397e-33 0.25098039215686274 0.807843137254902 0.792156862745098
v 3.110629565343179e-14 -52845697040384.0 -8.308121339654825e-17 0.1568627450980392 0.8313725490196079 0.24705882352941178
v -0.0001902589574456215 -1.761557924449466e-32 -4.169326135830846e-15 0.24313725490196078 0.10980392156862745 0.27058823529411763
v 6.34631706761436e-22 3.673133907318811e-32 -0.002914839657023549 0.09019607843137255 0.27058823529411763 0.7490196078431373
v 7884356827742208.0 3.768061376062747e-34 1.7633622815145984e+16 0.0784313725490196 0.7137254901960784 0.5607843137254902
v -4.82214724661665e-27 -1.3267350740520968e+29 1.8675618994718004e-17 0.3607843137254902 0.7490196078431373 0.5333333333333333
v 2.9230642318725586 0.7044634819030762 3.1911203861236572 0.3843137254901961 0.49019607843137253 0.49411764705882355
v 412607264.0 -2.363530234113493e+37 -0.4760606586933136 0.6588235294117647 0.24313725490196078 0.5294117647058824
v 0.7294423580169678 -0.1662413775920868 -0.6635342240333557 0.7372549019607844 0.5725490196078431 0.4117647058823529
v -7.269105536916365e-35 2.8921105510448797e-09 -3.3521725498783424e-28 0.25098039215686274 0.0784313725490196 0.10588235294117647
v -3.1888627424650434e-27 4.591287870425731e-05 -1.6937287076329577e-13 0.8666666666666667 0.5411764705882353 0.24705882352941178
v 2.0177659878553968e-28 -3572227379298304.0 -1.8988997041446964e-08 0.24313725490196078 0.8196078431372549 0.403921568627451
v -1.593157667824714e+37 -52130987638784.0 -1.3268717120388227e-15 0.792156862745098 0.1843137254901961 0.7490196078431373
v 1.9617968707863476e-11 0.0029058901127427816 3.457820632286865e-23 0.07058823529411765 0.9294117647058824 0.5019607843137255
v 6.882650319784772e+18 2.7767513349320764e-36 2.4242174103126016e+16 0.5294117647058824 0.7490196078431373 0.996078431372549
v 4.114886283874512 -1.0481786727905273 1.8260653018951416 0.9372549019607843 0.396078431372549 0.8784313725490196
v 4789833728.0 -89254961152.0 -8.461626001730136e-22 0.03137254901960784 0.24705882352941178 0.0
v 0.13413946330547333 0.5570610761642456 -0.8195666670799255 0.2196078431372549 0.17254901960784313 0.11372549019607843
v 1.5918913241460742e+28 -5.658086616249508e-18 -1.9868836241599497e-26 0.25098039215686274 0.6588235294117647 0.6196078431372549
v 2689870.0 -48.1334228515625 -3.329973183369741e-16 0.5843137254901961 0.8352941176470589 0.24705882352941178
v 7.945466830265856e-19 1.1001656435526555e-20 5.317903235824151e-14 0.7490196078431373 0.5490196078431373 0.7803921568627451
v 825071370240.0 1.7493110780697318e-38 -2.4247705634800768e+32 0.09019607843137255 0.07450980392156863 0.7490196078431373
v 2.4743118185312045e-14 -3.7807911468235034e-08 7.759410202013926e-24 0.8705882352941177 0.21176470588235294 0.3568627450980392
v 409832554496.0 -2.5438522061358375e-21 5.068215880072065e-14 0.06666666666666667 0.7529411764705882 0.0196078431372549
v 4.2098236083984375 -2.182457685470581 1.8493664264678955 0.2901960784313726 0.23529411764705882 0.06274509803921569
v -4.1466867239199276e-14 4.5816008124576975e-34 2.762517523031475e+24 0.01568627450980392 0.7490196078431373 0.7411764705882353
v 0.8642086386680603 -0.17677715420722961 -0.4710553288459778 0.6392156862745098 0.5215686274509804 0.37254901960784315
v -4.947033451288552e-13 nan -2.340771778489244e-37 0.25098039215686274 0.2196078431372549 0.6196078431372549
v 4.235164483836012e-22 -5.908415226800658e-39 -5.179052675039942e-18 0.20784313725490197 0.9921568627450981 0.24705882352941178
v 1.750294763108842e-29 -7.908076423370782e+30 3.694100934516891e-17 0.24705882352941178 0.5843137254901961 0.36470588235294116
v -0.7494037747383118 -1.4793928666670742e+28 3.163523738447685e+37 0.6745098039215687 0.16862745098039217 0.7490196078431373
v 3.845645639075075e+36 -3.3961994469675535e-17 nan 0.984313725490196 0.06666666666666667 0.5019607843137255
v 4.306691525925929e+17 1.4258287544622087e-38 1.4403803739097185e+32 0.07058823529411765 0.7529411764705882 0.9568627450980393
v 4.766129493713379 0.4518376588821411 1.2264293432235718 0.5019607843137255 0.9176470588235294 0.25098039215686274
v -8.150424106095614e-39 -0.0002923018764704466 -1.3994068902390092e-27 0.8235294117647058 0.7450980392156863 0.14901960784313725
v -0.3229229748249054 -0.4346506893634796 0.8407137393951416 0.25882352941176473 0.1803921568627451 0.12156862745098039
v 958.97119140625 1.580744400520102e-16 1.0898385024319488e+16 0.25098039215686274 0.29411764705882354 0.45098039215686275
v -1.66314433224772e-19 1.560203313780237e+34 23.990060806274414 0.8313725490196079 0.06666666666666667 0.25098039215686274
v -5.307615264049784e+25 5.712277489650592e-35 1.5905054171070464e+16 0.7490196078431373 0.9333333333333333 0.803921568627451
v 3.875715843735212e-26 -2.0264378890662043e-20 -1.2332513980733617e-24 0.5490196078431373 0.19215686274509805 0.24313725490196078
v 2.7409802783040504e-07 2.3270850488550163e-17 14111.0615234375 0.8549019607843137 0.15294117647058825 0.30196078431372547
v 50190240.0 5.878885639003364e+34 102.6258316040039 0.9882352941176471 0.7490196078431373 0.0392156862745098
v 3.4498038291931152 -1.871849775314331 2.4484047889709473 0.7803921568627451 0.3215686274509804 0.996078431372549
v 4375.98876953125 2.722927786018604e-38 8.811005480917592e-32 0.8980392156862745 0.7411764705882353 0.4588235294117647
v -0.8833707571029663 -0.22174794971942902 0.4128969609737396 0.796078431372549 0.6313725490196078 0.5254901960784314
v -1.7413707259702806e-28 -125309.078125 33660.671875 0.25098039215686274 0.00784313725490196 0.12941176470588237
v -1.0058111945251427e+33 3.0046424865722656 -1.1062445092189189e+20 0.5568627450980392 0.054901960784313725 0.25098039215686274
v -1.3023145058914703e+35 4.933622397031171e-18 1.7535876395413652e-07 0.7450980392156863 0.3215686274509804 0.615686274509804
v -0.00018320916569791734 -5.5595008596753814e-09 1521.6229248046875 0.5098039215686274 0.3333333333333333 0.24705882352941178
v -0.4317454993724823 0.0011911910260096192 0.00019686015730258077 0.6431372549019608 0.054901960784313725 0.30196078431372547
v -51184689152.0 -52876.65625 2.0222338892296178e+21 0.9019607843137255 0.7490196078431373 0.9803921568627451
v 4.01279354095459 -2.114081859588623 2.4546854496002197 0.2901960784313726 0.5725490196078431 0.15294117647058825
v 146833850368.0 -60.31242752075195 -2.0440704684432376e-10 0.4235294117647059 0.7450980392156863 0.7568627450980392
v -0.2218349725008011 -0.3042179048061371 0.92641282081604 0.32941176470588235 0.24313725490196078 0.17254901960784313
v 1.21851983016029e+35 9.717020523016587e-18 4219794630901760.0 0.25098039215686274 0.8549019607843137 0.8784313725490196
v 1.4710267340667023e+22 9.080984069308009e+23 0.09369734674692154 0.8470588235294118 0.054901960784313725 0.25098039215686274
v -2.0546934709539e+22 1.9257757809290467e-37 1.4690160566167785e+26 0.7490196078431373 0.06274509803921569 0.4470588235294118
v -1.666243112122563e-16 1.7959708236759077e+24 -2.8076877899185876e-37 0.023529411764705882 0.2980392156862745 0.24705882352941178
v -5.488051942231241e-35 1.80355612612777e-15 14713407.0 0.00784313725490196 0.29411764705882354 0.2627450980392157
v 195995.640625 -2.4533564682887248e+29 6.354183172504303e+27 1.0 0.7490196078431373 0.8862745098039215
v 3.42084002494812 -1.8242504596710205 2.4400951862335205 0.00784313725490196 0.4196078431372549 0.0196078431372549
v -654207539478528.0 -6.041734464229417e-21 -1.2716810854081347e+34 0.8313725490196079 0.7372549019607844 0.6941176470588235
v -0.8817911744117737 -0.12163817137479782 0.45568475127220154 0.7725490196078432 0.6039215686274509 0.49411764705882355
v 6.492405354649455e-13 -505334.75 -1.70717852722287e-33 0.25098039215686274 0.00784313725490196 0.6862745098039216
v -16492249.0 4.58784525108058e-05 -4.9517264851724525e+35 0.00784313725490196 0.18823529411764706 0.25098039215686274
v -0.0006657876074314117 3.2911246789884126e-17 5.3675026258908414e+20 0.7490196078431373 0.12941176470588237 0.9294117647058824
v -9.973783810208818e+35 -5.068577880090304e-21 2.0290024087515298e-17 0.8901960784313725 0.17647058823529413 0.24313725490196078
v 6.014873928789077e-13 4.625991066165969e+36 2.9887458148435145e-32 0.0196078431372549 0.996078431372549 0.5411764705882353
v -820366409728.0 0.00033282217918895185 -3.2224902332912437e+35 0.6823529411764706 0.7450980392156863 0.10588235294117647
v 3.5889041423797607 -0.3461480140686035 2.503664493560791 0.4588235294117647 0.09019607843137255 0.40784313725490196
v 5.8261032752260535e+23 -1.6030112743954412e-19 -623413429272576.0 0.9607843137254902 0.23921568627450981 0.23137254901960785
v -0.8152228593826294 -0.5548121929168701 0.16611745953559875 0.8392156862745098 0.6549019607843137 0.4823529411764706
v -2.6993168516697293e+17 -8.777163719716453e-20 3.823728503048565e+25 0.25098039215686274 0.26666666666666666 0.23921568627450981
v -4.392729118597103e-35 1.5608415956644924e+34 -5.9582014083862305 0.9372549019607843 0.09803921568627451 0.25098039215686274
v 1.4904958423627072e-36 9.424182788320135e-12 -37924110336.0 0.23529411764705882 0.7647058823529411 0.396078431372549
v 8.653054118576783e+17 -8.499996632113996e-14 -1.75224217406756e-38 0.07450980392156863 0.11764705882352941 0.24313725490196078
v 6812.96826171875 -4.736327158234555e+31 6.846893367705623e+36 0.9921568627450981 0.2627450980392157 0.4
v -51706305970176.0 -5.62322061561264e+22 7.906984365035896e-07 0.6627450980392157 0.7450980392156863 0.4588235294117647
v 3.6709237098693848 -0.3019009828567505 2.943432092666626 0.5176470588235295 0.7843137254901961 0.5568627450980392
v -110.87226104736328 -122733396492288.0 2.991745454586871e+20 0.32941176470588235 0.7490196078431373 0.27450980392156865
v -0.961617112159729 -0.1818462610244751 0.20548579096794128 0.8156862745098039 0.6392156862745098 0.49019607843137253
v -1651434118447104.0 -6.231187007349481e-12 6.963127523508245e+22 0.25098039215686274 0.4392156862745098 0.7058823529411765
v 3.896787095048619e-24 1.7918004857619962e-07 8.670725248904887e-11 0.3176470588235294 0.043137254901960784 0.25098039215686274
v -1.1439792758066854e-28 1.1364816998593597e-07 -6.6843397513086e+27 0.7450980392156863 0.4666666666666667 0.00784313725490196
v 0.0007341057644225657 -2.0714539795322412e-17 -2.0629594963858117e-17 0.592156862745098 0.3058823529411765 0.24705882352941178
v 1.5596322844313448e-10 1.6706396763765952e-06 61489404.0 0.3137254901960784 0.2235294117647059 0.24313725490196078
v -7.098249170667259e-07 -2.112964261139791e-30 1.293764123611041e-10 0.47843137254901963 0.24705882352941178 0.8431372549019608
v 2.8914954662323 0.9952352046966553 3.342583656311035 0.33725490196078434 0.8 0.49019607843137253
v 5.751769742080438e+24 214273.015625 1.3838751478090217e-08 0.1568627450980392 0.7411764705882353 0.11764705882352941
v -0.8694204688072205 -0.1327303647994995 0.4759104549884796 0.03137254901960784 0.03137254901960784 0.027450980392156862
v -25132058.0 1.7840758000283094e-30 1.488375811486975e-10 0.25098039215686274 0.4392156862745098 0.38823529411764707
v -1.2032522034426383e-19 2.2603965720087854e-36 -12855938048.0 0.9254901960784314 0.8509803921568627 0.24705882352941178
v -5.518653251466636e-37 42.818599700927734 3.181177497060679e+38 0.7490196078431373 0.792156862745098 0.21568627450980393
v -3376156485091328.0 3.1053443635144807e+34 -1.0958927391848032e+20 0.792156862745098 0.8941176470588236 0.7450980392156863
v 0.014983831904828548 204642.96875 948419.9375 0.7098039215686275 0.396078431372549 0.25882352941176473
v -6.322265014158533e-22 1.2998276923264726e+36 40869539840.0 0.4823529411764706 0.24705882352941178 0.5568627450980392
v 2.886784791946411 0.9974901676177979 3.4535133838653564 0.2980392156862745 0.7607843137254902 0.49411764705882355
v 5.692777716881818e+16 -5.080548233630887e+30 -6.813706624236283e-29 0.5843137254901961 0.23921568627450981 0.7333333333333333
v -0.8317663073539734 -0.12054139375686646 0.5418805480003357 0.027450980392156862 0.027450980392156862 0.023529411764705882
v 5.7079551220256756e+23 4.413974234371585e-31 8.449072691485426e-11 0.25098039215686274 0.4470588235294118 0.9764705882352941
v -1.7336989839181778e+29 -769.158935546875 1.063442496091133e-14 0.7215686274509804 0.8627450980392157 0.24705882352941178
v -5.0276490315394264e-36 79.65282440185547 2.8423388523377382e+35 0.7490196078431373 0.35294117647058826 0.7137254901960784
v 3.7169330428120675e+27 382.79119873046875 1.0658623628981043e+17 0.18823529411764706 0.8862745098039215 0.24313725490196078
v 3.937880854731901e-10 15436990.0 952531.9375 0.3764705882352941 0.37254901960784315 0.2549019607843137
v -2.6486796493607224e-15 3.748240000778838e+35 2.649395673694208e+16 0.49411764705882355 0.24705882352941178 0.6901960784313725
v 2.8862266540527344 1.0108370780944824 3.399054527282715 0.6901960784313725 0.7372549019607844 0.49411764705882355
v -7.736592669971287e-05 2.921002679550139e-23 62655.48828125 0.011764705882352941 0.24313725490196078 0.9019607843137255
v -0.8321067690849304 -0.1181153878569603 0.5418921113014221 0.027450980392156862 0.023529411764705882 0.023529411764705882
v -1.1901827973957219e-26 4.383184275741626e-31 9.630171660113263e-11 0.25098039215686274 0.6274509803921569 0.9215686274509803
v -7.070571078703617e-27 3.899744784931363e+33 -0.0007307876367121935 0.28627450980392155 0.9372549019607843 0.24705882352941178
v -5.239824900905073e-38 1.072161190135726e+17 2.8134071105706573e+38 0.7490196078431373 0.5568627450980392 0.00784313725490196
v -1.0173254439100304e-20 1.1572367514480099e+26 1.904301442962976e-26 0.4980392156862745 0.6313725490196078 0.24313725490196078
v -4.3623435213705786e+20 1.432341810264619e+34 0.8768958449363708 0.4 0.33725490196078434 0.2784313725490196
v -6.176289821967022e-25 5.44022675267362e+22 -1.3247355799996556e-38 0.49411764705882355 0.24705882352941178 0.5176470588235295
v 2.893155097961426 1.0084540843963623 3.513767719268799 0.3568627450980392 0.596078431372549 0.47843137254901963
v 3.4126197313185774e+22 3.3076835630615324e-19 934.9911499023438 0.7058823529411765 0.23921568627450981 0.9333333333333333
v -0.8716951012611389 -0.08715575188398361 0.48223596811294556 0.023529411764705882 0.01568627450980392 0.00784313725490196
v -7.059039884987597e+17 4.130099401614107e-34 1.1355729689910277e-08 0.25098039215686274 0.9529411764705882 0.27450980392156865
v -34.76177215576172 -3.9915002494867347e+36 9.670964000731196e-27 0.1843137254901961 0.10980392156862745 0.25098039215686274
v 2.0130418296684306e+35 4.248021709738437e+31 6.188774550338498e+21 0.7450980392156863 0.20392156862745098 0.9058823529411765
v 2.4371739489611918e+32 -2.759280285094563e+19 -2.3969700383255772e-27 0.1450980392156863 0.47058823529411764 0.24313725490196078
v 3.9089248921001117e-29 958361472.0 6.695191174949515e-33 0.8941176470588236 0.3843137254901961 0.19215686274509805
v -1.5439876529444443e-25 2.3000460910860276e-11 -0.00010693117656046525 0.4980392156862745 0.24705882352941178 0.21568627450980393
v 2.8924906253814697 1.0132728815078735 3.512270450592041 0.6352941176470588 0.050980392156862744 0.4823529411764706
v -2.214779826203994e-08 3.5535965881994335e-21 -16607.732421875 0.6078431372549019 0.23921568627450981 0.8705882352941177
v -0.8610565066337585 -0.13314783573150635 0.4907681941986084 0.0196078431372549 0.01568627450980392 0.01568627450980392
v 3.355834046520158e-36 1.6520384749486967e-33 2.661069364862101e-09 0.25098039215686274 0.8392156862745098 0.2901960784313726
v 4.065518570687798e+19 1.1461136637080926e-05 -766.348876953125 0.8823529411764706 0.8745098039215686 0.24705882352941178
v -1.24486122999172e+23 -230.87791442871094 -437970912.0 0.24313725490196078 0.611764705882353 0.10588235294117647
v 9.961604857067125e+35 -6125.81005859375 -1.8732851007472415e-29 0.4 0.6862745098039216 0.7450980392156863
v -839435223040.0 2.5615377649293825e+37 2.6537700454915465e-35 0.26666666666666666 0.7803921568627451 0.5176470588235295
v -5.355937175751885e+16 1.5552546479645457e-19 -2.0314157485187946e-37 0.8117647058823529 0.7490196078431373 0.9450980392156862
v 3.024097442626953 -1.6115671396255493 1.9502743482589722 0.6078431372549019 0.596078431372549 0.4745098039215686
v -0.0020941852126270533 -4.706700900152696e-39 -5.083977683284502e-10 0.5686274509803921 0.7450980392156863 0.09803921568627451
v -0.9613111615180969 -0.2381988763809204 0.13835527002811432 0.8745098039215686 0.6980392156862745 0.5372549019607843
v -1.7982900657975486e-32 -7.304327487945557 5.477853298187256 0.25098039215686274 0.48627450980392156 0.4627450980392157
v 1.2737209897917268e-10 5.783748579329919e-34 2.4758949740842847e-24 0.8392156862745098 0.06274509803921569 0.25098039215686274
v -1.9678578305022512e-22 -24.652463912963867 113660.4921875 0.7490196078431373 0.5450980392156862 0.8352941176470589
v 5.807615645673487e+25 25096978.0 207859170148352.0 0.9529411764705882 0.3803921568627451 0.24313725490196078
v -4.298126021762272e-10 7.412478243946275e-29 3.909235732882332e-37 0.6823529411764706 0.17254901960784313 0.18823529411764706
v 1.9271781010655943e-26 4.05951346038935e+21 3.0129293163096965e+18 0.611764705882353 0.24705882352941178 0.9098039215686274
v 2.753208637237549 1.1451771259307861 2.3450069427490234 0.6941176470588235 0.24313725490196078 0.45098039215686275
v 976023846912.0 -1.1660207509994507 8.840815267852408e-20 0.5019607843137255 0.23529411764705882 0.4470588235294118
v -0.969305694103241 0.0240139402449131 -0.2446831464767456 0.054901960784313725 0.043137254901960784 0.043137254901960784
v 278439961559040.0 3.084669855436496e-26 4854524416.0 0.25098039215686274 0.9882352941176471 0.3058823529411765
v -2854997.0 -9.082393515847391e+23 -1.2708283116104387e-21 0.6549019607843137 0.00784313725490196 0.25098039215686274
v -5767906197504.0 -81762747154432.0 3.099513884754671e+24 0.7490196078431373 0.14901960784313725 0.4392156862745098
v -5.648558327472387e-37 418762733912064.0 7.032807585745334e-38 0.20392156862745098 0.30980392156862746 0.24313725490196078
v 1.1718533356185453e+20 1.5121112255656044e-06 3.879962720066463e-37 0.43137254901960786 0.41568627450980394 0.39215686274509803
v -7.000313633041453e+21 1.7210753965869494e-29 11562166255616.0 0.5647058823529412 0.7450980392156863 0.9254901960784314
v 3.278139591217041 -0.1780071258544922 3.3960485458374023 0.1450980392156863 0.09411764705882353 0.00784313725490196
v 3.293200877543752e+17 1.0817182434182312e+23 79034768.0 0.9254901960784314 0.7450980392156863 0.8588235294117647
v -0.9147351980209351 -0.1551690548658371 0.3730710744857788 0.023529411764705882 0.0196078431372549 0.011764705882352941
v 4.8181634512633685e+22 18420924416.0 3.1524527376695296e+17 0.25098039215686274 0.9411764705882353 0.4470588235294118
v -56.36688995361328 3.617156255626604e-35 -102926032896.0 0.5411764705882353 0.7686274509803922 0.24705882352941178
v -6.253003448364325e-08 8.264154058629308e-20 1.8420310100078916e+34 0.7490196078431373 0.1450980392156863 0.47058823529411764
v -2.257576755924606e-36 5.4350486784759955e-12 -7.332389340584639e-32 0.43529411764705883 0.14901960784313725 0.7490196078431373
v -9.583715217324195e+33 1.6094346549693423e-20 6.075571409355084e+33 0.07058823529411765 0.6549019607843137 0.37254901960784315
v -2.9569392880393463e+28 -1.0953717946987315e+17 -2.422603981671248e+24 0.3607843137254902 0.7411764705882353 0.3058823529411765
v 3.224480152130127 0.007541656494140625 3.5897998809814453 0.8235294117647058 0.09411764705882353 0.8705882352941177
v -2.291747639187414e+34 -1.5150211401055732e+19 -3.26188020071255e+29 0.7647058823529411 0.7450980392156863 0.34509803921568627
v -0.8951517343521118 -0.32408109307289124 0.3060634434223175 0.7686274509803922 0.5647058823529412 0.4196078431372549
v 1.6078973327027782e+24 2.562506225297139e-35 8.477274241158739e-05 0.25098039215686274 0.13725490196078433 0.2627450980392157
v -255699804225536.0 3075.478515625 9.26773202913347e+26 0.4588235294117647 0.39215686274509803 0.25098039215686274
v -5.93861575583568e-16 3.3253869448856905e+25 4.524075558620666e-12 0.7490196078431373 0.3333333333333333 0.38823529411764707
v -5.955394788776193e+28 -1.931748331320524e+33 -3062.7421875 0.9137254901960784 0.6 0.24313725490196078
v 1.6723083164758306e+34 -3.3466924378444673e-06 3.113179473440458e-26 0.611764705882353 0.33725490196078434 0.24705882352941178
v -2.533881431784203e+38 177151.984375 7.845969890005668e+26 0.6549019607843137 0.24705882352941178 0.09803921568627451
v 3.0638623237609863 1.3183674812316895 3.701852560043335 0.1450980392156863 0.3137254901960784 0.5058823529411764
v 1.4807557957574602e-11 -1.107249740456947e-17 -3.0054382938026717e-34 0.396078431372549 0.7490196078431373 0.8901960784313725
v -0.6615961790084839 0.3346167802810669 -0.6710605025291443 0.0392156862745098 0.03529411764705882 0.03137254901960784
v -3.6078361114447016e+25 nan 98.76641082763672 0.25098039215686274 0.8627450980392157 0.5882352941176471
v 0.12990963459014893 3.807391278525768e+30 1.7032306554726206e-13 0.2627450980392157 0.0784313725490196 0.25098039215686274
v -5.534963263612827e-18 5.38750170963855e-16 6.211969889859307e+22 0.7450980392156863 0.7058823529411765 0.8313725490196079
v -5.795086617098623e+25 6405960704.0 1.4364450279495897e-34 0.7294117647058823 0.2549019607843137 0.7490196078431373
v 5.274456568731621e-36 -6.148499374009908e-31 -1.0960885789496652e-30 0.9411764705882353 0.9058823529411765 0.2196078431372549
v 1.9267428408981628e-26 -2.9396578193413674e-37 1.3256632434548303e+35 0.6274509803921569 0.24705882352941178 0.023529411764705882
v 3.0717756748199463 1.3361918926239014 1.9124829769134521 0.5019607843137255 0.6862745098039216 0.3411764705882353
v 4.011361670563929e-05 19897776128.0 503020932562944.0 0.8823529411764706 0.23921568627450981 0.7450980392156863
v -0.8759621381759644 -0.12077345699071884 -0.4670161008834839 0.9607843137254902 0.788235294117647 0.6862745098039216
v -1.462531073799748e-27 -2.5208347562144517e-11 1.6122690309042622e+23 0.25098039215686274 0.6274509803921569 0.27058823529411763
v -3.485278288195559e-09 -9.295477407959855e+26 -3.959487258631305e-23 0.7176470588235294 0.3843137254901961 0.25098039215686274
v -1.5189388174206794e-30 1.7280964199485233e-21 1.2424029707595973e+25 0.7490196078431373 0.12156862745098039 0.9176470588235294
v 192.13128662109375 7.553119879988261e-29 -5.01196124457017e-21 0.6235294117647059 0.7372549019607844 0.7411764705882353
v -1.097626864437415e+35 -10265.6845703125 1.0867283055131635e-31 0.0784313725490196 0.49019607843137253 0.21176470588235294
v 1.2060701979522605e-27 5.200998348742371e+29 -6.8546364096421336e-37 0.6470588235294118 0.24705882352941178 0.3176470588235294
v 3.1109812259674072 -1.9806104898452759 1.9662402868270874 0.7176470588235294 0.9215686274509803 0.3764705882352941
v 6.77917844708826e+21 -1.1225194583430267e+18 -2.688562564722336e+21 0.9490196078431372 0.7450980392156863 0.1843137254901961
v -0.7935159206390381 -0.12345591932535172 0.5958951711654663 0.792156862745098 0.596078431372549 0.5294117647058824
v 472570.59375 -2.63966075664257e-08 1.3349948027549254e+19 0.25098039215686274 0.7529411764705882 0.17647058823529413
v 74040697946112.0 1.6295573097098578e-19 -97241.7265625 0.9294117647058824 0.06666666666666667 0.25098039215686274
v -2.625302063352464e-32 68873.4765625 6.742835919030912e-25 0.7490196078431373 0.43529411764705883 0.2784313725490196
v 7.157560162340815e-07 7.94500964430993e+36 400761856.0 0.3843137254901961 0.4 0.7450980392156863
v 6.2730166331682765e+22 1.0690428922259911e-20 4.315978442518674e-31 0.4 0.7764705882352941 0.23921568627450981
v 1.882188313768279e-29 0.9298866391181946 -3.4853626328649014e-36 0.4470588235294118 0.24705882352941178 0.38823529411764707
v 3.2954931259155273 1.1896159648895264 1.492988109588623 0.023529411764705882 0.34901960784313724 0.24313725490196078
v -1.7379491757369985e+38 -1.0795675102889069e+27 -1917.982421875 0.49019607843137253 0.7450980392156863 0.6274509803921569
v -0.7333095669746399 0.5077440738677979 -0.452164888381958 0.4627450980392157 0.28627450980392155 0.2235294117647059
v -1045374144.0 -118.87364196777344 -6.280264995325272e-34 0.25098039215686274 0.5176470588235295 0.37254901960784315
v 4.617175579071045 6.993420287315644e-10 800726592.0 0.1607843137254902 0.2784313725490196 0.25098039215686274
v -1.0134765136776676e+36 6.228946404007729e-06 3.1764038291363637e+37 0.7490196078431373 0.3843137254901961 0.5686274509803921
v 6.508836602983892e-19 -7.008142490695674e-38 5.775587025106907e+25 0.23529411764705882 0.2 0.24705882352941178
v -2.8628862009168376e+37 1.6734917380745173e-06 -1.1857994963980932e-27 0.4823529411764706 0.07058823529411765 0.47843137254901963
v -2.95950613034111e+28 -9.279734099199022e-13 -1.943279183060457e-31 0.0 0.24705882352941178 0.2901960784313726
v 2.9547386169433594 0.4165142774581909 2.873992443084717 0.5647058823529412 0.5686274509803921 0.4588235294117647
v 4.243388579653995e-22 6.5997357223481e+28 2.5492945446304236e+22 0.15294117647058825 0.7372549019607844 0.8392156862745098
v -0.8265082836151123 -0.01994890347123146 -0.5625709295272827 0.054901960784313725 0.047058823529411764 0.047058823529411764
v 1.9547645854101006e-24 4.725179081329183e-28 589366336.0 0.25098039215686274 0.9333333333333333 0.7764705882352941
v -21035425792.0 5.54978494119936e+19 1.8445428297665285e-32 0.5568627450980392 0.15294117647058825 0.25098039215686274
v 0.0003116745501756668 178.19039916992188 2.568667220615645e-21 0.7490196078431373 0.6352941176470588 0.4980392156862745
v 5.779083795302574e-34 -5.5652704666897534e-09 2.851972225761793e-34 0.4666666666666667 0.18823529411764706 0.7490196078431373
v 7.198160083104188e+26 2.3933009288157336e-05 -4.935693635827987e-24 0.6823529411764706 0.30980392156862746 0.3254901960784314
v -2.8242185853231065e+22 -1297963812913152.0 -2.1010857381043024e-05 0.9568627450980393 0.7411764705882353 0.8313725490196079
v 3.6462552547454834 -0.09542250633239746 2.111739158630371 0.011764705882352941 0.19607843137254902 0.3137254901960784
v -2.5903427424123617e+19 1.5164296418027898e+32 -15712002.0 0.3411764705882353 0.7490196078431373 0.10980392156862745
v -0.5491818785667419 0.5025567412376404 -0.667709469795227 0.0784313725490196 0.06274509803921569 0.06274509803921569
v -1.4665018213439896e-26 -3.850045553633469e-13 6.339419841766357 0.25098039215686274 0.7529411764705882 0.12941176470588237
v -8.443994836682123e-09 12920306688.0 824034328576.0 0.4 0.6039215686274509 0.24705882352941178
v -1609608.0 -0.0014502479461953044 -1216020873216.0 0.7450980392156863 0.5529411764705883 0.7176470588235294
v -0.011736596934497356 1.8067197990937335e+24 -1.546171263434937e+34 0.788235294117647 0.03137254901960784 0.7490196078431373
v -2.7964750555510746e+35 5.033239797169742e-11 4.609751359007251e-28 0.08627450980392157 0.00784313725490196 0.5098039215686274
v -25636102144.0 -5.216350573283521e+28 -0.1574717015028 0.7372549019607844 0.7490196078431373 0.8313725490196079
v 3.301515579223633 -1.511411190032959 1.426152229309082 0.4 0.1607843137254902 0.9333333333333333
v -9.958579913395965e-14 4.340469649873274e+28 -2.3796097601791086e-20 0.10588235294117647 0.23137254901960785 0.6352941176470588
v -0.7008741497993469 -0.5038185119628906 -0.5049179792404175 0.050980392156862744 0.043137254901960784 0.03529411764705882
v -137089120.0 -1.0372493619570378e-07 -1.1865059117030504e-30 0.25098039215686274 0.8627450980392157 0.5058823529411764
v -2.8917031428068746e-15 1.488474803827767e+28 -2.897941527637003e+25 0.6235294117647059 0.15294117647058825 0.25098039215686274
v -7.257081830543306e-17 -38726373736448.0 9.263522726676854e-10 0.7490196078431373 0.21176470588235294 0.5568627450980392
v -2.378409112101716e+29 23.92087745666504 1.6177972570917973e-19 0.5803921568627451 0.6 0.7372549019607844
v -2051759872.0 14029.935546875 -1.732161308660896e-32 0.3137254901960784 0.8196078431372549 0.30980392156862746
v 7.128802709717292e-35 4530244096.0 -4.874151374941147e+32 0.5019607843137255 0.7411764705882353 0.38823529411764707
v 4.09466028213501 -0.048958778381347656 1.7138093709945679 0.3176470588235294 0.8666666666666667 0.43529411764705883
v -2.330904863443262e-28 1.678245439507009e-06 7.860913096821116e-37 0.2 0.7490196078431373 0.7058823529411765
v -0.7137860059738159 -0.16316397488117218 -0.6810924410820007 0.06666666666666667 0.050980392156862744 0.047058823529411764
v -1.1159085223525448e-19 1.0996732019527237e-31 795480153915392.0 0.25098039215686274 0.06274509803921569 0.10588235294117647
v -2.708980810531689e+27 8.87968897922874e+20 3.7802264291257575e-29 0.6235294117647059 0.5647058823529412 0.24705882352941178
v -9.931753197633952e-10 -1.9296387466135153e-31 6.4958802691332566e+25 0.7490196078431373 0.1411764705882353 0.15294117647058825
v -6.663580667478795e-16 7.196097465414464e-35 1.8001879223093834e+24 0.8196078431372549 0.00784313725490196 0.7490196078431373
v -8.219361606262576e-13 7.369043931801214e+27 -7.605658529459273e-23 0.6784313725490196 0.788235294117647 0.33725490196078434
v -100283608.0 1.0628971516992453e+21 -5.362439825518095e-09 0.4627450980392157 0.24705882352941178 0.3607843137254902
v 4.234791278839111 1.013706922531128 1.1856908798217773 0.07450980392156863 0.2980392156862745 0.054901960784313725
v -2.8040208447841363e+33 3.406071258371668e-10 -6.304616928100586 0.09019607843137255 0.23921568627450981 0.3058823529411765
v -0.8644827604293823 0.030848253518342972 0.5017150044441223 0.050980392156862744 0.043137254901960784 0.047058823529411764
v 2.6384574828725095e-19 -5.6309761852633886e-18 8017564139520.0 0.25098039215686274 0.49411764705882355 0.6705882352941176
v -7.3000337952244955e+25 -6.829153670513677e-13 1.7856571332686144e-07 0.14901960784313725 0.21176470588235294 0.25098039215686274
v -2.516389940865338e-06 2035359616.0 0.06387948989868164 0.7490196078431373 0.20784313725490197 0.23137254901960785
v -823829594112.0 5.294018600777474e-15 -7.695883553791221e-26 0.6862745098039216 0.38823529411764707 0.7490196078431373
v 0.3093089759349823 3.3005832989364024e-23 nan 0.19607843137254902 0.7686274509803922 0.30980392156862746
v 7.717122401069132e-26 -3.2044515592133394e-06 -2.0057208530488424e-05 0.11764705882352941 0.24313725490196078 0.16862745098039217
v 3.6990768909454346 0.14473915100097656 1.8272048234939575 0.9333333333333333 0.3058823529411765 0.13333333333333333
v 3.0961402638481434e+32 8.008057955469885e-37 3403726.25 0.7764705882352941 0.7450980392156863 0.13725490196078433
v -0.754631757736206 -0.25627797842025757 -0.6040302515029907 0.043137254901960784 0.03137254901960784 0.0196078431372549
v 5.2116217957944944e+35 6.824846732477275e-33 -1.2779456189131197e-31 0.25098039215686274 0.7529411764705882 0.7333333333333333
v 7.495686801535766e+31 -3.7965501900372084e-29 -1.6258876004704488e-19 0.6509803921568628 0.6431372549019608 0.24705882352941178
v -2.4152654987119604e-08 23864670208.0 5.079721365763845e-13 0.7490196078431373 1.0 0.9921568627450981
v 5.775945776398855e-34 9.124299685936421e-05 -2.3530605809675603e-30 0.26666666666666666 0.5411764705882353 0.7450980392156863
v 31078610944.0 3.6700998650869374e-27 nan 0.14901960784313725 0.3803921568627451 0.27450980392156865
v -7.553945783031069e+30 2.510844178412898e-33 1.3660280588981277e-12 0.0784313725490196 0.23921568627450981 0.9647058823529412
v 3.4697985649108887 0.05887866020202637 2.1788272857666016 0.5450980392156862 0.4980392156862745 0.9098039215686274
v -5.72517432986071e-30 -6.33827838566354e-23 1.1798804822779505e-36 0.11372549019607843 0.7490196078431373 0.5529411764705883
v -0.8450934290885925 -0.5016746520996094 -0.18476954102516174 0.8980392156862745 0.7254901960784313 0.5568627450980392
v 513997963001856.0 -1.5386838413236669e-15 -1.1118954779337954e-32 0.25098039215686274 0.792156862745098 0.3803921568627451
v 35.76569747924805 -2.735759318736597e-12 2.5984669191707506e-18 0.2196078431372549 0.6352941176470588 0.24705882352941178
v -3.9762014771525455e-35 5.647271012161581e+25 4.0834449485276446e-22 0.7490196078431373 0.803921568627451 0.5411764705882353
v -12556537.0 -3.482453492242854e-10 -4.4886408311361924e+23 0.26666666666666666 0.5490196078431373 0.7450980392156863
v 3.422261002597198e-19 -153650.96875 6.695191174949515e-33 0.6980392156862745 0.3764705882352941 0.3058823529411765
v -4.41381051717468e+20 1.005955282880168e+19 -0.00018716005433816463 0.42745098039215684 0.7490196078431373 0.7764705882352941
v 3.3073949813842773 -0.8601597547531128 1.6692168712615967 0.20392156862745098 0.32941176470588235 0.6549019607843137
v -2827901493837824.0 63504160.0 -2.116746600958027e+30 0.7607843137254902 0.24313725490196078 0.43137254901960786
v -0.23019342124462128 0.0674220398068428 -0.9708064794540405 0.7803921568627451 0.592156862745098 0.41568627450980394
v -6.162985189762404e-25 nan 7.827246796823275e+31 0.25098039215686274 0.7843137254901961 0.2901960784313726
v -588.3453979492188 -770.0823974609375 -50147976.0 0.7725490196078432 0.6078431372549019 0.24705882352941178
v 2.0885553575389785e+28 -2.8742216016258383e+23 1607847.875 0.7490196078431373 0.4823529411764706 0.6705882352941176
v -3294928568320.0 757.2987060546875 1.105073899054787e-08 0.20784313725490197 0.49411764705882355 0.7490196078431373
v -3.084793094753475e+24 2150120960.0 -7.915580148499462e-20 0.058823529411764705 0.22745098039215686 0.39215686274509803
v -4.6244198058614696e+26 1.6693665867231957e+27 -1.8757617517445775e+18 0.5529411764705883 0.24313725490196078 0.8
v 3.973982810974121 0.37555432319641113 1.418776273727417 0.29411764705882354 0.2549019607843137 0.7725490196078432
v 3.0961545775298477e+32 -0.000131846361909993 1.5026202150096074e-18 0.8980392156862745 0.7450980392156863 0.3058823529411765
v -0.9801945090293884 0.0031994835007935762 0.19801144301891327 0.8431372549019608 0.6431372549019608 0.47843137254901963
v 3.2058746902563886e-19 -3.9212646259396966e-13 6.887496323165999e+22 0.25098039215686274 0.5294117647058824 0.7176470588235294
v -2.8402340161019838e+23 -12323.111328125 2.856021865227376e-06 0.1411764705882353 0.5647058823529412 0.24705882352941178
v -7.649524108913887e-29 -0.0005093402578495443 1.0992891041894381e-08 0.7490196078431373 0.7176470588235294 0.9647058823529412
v -1.1436037311796099e-05 7.361568049107925e-32 2.0244411849274264e-20 0.8117647058823529 0.7058823529411765 0.7450980392156863
v 1.1262234894671153e-10 -2.46657409705816e+36 -5.2396455354528754e-21 0.9294117647058824 0.8705882352941177 0.4117647058823529
v 1.88479764791637e-29 -3.893564359813695e-10 6.404135123224944e-35 0.5843137254901961 0.24705882352941178 0.8470588235294118
v 4.401767730712891 1.4913270473480225 1.1290802955627441 0.7058823529411765 0.38823529411764707 0.8901960784313725
v 2.549279457571672e+22 -3.1027513603972013e+22 8.578444939543182e+27 0.6980392156862745 0.7450980392156863 0.13725490196078433
v 0.060123153030872345 -0.07422494143247604 -0.9954274892807007 0.8705882352941177 0.6862745098039216 0.5254901960784314
v -5.199577797726694e-31 1.1150979212747787e-31 -1.2828968604100754e-36 0.25098039215686274 0.48627450980392156 0.4588235294117647
v -8.195423682306121e-25 3079.576171875 -4.156110754257564e-17 0.8549019607843137 0.6431372549019608 0.24705882352941178
v -0.060877084732055664 -5.795581527908578e-32 1.3342417470274646e+34 0.7490196078431373 0.5529411764705883 0.10980392156862745
v 1.592474023856011e+37 7.855079308294604e-23 3.1401766567529213e+37 0.1607843137254902 0.49411764705882355 0.7490196078431373
v 4.8082077547374995e-36 3.343153810122406e-16 8.688976317399836e+25 0.7529411764705882 0.49019607843137253 0.3137254901960784
v -401105056.0 2.52953821008007e+19 -2.0956037577450777e+31 0.17647058823529413 0.7490196078431373 0.9647058823529412
v 3.6204757690429688 -0.7977344989776611 2.480820417404175 0.6039215686274509 0.42745098039215684 0.4392156862745098
v 7.818734585713456e+33 -5.3970984002780135e+19 -4.891785637843386e-24 0.4 0.24705882352941178 0.4549019607843137
v -0.9856064915657043 -0.04006936401128769 0.16423842310905457 1.0 1.0 1.0
v -2.912915663655947e-37 nan 0.004004358779639006 0.25098039215686274 0.8862745098039215 0.5019607843137255
v -7.050525787832252e+32 -201631856.0 -2.251716862058431e-36 0.5725490196078431 0.8666666666666667 0.24705882352941178
v -2.7332330192544885e-15 -12801.9365234375 -4.545767851027449e-08 0.23921568627450981 0.01568627450980392 0.0784313725490196
v 2.857646904885769e-06 -2.934133563583624e+28 1.1711617607638008e-30 0.9686274509803922 0.48627450980392156 0.7490196078431373
v 9.79434677668842e-27 1.9811144647384323e+36 -1.250018438609747e-21 0.5058823529411764 0.20392156862745098 0.47843137254901963
v -0.005829640198498964 2.6295103331284078e-33 -1.9398071440777622e+20 0.5686274509803921 0.7490196078431373 0.8666666666666667
v 4.4259209632873535 0.2607724666595459 1.1046342849731445 0.22745098039215686 0.12941176470588237 0.6941176470588235
v 434676.1875 9.315363422041784e-16 -10452017152.0 0.8117647058823529 0.7450980392156863 0.8470588235294118
v -0.1032518595457077 -0.2518961727619171 -0.9622304439544678 0.8862745098039215 0.7137254901960784 0.5529411764705883
v -8.021385370144473e+33 1.196705077971678e+21 -2.776777387873125e-37 0.25098039215686274 0.49019607843137253 0.6
v -1.0481804999431566e+22 2.797962084244432e-09 0.0007308459025807679 0.08235294117647059 0.9254901960784314 0.24705882352941178
v -1.0808056686073542e-05 -9.525774214724734e-17 2.700929035981403e-09 0.7490196078431373 0.8784313725490196 0.47843137254901963
v -191.9278564453125 -9.12837713258341e-05 6.769591939966013e-13 0.047058823529411764 0.38823529411764707 0.24313725490196078
v 1.5942751690695682e-24 4.367762151957777e-09 -2.0001535788674783e-20 0.38823529411764707 0.7450980392156863 0.34509803921568627
v -6579440582656.0 -3.351514964393416e-39 -5781058486272.0 0.21568627450980393 0.24313725490196078 0.5490196078431373
v 2.969712734222412 0.19456768035888672 3.451324224472046 0.18823529411764706 0.9411764705882353 0.13725490196078433
v -4.569063257815052e-26 -5.634623843897568e-12 -1.0125226671053153e+32 0.2196078431372549 0.24313725490196078 0.36470588235294116
v 0.11241898685693741 0.17556391656398773 -0.9780282974243164 0.13725490196078433 0.10588235294117647 0.09803921568627451
v 3.5247058592765295e+25 4.175256292607434e-34 248438896.0 0.25098039215686274 0.1803921568627451 0.6196078431372549
v 1.0480081093442527e-31 -9.714965336984623e-27 -6.054763596253869e-28 0.6039215686274509 0.7411764705882353 0.24705882352941178
v -1.1911226944246563e+31 -1.534777327167059e-23 -5.3989454964702434e-20 0.7450980392156863 0.403921568627451 0.8196078431372549
v -2.1595542240886784e+17 -25335468032.0 9.464353831791636e+29 0.4823529411764706 0.27450980392156865 0.7490196078431373
v -5.234851663260542e-09 2.04559892636597e+26 -2.510194488195328e-34 0.6588235294117647 0.6549019607843137 0.43529411764705883
v -4.511514073211652e+23 4.7888939925874485e+36 1779027530481664.0 0.611764705882353 0.7490196078431373 0.0196078431372549
v 4.00511360168457 -1.1966286897659302 1.5877459049224854 0.596078431372549 0.49019607843137253 0.13725490196078433
v -0.09582368284463882 2.527176015780519e+22 -2.2939770797267354e+17 0.6666666666666666 0.7411764705882353 0.36470588235294116
v -0.1446945071220398 -0.8757557272911072 -0.4605599641799927 0.07058823529411765 0.054901960784313725 0.050980392156862744
v -3.3683959585776283e-37 2.787739513462368e-32 328302912.0 0.25098039215686274 0.5411764705882353 0.8941176470588236
v 4.705313677489616e+30 5.786506858457024e-34 -1.3613904925255382e-12 0.8823529411764706 0.807843137254902 0.24705882352941178
v -3.624989408889698e-25 -1069690816.0 4.874650736207806e-36 0.23921568627450981 0.17647058823529413 0.34509803921568627
v -1.784018905937046e-07 49788288.0 23.87713050842285 0.10588235294117647 0.34901960784313724 0.7490196078431373
v 4.189282069648311e-36 91619697098752.0 -1.8231910610406219e-29 0.13725490196078433 0.35294117647058826 0.4588235294117647
v 2.2811535018263385e-05 27675224.0 -995066613071872.0 0.7490196078431373 0.24705882352941178 0.16470588235294117
v 4.008249759674072 1.5134642124176025 1.4193263053894043 0.7019607843137254 0.4392156862745098 0.10196078431372549
v 1.428080375764697e+31 515930521600.0 9.48774427911303e-08 0.9803921568627451 0.7411764705882353 0.9764705882352941
v -0.9355838298797607 -0.13726313412189484 -0.3253331482410431 0.7215686274509804 0.5529411764705883 0.4470588235294118
v -2.665673411420793e-24 9.252676959630076e+22 8.891951577326628e+21 0.25098039215686274 0.9254901960784314 0.19215686274509805
v -1.0780017873912584e-06 846626839068672.0 -3.5664353958964057e-07 0.7450980392156863 0.8705882352941177 0.24705882352941178
v -1.9987508372466142e+24 -6.131061459472122e-18 5.5118336393246195e-17 0.23529411764705882 0.6784313725490196 0.03137254901960784
v -9.943486002949554e-24 -0.09337276220321655 -3.557191234904167e-07 0.17647058823529413 0.9686274509803922 0.7450980392156863
v 15.506649017333984 3.603535232119285e-15 -6.92879569792049e-32 0.2901960784313726 0.1568627450980392 0.2980392156862745
v 3.0212397667930406e-28 3.0243906239170864e-32 -44090990592.0 0.6235294117647059 0.24705882352941178 0.6549019607843137
v 3.49111008644104 1.1990318298339844 1.355954647064209 0.6274509803921569 0.23137254901960785 0.6862745098039216
v 2.4849667624417466e-16 3.969103694133701e+28 -4.316141391395492e+32 0.396078431372549 0.23921568627450981 0.03529411764705882
v 0.12988674640655518 0.09141731262207031 -0.9873055815696716 0.10588235294117647 0.09803921568627451 0.09019607843137255
v -8.946751672844755e-11 959438464.0 1408965888.0 0.25098039215686274 0.09019607843137255 0.1843137254901961
v 2763975469039616.0 -3305500311552.0 4.69916674927656e-30 0.25098039215686274 0.21568627450980393 0.25098039215686274
v 1708.0078125 -5.534942023494893e+35 5.441458520792795e-22 0.7490196078431373 0.3333333333333333 0.9921568627450981
v -5.522848225732801e+19 4.709867321371869e-30 5.880917402501559e+28 0.3215686274509804 0.3215686274509804 0.7490196078431373
v -2.585700108950373e+31 9.57803124732508e+37 7.103936292301764e-30 0.0392156862745098 0.24313725490196078 0.48627450980392156
v -5.978860855102539 0.0004624768334906548 3.780128640662461e-11 0.5176470588235295 0.7490196078431373 0.5843137254901961
v 3.274167537689209 -0.9379924535751343 1.649543285369873 0.20784313725490197 0.5764705882352941 0.35294117647058826
v 2.1600849628448486 1.4177754530123852e-21 -1.6941365031750838e-13 0.7176470588235294 0.7411764705882353 0.3333333333333333
v -0.2909493148326874 -0.425236314535141 -0.8570428490638733 0.8862745098039215 0.7372549019607844 0.6039215686274509
v -1.2337818682727827e-29 1.1228018761511978e-31 5.085859843537265e+37 0.25098039215686274 0.9098039215686274 0.043137254901960784
v -7.704949997333329e+19 2.5584823720406644e+38 1.0147347691614769e-20 1.0 0.6862745098039216 0.24705882352941178
v 7.728410199435988e-29 -105147904.0 3.1574858439853415e-05 0.7450980392156863 0.45098039215686275 0.043137254901960784
v -5.771194207827641e-34 -1.6145726744195183e-19 818503680000.0 0.2980392156862745 0.40784313725490196 0.7490196078431373
v -3.0136044409336507e-20 6.011706523789172e+22 9.85008785113139e+34 0.18823529411764706 0.21568627450980393 0.38823529411764707
v -1.8472877944973657e+27 -1.8478085097793742e+30 -1.432389581168536e-06 0.4823529411764706 0.23921568627450981 0.050980392156862744
v 3.3256263732910156 -0.04831123352050781 2.5752077102661133 0.19607843137254902 0.1411764705882353 0.30980392156862746
v -5.531477235896055e-29 6.058729546344038e+16 1.4307576816806248e-37 0.12549019607843137 0.7490196078431373 0.6392156862745098
v 0.1804080605506897 -0.5998275876045227 -0.7795253396034241 0.8235294117647058 0.6431372549019608 0.48627450980392156
v -229372848.0 -1.0083864299126333e-10 -2.698127511136415e-27 0.25098039215686274 0.6901960784313725 0.13725490196078433
v 3.191301575855309e+17 -1.5526012744723591e-25 -1.4833081807180214e+28 0.6 0.30980392156862746 0.25098039215686274
v -0.9224891662597656 -2.5962506242649397e-06 21584.623046875 0.24313725490196078 0.2823529411764706 0.2823529411764706
v -3.7982672131336815e+30 -2.9631730479150584e+28 -94.95293426513672 0.5764705882352941 0.615686274509804 0.23921568627450981
v -1.939767573996831e-12 8.074477303254672e-22 4.882448975992029e-25 0.8705882352941177 0.39215686274509803 0.5098039215686274
v -1684178680676352.0 5.1137772087881765e+23 1.7873972498421177e+33 0.7843137254901961 0.7490196078431373 0.6078431372549019
v 3.9953813552856445 0.7715106010437012 1.3067924976348877 0.16862745098039217 0.24705882352941178 0.5490196078431373
v 7.641209958819672e-05 7.653385989902125e+36 -8.478422387270257e-06 0.9647058823529412 0.23921568627450981 0.1803921568627451
v 0.016713598743081093 0.12118446826934814 -0.9924893379211426 0.8666666666666667 0.6941176470588235 0.5215686274509804
v -1.6643873779198515e-12 896524096.0 -1.9608150902365889e-31 0.25098039215686274 0.9725490196078431 0.2627450980392157
v 1.1920212136476735e-32 -2.734411872276632e-12 7.605351122269813e+30 0.611764705882353 0.6941176470588235 0.24705882352941178
v 1.2927729429373316e-38 -7.771840319037437e-05 7.672968593743732e+23 0.24313725490196078 0.09019607843137255 0.0784313725490196
v -2.3185304953201506e+26 -6.945806152458545e-10 -3.757506775239618e-29 0.6784313725490196 0.34509803921568627 0.7490196078431373
v -2.2070101049297775e-18 4.015436695651903e+19 2.4136540321440495e+34 0.8 0.1450980392156863 0.47843137254901963
v -1630958911488.0 8.460634319817432e-29 940581312.0 0.25098039215686274 0.7450980392156863 0.2980392156862745
v 3.7548441886901855 1.2315938472747803 1.3126754760742188 0.39215686274509803 0.9176470588235294 0.3411764705882353
v -3.097938572338421e-11 -2740196.25 -3.9440070054297394e-07 0.6980392156862745 0.23921568627450981 0.08235294117647059
v -0.845390260219574 -0.3142993748188019 -0.4318925738334656 1.0 1.0 1.0
v -4.133312936152526e+34 -3.2052923094648147e-22 2.196236356160413e+34 0.25098039215686274 0.24313725490196078 0.8627450980392157
v -4.6419535469320724e-23 -4.1721861822819194e-17 -3.1763642784376366e+37 0.40784313725490196 0.9215686274509803 0.24705882352941178
v 2.6270354164595333e-15 -1.6536190809228158e+26 1.9781005267133856e-22 0.24705882352941178 0.5333333333333333 0.3411764705882353
v -5.940106127287902e+28 -7.376955076251642e+27 -9.424553981503014e-30 0.6901960784313725 0.17254901960784313 0.7490196078431373
v 4.399747020981845e-21 0.1284322589635849 2.755339656544241e-32 0.6509803921568628 0.19215686274509805 0.5764705882352941
v nan 9.000300451589283e-06 -3.295074866145805e-37 0.3843137254901961 0.7411764705882353 0.9607843137254902
v 4.495837211608887 0.07466578483581543 1.2868133783340454 0.3176470588235294 0.6431372549019608 0.03529411764705882
v -2763.811279296875 -1.1332601119385547e-37 -8.276987983890649e-08 0.9372549019607843 0.7372549019607844 0.8431372549019608
v 0.3575880229473114 0.10390781611204147 -0.9280807375907898 0.06274509803921569 0.043137254901960784 0.0392156862745098
v 55227092992.0 -1.5756133377176074e-12 1.0117495463646264e-07 0.25098039215686274 0.5568627450980392 0.8235294117647058
v 9.518548511744265e+20 2.868518777177087e-06 1.2729340665179326e+38 0.5725490196078431 0.8470588235294118 0.24705882352941178
v -4.187721583678439e-36 -6.271806309872435e+16 -9138108784181248.0 0.24313725490196078 0.5843137254901961 0.49411764705882355
v 13169336516608.0 1.268393037831771e+38 -5.617277565761469e-06 0.9019607843137255 0.403921568627451 0.7490196078431373
v -2.0016718167791343e-22 6.23846888710802e+19 -1.9379056849302268e-26 0.9215686274509803 0.9254901960784314 0.611764705882353
v nan 1194000777216.0 -0.0001059780697687529 0.25882352941176473 0.24705882352941178 0.7725490196078432
v 3.9926156997680664 1.9116473197937012 1.3942217826843262 0.32941176470588235 0.6313725490196078 0.34509803921568627
v -858.9957885742188 -7.574640101333968e+20 -8.755807715005047e+37 0.01568627450980392 0.24705882352941178 0.6509803921568628
v 0.4593754708766937 0.39114293456077576 -0.7974844574928284 0.3607843137254902 0.28627450980392155 0.2235294117647059
v -1.2680157851718832e-05 -3.9515635208431377e-10 -5.316118559473581e-34 0.25098039215686274 0.5647058823529412 0.34509803921568627
v -8.81721639716084e-28 3.998557260378205e+36 11.969269752502441 0.03529411764705882 0.6078431372549019 0.24705882352941178
v -9.227627863619505e-23 -5.5270498705795035e-05 7.608725330946423e+32 0.7490196078431373 0.08627450980392157 0.050980392156862744
v 1.6226575894254e-19 -4.6204238721602226e+26 3.4137257687677665e+18 0.8941176470588236 0.2980392156862745 0.7490196078431373
v 2.8940777472029335e+22 301681541120.0 1.3098939291868903e+24 0.40784313725490196 0.7137254901960784 0.5568627450980392
v 0.005843792576342821 4.303169061544159e-26 1.218223523022187e+33 0.3607843137254902 0.7490196078431373 0.8470588235294118
v 4.269772529602051 0.7338197231292725 1.1474394798278809 0.596078431372549 0.18823529411764706 0.12156862745098039
v 3.912498396706898e+17 -4.550118501249697e-27 1.873485505274415e-18 0.7764705882352941 0.23529411764705882 0.8980392156862745
v 0.2134752869606018 0.2660413086414337 -0.9400268197059631 0.8352941176470589 0.6588235294117647 0.5333333333333333
v 8.134073064327777e+23 6.830196408458278e-10 -3.0541113937523326e-37 0.25098039215686274 0.4117647058823529 0.7098039215686275
v -55.6197624206543 -1.3547686208733184e+16 -1.3933939557730923e-09 0.8470588235294118 0.9725490196078431 0.24705882352941178
v -1.5136330248686384e-27 -1.6406212919104065e-15 0.003756537800654769 0.7490196078431373 0.054901960784313725 0.8588235294117647
v 822931816448.0 -1.9312418132482514e-26 3.1713710027233376e+37 0.49411764705882355 0.9647058823529412 0.7450980392156863
v 8.913105393746964e-32 2.6958802488086032e-30 4.4956644519528366e+18 0.7176470588235294 0.3803921568627451 0.5450980392156862
v 6.897360685852787e+18 368.45538330078125 1.612330561329145e-05 0.7490196078431373 0.7490196078431373 0.7529411764705882
v 3.0322341918945312 -1.4925873279571533 2.065981388092041 0.5647058823529412 0.14901960784313725 0.5137254901960784
v -1.3522810099631563e-34 -6529026.5 1.0070016612985859e-29 0.043137254901960784 0.24705882352941178 0.03137254901960784
v -0.12267784029245377 -0.8672933578491211 -0.4824441969394684 0.8901960784313725 0.7137254901960784 0.5529411764705883
v -2.6528430843029958e-18 -2.70304244622821e-05 -5.8549544251374674e-33 0.25098039215686274 0.8784313725490196 0.4745098039215686
v 3.850205866916833e-37 3.005723237991333 -2.2671150873065926e-05 0.596078431372549 0.1568627450980392 0.25098039215686274
v -7.270656299240841e-12 -56631548.0 6.308193836283235e+36 0.7490196078431373 0.6 0.7058823529411765
v -52778290380800.0 2.2264693200213515e-08 -2.2926358763728105e-33 0.9607843137254902 0.10980392156862745 0.7490196078431373
v 1.668812366075198e-34 4.5212535101096176e+33 nan 0.050980392156862744 0.03137254901960784 0.5058823529411764
v 100309624.0 2.120124492632769e-10 -6.026100157803454e-34 0.9921568627450981 0.7450980392156863 0.6039215686274509
v 3.994774341583252 0.9957046508789062 1.3542680740356445 0.13725490196078433 0.5568627450980392 0.1411764705882353
v 5.0941170585273045e-26 -6.726884232545033e-39 nan 0.9490196078431372 0.23921568627450981 0.9294117647058824
v -0.9195451736450195 -0.06939804553985596 -0.38680827617645264 0.5568627450980392 0.4980392156862745 0.3803921568627451
v -1.5748025767978505e+24 2.6680563140757396e-12 -3.764690058677131e-38 0.25098039215686274 0.9411764705882353 0.803921568627451
v 1.5046326793694263e-36 -3.0079963207244873 -1.2132775657089796e+32 0.9882352941176471 0.9098039215686274 0.24705882352941178
v 2.7631493240159998e+23 -2548442071040.0 -1.3372002868029518e+28 0.7450980392156863 0.6196078431372549 0.9294117647058824
v 2.424458258642833e-27 52515181690880.0 -2.3946912780153782e-27 0.6823529411764706 0.32941176470588235 0.7490196078431373
v -165792736.0 3.5759561805693714e+19 1.3286358211657792e+24 0.5411764705882353 0.3058823529411765 0.5647058823529412
v -6270293.0 7.039394351079181e+36 4934688716095488.0 0.6862745098039216 0.24313725490196078 0.2784313725490196
v 3.961066722869873 -1.6656967401504517 1.4497835636138916 0.8862745098039215 0.20784313725490197 0.5529411764705883
v -2.402571489417394e+38 -2.8223417101784e+22 25668712448.0 0.5254901960784314 0.23921568627450981 0.6313725490196078
v 0.26529771089553833 0.6542035341262817 -0.7082617878913879 0.19607843137254902 0.12156862745098039 0.047058823529411764
v 1.1816083192825317 2.5173418009800718e-18 4.250548325830114e+37 0.25098039215686274 0.7058823529411765 0.08627450980392157
v -3.4824775008157616e-11 -52917931343872.0 7.358245514325326e-32 0.6980392156862745 0.9490196078431372 0.24705882352941178
v 2.143347405437133e-27 -6.2180158306877826e-24 1200.2889404296875 0.24705882352941178 0.6627450980392157 0.8392156862745098
v 5.639570735433839e-37 -0.0001823611673898995 -2.351663529441495e-30 0.25098039215686274 0.07058823529411765 0.7490196078431373
v 7.150168391080056e-29 1.3714067943709394e-32 1.0117502776058659e-14 0.6039215686274509 0.10588235294117647 0.44313725490196076
v 2.1736768635038928e-11 29109838.0 -6.80783085232075e+25 0.6901960784313725 0.7490196078431373 0.058823529411764705
v 4.777204513549805 0.6525352001190186 1.2026185989379883 0.03137254901960784 0.9411764705882353 0.23137254901960785
v -3.6025991760092746e-14 -5.397064095515227e+19 -2.1904368622926995e-05 0.23921568627450981 0.23921568627450981 0.5647058823529412
v -0.13553006947040558 -0.2069600522518158 -0.9689164757728577 1.0 1.0 1.0
v -2.2939024317747818e+26 235663248.0 -3.082164267969344e-35 0.25098039215686274 0.7686274509803922 0.4470588235294118
v -1.1536765541222894e-38 51681370112.0 -1.8024095088377773e-35 0.6039215686274509 0.8313725490196079 0.24705882352941178
v -3.571620301216164e-17 -1357.5858154296875 -5.5120184539727765e-14 0.24313725490196078 0.5411764705882353 0.32941176470588235
v -3.6959711176929986e-32 -2.2466311127262755e-36 -0.0007280830759555101 0.23921568627450981 0.15294117647058825 0.7490196078431373
v 200745952.0 8.294408376299036e+36 7.96762057161615e-24 0.9372549019607843 0.25882352941176473 0.5529411764705883
v nan -6.23986053938097e-08 -0.0002081411803374067 0.00784313725490196 0.7529411764705882 0.5490196078431373
v 4.272809028625488 -2.1547927856445312 1.8855555057525635 0.7529411764705882 0.7176470588235294 0.21568627450980393
v -1.1613366968609839e-31 5.601228429273759e-36 -14831.8125 0.06274509803921569 0.7490196078431373 0.8313725490196079
v 0.6331284642219543 0.24580341577529907 -0.7339816093444824 0.5607843137254902 0.4666666666666667 0.33725490196078434
v 1.210513536641661e+21 1.4476114911641942e+33 7.440872131133789e+35 0.25098039215686274 0.7137254901960784 0.27058823529411763
v -6.817542402610022e-27 5.794804654712379e-34 1.6098109575245685e-19 0.4627450980392157 0.6 0.24705882352941178
v 5927632896.0 -1.793335581327148e-19 -21355134.0 0.7450980392156863 0.2196078431372549 0.7803921568627451
v 51502313472.0 9.69786597783171e+32 -95.51628875732422 0.13725490196078433 0.7607843137254902 0.7450980392156863
v 5.287033525129404e-38 -9.312807652687872e+16 2.1730418393712337e-21 0.12549019607843137 0.5058823529411764 0.4980392156862745
v 0.023277688771486282 -9.30038259500251e-38 4.0871538808898716e+20 0.6980392156862745 0.7490196078431373 0.5568627450980392
v 4.485452651977539 -1.4132869243621826 2.1299831867218018 0.9882352941176471 0.5058823529411764 0.43529411764705883
v -6517764806148096.0 32669546.0 1.3094916834055521e+28 0.8117647058823529 0.7411764705882353 0.5098039215686274
v 0.9544901251792908 -0.09401796758174896 -0.2830357849597931 0.6901960784313725 0.5764705882352941 0.4392156862745098
v 184283664.0 -1.1015772912120727e-30 -2.480199678651255e-27 0.25098039215686274 0.3764705882352941 0.06274509803921569
v -4.5748130061082235e-26 -12321.4375 -1.7978557596650056e-35 0.6431372549019608 1.0 0.24705882352941178
v -3.599459887482226e-06 3.35026722738436e-27 4.214416200805369e-29 0.7490196078431373 0.6352941176470588 0.5647058823529412
v 3147989.25 -7.742779536663063e+33 3337391720890368.0 0.12549019607843137 0.396078431372549 0.24705882352941178
v 1.7514293468853826e+31 2.636221538691113e+34 3.457941801321907e-23 0.7294117647058823 0.07450980392156863 0.4627450980392157
v -4.24997290506858e-14 929028046848.0 -1.6695801942283634e-37 0.6431372549019608 0.7490196078431373 0.1411764705882353
v 3.4506454467773438 -1.2881823778152466 2.42506742477417 0.7568627450980392 0.00392156862745098 0.07450980392156863
v -4.796981762245579e+29 -65296998400.0 1.4179466622556585e-28 0.054901960784313725 0.24313725490196078 0.7843137254901961
v -0.8447562456130981 0.16683287918567657 0.5084816813468933 0.7725490196078432 0.592156862745098 0.49411764705882355
v -9.208432752465858e+19 -1.8808039426803589 182690.484375 0.25098039215686274 0.8 0.27450980392156865
v -8.036100733465044e+20 -197059.65625 -3.1849335964951794e+37 0.796078431372549 0.13725490196078433 0.25098039215686274
v -6.032263718484115e-16 -1.0197969660427633e+18 7.009413685365965e+16 0.7490196078431373 0.10196078431372549 0.16862745098039217
v -4.473736936461137e-08 2.789567439430155e+22 2.5185729123034278e-21 0.7137254901960784 0.47843137254901963 0.24705882352941178
v -2.920663363936704e-11 1.1009008174035532e+30 nan 0.7568627450980392 0.8862745098039215 0.3607843137254902
v -4.562058165902272e-05 8.580840659517378e-26 -1.0918850324772455e-20 0.6196078431372549 0.7490196078431373 0.047058823529411764
v 3.115466356277466 -1.2141011953353882 2.112159252166748 0.6980392156862745 0.5294117647058824 0.38823529411764707
v -1.6972138131561935e+35 2527225.25 3.418571489791924e+37 0.5529411764705883 0.7450980392156863 0.6313725490196078
v 0.07960215955972672 0.29456815123558044 0.9523093700408936 0.403921568627451 0.26666666666666666 0.19215686274509805
v -2.3320553447436666e-33 -1.880798578262329 75649.265625 0.25098039215686274 0.19215686274509805 0.7215686274509804
v -0.15737222135066986 7.171342417677806e-07 -1.9909528595031286e+36 0.4117647058823529 0.1450980392156863 0.25098039215686274
v -2.5115479798155666e-17 3.271135032305456e-17 -4.825160431209952e-07 0.23921568627450981 0.03137254901960784 0.5333333333333333
v -5.94462779319525e+28 -1.182421915518842e+29 -5.837738164262683e-31 0.4666666666666667 0.34509803921568627 0.24705882352941178
v 2.6744512037930402e+20 7.07139691746377e-27 9.953177737715663e+37 0.48627450980392156 0.06274509803921569 0.28627450980392155
v -6.948076943913536e+21 2.017631594056465e-29 2.4261157705041114e-07 0.6352941176470588 0.7490196078431373 0.7215686274509804
v 3.728372097015381 -1.3392748832702637 2.546034336090088 0.8470588235294118 0.996078431372549 0.10980392156862745
v 296444.78125 -1.0814993345320545e-07 -1.0657557801277759e-16 0.32941176470588235 0.24313725490196078 0.6078431372549019
v 0.15961124002933502 -0.10704094171524048 0.9813595414161682 0.26666666666666666 0.20784313725490197 0.12941176470588237
v -9.583338949649105e+19 2.2796812934729094e-21 3.893572638337837e+31 0.25098039215686274 0.6666666666666666 0.16862745098039217
v 2.9465159442666776e+20 -2.3710789345351566e-30 7.239355536437037e+24 0.19607843137254902 0.10980392156862745 0.25098039215686274
v -2.4399404689613477e-22 9.816078777587892e-28 2.430610256664189e-29 0.7490196078431373 0.8666666666666667 0.14901960784313725
v -2.541484563191118e-21 -4.606778156577884e-33 6.456273927947092e-19 0.12156862745098039 0.8666666666666667 0.24313725490196078
v -7.75715193412907e-07 2.8966801208304985e+27 1.2715835698313846e-28 0.5254901960784314 0.4 0.4470588235294118
v -11.914506912231445 1.3052642421358853e-23 -1.657567000323823e-10 0.6235294117647059 0.7490196078431373 0.13333333333333333
v 3.0962727069854736 -1.248122215270996 1.7552974224090576 0.6352941176470588 0.25882352941176473 0.3411764705882353
v -9.853950728901384e+30 -1.3973543785785254e+38 -328020557824.0 0.8666666666666667 0.24313725490196078 0.42745098039215684
v -0.6438583135604858 0.19558407366275787 0.7397251725196838 0.7215686274509804 0.5333333333333333 0.42745098039215684
v -2.875939961718452e+34 -1.754975449958449e-32 52586952.0 0.25098039215686274 0.7019607843137254 0.0196078431372549
v 4608747.0 -1.4812101037169133e-31 -25116194.0 0.47843137254901963 0.8745098039215686 0.24705882352941178
v 9.06658081945011e-12 3.7054522458575065e+24 -5.455392241959195e-27 0.23921568627450981 0.34901960784313724 0.0196078431372549
v -1.5608450618966024e+34 7.018533959587721e-38 25580787712.0 0.611764705882353 0.27058823529411763 0.24705882352941178
v -2.501986122135343e-37 -8.475281624768054e+24 2.404837310995943e+31 0.8627450980392157 0.3254901960784314 0.23921568627450981
v -1.740181888816705e+21 6.6288500667101025e-18 -2819163919745024.0 0.30980392156862746 0.24313725490196078 0.6431372549019608
v 3.0793190002441406 0.16561377048492432 2.9341742992401123 0.3176470588235294 0.6352941176470588 0.3686274509803922
v -2264965.0 -198912344064.0 1.5217076130900835e+26 0.11372549019607843 0.24705882352941178 0.16862745098039217
v -0.29210230708122253 -0.4047890305519104 0.8664999604225159 0.6196078431372549 0.4627450980392157 0.3176470588235294
v 2.7947701910923842e-34 -1.0593954502272261e-36 0.9824429154396057 0.25098039215686274 0.5647058823529412 0.5764705882352941
v -5.233267447013351e-29 -845453507690496.0 -1.690808409081368e-13 0.3607843137254902 0.3333333333333333 0.25098039215686274
v 12.17388916015625 5.986113548278809 1.8802106231806755e+19 0.7490196078431373 0.9647058823529412 0.29411764705882354
v 12313.5693359375 2.871957925613176e-34 782566.625 0.9137254901960784 0.20392156862745098 0.7490196078431373
v -6.983286705876091e+29 -5.758715997217223e-05 -2.127518390567904e-20 0.23921568627450981 0.22745098039215686 0.26666666666666666
v -1.6593199412677392e-16 1.603682882044936e-21 -7.764957570507053e-26 0.3607843137254902 0.24313725490196078 0.7607843137254902
v 2.9425973892211914 0.2299579381942749 3.4056735038757324 0.403921568627451 0.5450980392156862 0.4627450980392157
v -2.7890718633271593e+23 -14800.0693359375 4.97764008957167e-28 0.25882352941176473 0.7450980392156863 0.8627450980392157
v -0.8122143149375916 -0.48735880851745605 -0.32060742378234863 0.03529411764705882 0.027450980392156862 0.0196078431372549
v 3.38193824606916e+30 -1.0593950018117175e-36 0.4243040382862091 0.25098039215686274 0.1568627450980392 0.9058823529411765
v 2.600761561663935e-32 5.544253957906996e+19 194732.734375 0.49411764705882355 0.403921568627451 0.25098039215686274
v 7.642866810535549e+27 5.588628663907291e+20 7.918700417608449e-13 0.7490196078431373 0.8901960784313725 0.8509803921568627
v 2.16550756415701e+17 -5.442504953656613e-12 4.704957195488557e+29 0.5254901960784314 0.5686274509803921 0.7294117647058823
v -4.300138669536131e+24 3.5205989328251225e-14 1.2720964064646714e+24 0.08627450980392157 0.12549019607843137 0.2627450980392157
v -1.6987522228738977e-13 4.378949971704029e-22 -1.9103410522802733e-05 0.4196078431372549 0.24313725490196078 0.3137254901960784
v 3.025602340698242 0.21645307540893555 3.0144431591033936 0.9294117647058824 0.19215686274509805 0.39215686274509803
v 3.917226010230479e-08 4.196780075118626e-27 -24154107543552.0 0.7333333333333333 0.7450980392156863 0.4117647058823529
v -0.9544252157211304 -0.22418846189975739 0.1970076709985733 0.8431372549019608 0.6666666666666666 0.5058823529411764
v -1.1095861741356489e-18 -4.1209585788237746e-07 221.34593200683594 0.25098039215686274 0.06274509803921569 0.08235294117647059
v -9.35094455378021e+26 5.786448542916964e-34 -3.7044657001493864e+27 0.592156862745098 0.45098039215686275 0.25098039215686274
v -1.3949903701895023e-35 7.557788065684359e+27 4.0495919357240584e-21 0.7490196078431373 0.7058823529411765 0.6980392156862745
v -4.074240948625858e-20 -7.200671447094983e-35 -1.1706963590404232e-30 0.42745098039215684 0.7137254901960784 0.24313725490196078
v -6.430887677666009e-38 -528.6677856445312 6.76300468775962e+36 0.5450980392156862 0.38823529411764707 0.2196078431372549
v -1.4896260499954224 -3.4573056313849076e+36 17347766272.0 0.5529411764705883 0.24705882352941178 0.9803921568627451
v 2.9323267936706543 1.1186497211456299 2.9844233989715576 0.26666666666666666 0.49019607843137253 0.33725490196078434
v -8.135988862462767e+26 3.722564213073656e+22 -106513788043264.0 0.6784313725490196 0.23921568627450981 0.9803921568627451
v -0.9819458723068237 0.05330017954111099 0.1814977526664734 0.06666666666666667 0.058823529411764705 0.054901960784313725
v 2.8399878539313152e+17 1.0996556870868965e-31 8.535330220382775e-10 0.25098039215686274 0.0784313725490196 0.48627450980392156
v 5.496630928192303e-10 -6.996063173225764e-10 5.8434286092191304e-39 0.3686274509803922 0.792156862745098 0.24705882352941178
v -5.0025860823623345e-27 2.3304828119380394e-12 3.869206351587242e+33 0.7490196078431373 0.19607843137254902 0.4392156862745098
v -13224819818496.0 1.4922116994857788 3.3001263892864596e-16 0.12156862745098039 0.34509803921568627 0.24705882352941178
v 0.17360590398311615 1.1723328086077345e-08 3985915648.0 0.5607843137254902 0.8784313725490196 0.23921568627450981
v -1.1364484635123517e-05 882565824.0 4.389938169085927e+25 0.5372549019607843 0.24705882352941178 0.9333333333333333
v 2.902043342590332 1.0983648300170898 3.2973761558532715 0.4549019607843137 0.13333333333333333 0.4627450980392157
v -34405952.0 -1.1551821005135544e+18 -6.037693985117217e-32 0.6588235294117647 0.24313725490196078 0.9607843137254902
v -0.8587068915367126 0.10426393151283264 0.5017485022544861 0.03529411764705882 0.03137254901960784 0.027450980392156862
v -9.379856361307205e+21 2.7200489651438543e-32 6.740748237366034e-11 0.25098039215686274 0.34509803921568627 0.03529411764705882
v -9.497151233699143e+26 -3.0040736198425293 2.156394674347049e+17 0.6196078431372549 0.43529411764705883 0.25098039215686274
v -2.2647857625225037e-28 0.1768808215856552 22342017220608.0 0.7490196078431373 0.6745098039215687 0.7372549019607844
v 9.088294312223157e+23 4.5954210444390175e-33 -6227942.5 0.6549019607843137 0.3843137254901961 0.24705882352941178
v 1.8307364272470246e-27 0.013565002009272575 988057536.0 0.11372549019607843 0.8117647058823529 0.24313725490196078
v -7.102726158336736e-07 2.7026342376799155e+20 7.669459046496398e+27 0.5411764705882353 0.24705882352941178 0.6627450980392157
v 2.9038827419281006 1.1098425388336182 3.2937679290771484 0.9607843137254902 0.5058823529411764 0.4588235294117647
v -1.1846631945059762e+38 2.545694302795791e-37 1.9500562059884166e-22 0.13333333333333333 0.24313725490196078 0.8431372549019608
v -0.8484955430030823 0.09890488535165787 0.5198779702186584 0.03529411764705882 0.03137254901960784 0.027450980392156862
v -9.17563552302604e+28 1.8025818426921748e-30 9.172583526062539e-11 0.25098039215686274 0.7490196078431373 0.25098039215686274
v -1.211755749386654e-19 -2.864912858058233e-06 -50233156.0 1.0 0.9725490196078431 0.24705882352941178
v -1.5889461301579124e-28 6447.40576171875 1.0560185608121972e+32 0.7490196078431373 0.7450980392156863 0.09019607843137255
v 1.0667489739040349e-14 -1.2080585280268459e-27 -835449119571968.0 0.23529411764705882 0.7254901960784313 0.24313725490196078
v 45.763423919677734 3190942072832.0 14433.5615234375 0.23137254901960785 0.44313725490196076 0.27058823529411763
v -2.5287416196725397e-21 9.464162884314464e+18 2174841918586880.0 0.5411764705882353 0.24705882352941178 0.5882352941176471
v 2.880833625793457 1.0980201959609985 3.4717788696289062 0.6980392156862745 0.9882352941176471 0.49019607843137253
v -8.28207646342753e-23 0.013137879781425 -1406582259712.0 0.44313725490196076 0.24313725490196078 0.8862745098039215
v -0.8486198782920837 0.11269254982471466 0.5168604850769043 0.027450980392156862 0.023529411764705882 0.023529411764705882
v 9.214216470924279e-22 4.4447848817021175e-31 8.021858177720276e-11 0.25098039215686274 0.0784313725490196 0.8509803921568627
v -7.499570463886798e-24 3303938457600.0 4.566424831864424e-05 0.29411764705882354 0.4627450980392157 0.25098039215686274
v -8.732023427738667e-32 7.257532222159091e+21 2.8157688957569546e+35 0.7490196078431373 0.011764705882352941 0.22745098039215686
v 1.4876133261221295e+28 0.00036516066757030785 -5.494340528052476e+19 0.12941176470588237 0.1411764705882353 0.23921568627450981
v -3.3069208673091406e+21 1.485651250891068e-36 2.539673625064858e-35 0.47058823529411764 0.1843137254901961 0.19215686274509805
v 4.929747596754884e-24 -6.250163663825678e+33 52494644.0 0.5333333333333333 0.24705882352941178 0.1607843137254902
v 2.9258337020874023 1.0853137969970703 3.6292121410369873 0.6549019607843137 0.16862745098039217 0.37254901960784315
v -1.0030176087411772e+32 -1.621229643043586e-18 -1.0229875613276818e-08 0.4235294117647059 0.7411764705882353 0.11372549019607843
v -0.7929447293281555 0.14039607346057892 0.5928975939750671 0.027450980392156862 0.0196078431372549 0.011764705882352941
v 8.635040781096022e+20 4.130099401614107e-34 5.496534338789161e-09 0.25098039215686274 0.8705882352941177 0.2823529411764706
v 5.102537591567338e-16 4.07169413706799e-20 -2.262494061360402e+23 0.7725490196078432 0.9058823529411765 0.24705882352941178
v 6.814933200869615e-31 5.9285763710134365e-34 4.7647393976682536e-32 0.7490196078431373 0.33725490196078434 0.20392156862745098
v -2.215288990768667e+20 -4.7123149827289254e-30 2.6473995708191844e-15 0.00784313725490196 0.15294117647058825 0.24705882352941178
v -2.6201195040473233e+35 -1405.116943359375 2.538756562462561e+37 0.1568627450980392 0.29411764705882354 0.3333333333333333
v -3106478.0 -1.636173139772709e+31 1.8355666109167472e+34 0.6392156862745098 0.7490196078431373 0.4392156862745098
v 3.3517589569091797 -0.07975220680236816 2.593125820159912 0.1450980392156863 0.5764705882352941 0.3607843137254902
v -2.546472366304897e-08 12337186.0 19.21828269958496 0.27058823529411763 0.7490196078431373 0.5450980392156862
v -0.8892694115638733 0.0976661741733551 -0.44683459401130676 0.9019607843137255 0.7254901960784313 0.5607843137254902
v -3.9053250237391587e+24 -1.5915953876885986e-35 1.7691771984100342 0.25098039215686274 0.5019607843137255 0.4235294117647059
v -1.5217602955046837e-20 -1.629803137448151e-19 -407884431360.0 0.6705882352941176 0.023529411764705882 0.25098039215686274
v 2.2529990712628538e-27 202236880.0 7052301940293632.0 0.7490196078431373 0.2901960784313726 0.9137254901960784
v 6.662633578764646e-16 1530.14990234375 -1.3401553087752371e-12 0.6549019607843137 0.13725490196078433 0.7490196078431373
v 6.786033378381061e-33 6833258889216.0 1.868726224228555e+19 0.44313725490196076 0.7254901960784313 0.2823529411764706
v -4.709622137994995e+29 -4.058538653343957e-28 9024870897680384.0 0.30980392156862746 0.23529411764705882 0.396078431372549
v 3.1299169063568115 1.2902367115020752 1.7963836193084717 0.47843137254901963 0.4666666666666667 0.396078431372549
v -2.019309340897511e-17 -277352445640704.0 5.746084780716813e+21 0.6745098039215687 0.23921568627450981 0.1607843137254902
v -0.9385450482368469 0.2028128206729889 -0.2792850136756897 0.050980392156862744 0.047058823529411764 0.0392156862745098
v -3.5462369851302356e-05 -1.147824906515796e-30 0.000630772381555289 0.25098039215686274 0.9568627450980393 0.44313725490196076
v -148552.328125 6.671357488725774e-16 -1.4409100697727913e-34 0.1843137254901961 0.4549019607843137 0.25098039215686274
v -5.847280193133249e-17 nan 29146750.0 0.7490196078431373 0.25882352941176473 0.7529411764705882
v 9.033940265515175e-36 1.426679659743968e-06 1.688978411339484e-13 0.15294117647058825 0.00392156862745098 0.7411764705882353
v 3.616186939735949e-13 4.990851006025194e-27 1.1445184158204924e-28 0.34509803921568627 0.9176470588235294 0.2901960784313726
v 1.172354464351919e-30 0.0005075043882243335 -1.047798372987662e+31 0.6235294117647059 0.24705882352941178 0.803921568627451
v 2.7359800338745117 1.2310705184936523 2.498730182647705 0.2549019607843137 0.9607843137254902 0.47843137254901963
v -984058.75 3.4617410185503237e-22 -11527531790336.0 0.2784313725490196 0.24313725490196078 0.19215686274509805
v -0.9700772166252136 0.17418622970581055 0.16914327442646027 0.07450980392156863 0.06274509803921569 0.06274509803921569
v 1.4065779186772374e+29 -118.3730239868164 163687040.0 0.25098039215686274 0.7215686274509804 0.45098039215686275
v -845.556396484375 -0.00018339129746891558 4.957221255501016e-24 0.06274509803921569 0.7490196078431373 0.24705882352941178
v 1.7198629635016469e-31 4.532833372650202e-06 2.9517420791990943e-36 0.7490196078431373 0.8901960784313725 0.807843137254902
v 9.703435949965543e-27 1.1277311605231054e+23 -1.7647774537566587e+21 0.4745098039215686 0.09019607843137255 0.7411764705882353
v 6.249905037947201e-09 -2.9780862563326405e-13 -1.3032680895686524e-21 0.16470588235294117 0.3058823529411765 0.3333333333333333
v 1.1466035465794566e-33 -2.3528891134997305e-17 -1.7374485397868018e-17 0.9098039215686274 0.7411764705882353 0.26666666666666666
v 3.588120698928833 -0.15015888214111328 2.1912803649902344 0.03137254901960784 0.5882352941176471 0.29411764705882354
v 3.656235354290437e+31 -7.549422455606902e-28 6.785597257696896e-12 0.1450980392156863 0.7490196078431373 0.4549019607843137
v -0.9481008052825928 0.30859309434890747 -0.07664985209703445 0.08235294117647059 0.06666666666666667 0.06274509803921569
v 2.9285342536448854e+26 3.6190538735675336e+32 0.0029129022732377052 0.25098039215686274 0.06274509803921569 0.9411764705882353
v 7.172139231366756e-27 -4.1705477029245743e-17 -2.25531710049375e-36 0.6313725490196078 0.8627450980392157 0.24705882352941178
v -816648192.0 3.192172165219416e-32 1.765562374876714e+22 0.7490196078431373 0.14901960784313725 0.050980392156862744
v 1.481318484296059e-31 382.13677978515625 -6729523873710080.0 0.596078431372549 0.6078431372549019 0.7450980392156863
v 1.246762184708122e-28 -1.3797987699508667 2.5586649186844054e-35 0.12549019607843137 0.7490196078431373 0.23137254901960785
v 1.2026022721978996e-27 9.129335154511864e-08 6.1325425263588985e-18 0.807843137254902 0.24705882352941178 0.4235294117647059
v 3.470668315887451 -1.281118392944336 2.481088161468506 0.7098039215686275 0.06666666666666667 0.4666666666666667
v 3.792943239212036 -3.559827824416316e+37 -3.431933574951693e-31 0.788235294117647 0.7372549019607844 0.06666666666666667
v -0.6545628309249878 0.20223364233970642 -0.7284565567970276 0.9098039215686274 0.7568627450980392 0.596078431372549
v 60478.578125 nan 89464496128.0 0.25098039215686274 0.4392156862745098 0.1843137254901961
v 9.576254277193015e-28 3.7962501662630593e-29 1.2615703914880587e-21 0.6862745098039216 0.9019607843137255 0.24705882352941178
v 3.1147095536435132e-15 883683200.0 -986164.0 0.7450980392156863 0.9647058823529412 0.9215686274509803
v 2.666972384647863e-15 -1.894792807295787e+30 -1.2051574997516154e-27 0.4470588235294118 0.5882352941176471 0.24313725490196078
v 1.0800149501533225e+18 -12579175424.0 -4.6934007557643076e-27 0.7372549019607844 0.9372549019607843 0.2980392156862745
v 9.624654630032417e-27 7.44023999989284e-15 -0.3129911720752716 0.27450980392156865 0.7450980392156863 0.5254901960784314
v 2.971498489379883 0.8780075311660767 2.985527515411377 0.9411764705882353 0.3568627450980392 0.47843137254901963
v -3.472638064359509e-33 -1.8075913910884896e-15 -2.4265807151009773e-24 0.5843137254901961 0.7450980392156863 0.23529411764705882
v -0.7678722739219666 -0.3327074944972992 -0.5474284887313843 0.058823529411764705 0.043137254901960784 0.0392156862745098
v 3.438927961840754e-11 4.3028109930850585e+35 39.383201599121094 0.25098039215686274 0.1411764705882353 0.13333333333333333
v 4.008471002033622e+23 6.066733250858236e-28 -6588706324480.0 0.4980392156862745 0.9019607843137255 0.24705882352941178
v -0.00037068314850330353 3.5643519247230415e-09 1.2371408964880765e-23 0.7490196078431373 0.06666666666666667 0.3568627450980392
v -3.7877649402252645e-29 4.516429842276919e+23 1.8888095311830593e+30 0.6235294117647059 0.011764705882352941 0.7490196078431373
v -6.7516319761987385e-28 -5.662313211458104e+22 1.3803189460220423e+27 0.5411764705882353 0.21176470588235294 0.5176470588235295
v 6.20614944849291e+34 -0.0002338823105674237 -1.1654882337149111e+25 0.5254901960784314 0.7490196078431373 0.00392156862745098
v 3.142824411392212 -1.0338094234466553 1.6873774528503418 0.20784313725490197 0.8470588235294118 0.0392156862745098
v -1.2582026614002466e-34 -1.997629598786986e-17 -1.3531054064354812e-19 0.0784313725490196 0.7490196078431373 0.7803921568627451
v -0.418319433927536 0.29400917887687683 -0.8593994379043579 1.0 1.0 1.0
v -2.523257691677827e-08 6.72856345956936e-33 1.9000245671701428e+37 0.25098039215686274 0.7215686274509804 0.08235294117647059
v 4.907424013221354e-38 -2.7321461065765718e-12 -105427949846528.0 0.6274509803921569 0.00392156862745098 0.25098039215686274
v 2.9098774907430316e-33 5.1007956454968595e-36 3.345063395036214e+23 0.7490196078431373 0.4627450980392157 0.22745098039215686
v -4.269410617142172e-14 420869516034048.0 1.3952620068521372e-37 0.7333333333333333 0.8862745098039215 0.7450980392156863
v 3076.984130859375 1.0208489356445367e-36 1.6737509576343382e-33 0.4549019607843137 0.7607843137254902 0.20392156862745098
v -190.61770629882812 3.3028334841395113e-12 47347975323648.0 0.6588235294117647 0.24705882352941178 0.9176470588235294
v 3.2029829025268555 1.2616708278656006 3.8377327919006348 0.39215686274509803 0.3411764705882353 0.20392156862745098
v -1.3508191278682432e+38 1.9838884011643818e+38 -340905492480.0 0.4666666666666667 0.7450980392156863 0.7529411764705882
v -0.6874073147773743 -0.07893107086420059 -0.72197026014328 0.9607843137254902 0.792156862745098 0.6980392156862745
v -537401688064.0 7.681138973522212e+19 56966592331776.0 0.25098039215686274 0.2980392156862745 0.26666666666666666
v 1.794927332091961e+38 -5.819567752327445e+25 -9.426098487040446e-30 0.39215686274509803 0.5333333333333333 0.24705882352941178
v -5.592801608145237e-05 -341727200.0 -846559461769216.0 0.7450980392156863 0.23137254901960785 0.2627450980392157
v -0.002929288661107421 1.8874937993752352e-29 -3.8428835144896717e-26 0.6 0.7058823529411765 0.7450980392156863
v -5.68817851181944e+25 4.612239429863407e-33 1.1022863258946017e-31 0.24313725490196078 0.01568627450980392 0.4392156862745098
v -1.1558591486005852e+26 -5.183735494895802e+22 7.938415172392649e+28 0.13333333333333333 0.23921568627450981 0.047058823529411764
v 3.921066999435425 0.08013296127319336 1.6871111392974854 0.34509803921568627 0.6627450980392157 0.9450980392156862
v 6.988725797838768e-34 8.751637055260037e-16 4.1165873879249927e-32 0.24705882352941178 0.7490196078431373 0.17254901960784313
v -0.9533345699310303 -0.1793912798166275 0.24284133315086365 0.8470588235294118 0.6666666666666666 0.5254901960784314
v -0.04131974279880524 6.776677912716455e-33 508256.3125 0.25098039215686274 0.9019607843137255 0.9333333333333333
v -18370562883584.0 -0.0007333690300583839 -4.461883662543187e-08 0.2235294117647059 0.29411764705882354 0.25098039215686274
v -1.4287988676204954e+17 -2.115511819056337e-07 -13978.8115234375 0.7450980392156863 0.050980392156862744 0.10196078431372549
v 1.041583759375241e-17 1.2384135265916061e+35 1.2606837370741393e-21 0.9411764705882353 0.3764705882352941 0.24705882352941178
v 214.02244567871094 -1.130893881144679e-12 9.269859956985441e+28 0.37254901960784315 0.6901960784313725 0.4196078431372549
v nan -9.071899657725251e-30 -3.791494323006638e-29 0.7058823529411765 0.7450980392156863 0.08627450980392157
v 3.5484256744384766 -0.27300500869750977 2.279052972793579 0.803921568627451 0.8196078431372549 0.49019607843137253
v 7.2679707779654014e+22 56693845131264.0 -0.01017748937010765 0.1568627450980392 0.24313725490196078 0.9098039215686274
v -0.8145847320556641 0.258308470249176 -0.5193539261817932 0.0784313725490196 0.06666666666666667 0.06666666666666667
v 5.612486996954972e+17 1.7841271456215533e-30 157912.21875 0.25098039215686274 0.7058823529411765 0.3686274509803922
v -2.9999903753568325e-23 5.419168972773786e+16 1.5496540161747436e-25 0.30196078431372547 0.6039215686274509 0.24705882352941178
v -3216226130067456.0 -5.0621642105834725e-24 5.649148344748743e-14 0.7490196078431373 0.08235294117647059 0.403921568627451
v 804388416.0 -3.3157409122735006e-16 -5.962023735046387 0.2549019607843137 0.1607843137254902 0.7490196078431373
v 1.8496226143575878e-13 4.1818066253557684e+23 -7.469368307832829e-26 0.3764705882352941 0.32941176470588235 0.3803921568627451
v -1.1567073298930944e+26 2.0648403733503073e-06 926724.5 0.5647058823529412 0.7490196078431373 0.9176470588235294
v 3.406567096710205 0.24382328987121582 2.0974502563476562 0.5411764705882353 0.7411764705882353 0.13333333333333333
v -6.146237424265162e+29 7.3570451669003534e+19 1.4447289998705866e+23 0.9803921568627451 0.7450980392156863 0.803921568627451
v -0.38289156556129456 -0.3990209400653839 0.8331725001335144 1.0 1.0 1.0
v -1.4595307185061301e-08 -31817274.0 -3.1658785790105287e-34 0.25098039215686274 0.6274509803921569 0.2
v -7.733159598788397e-12 2.484273465758637e-24 0.1872023493051529 0.30196078431372547 0.3137254901960784 0.25098039215686274
v -0.0008034445345401764 107768.4921875 7.940172874345517e-19 0.7490196078431373 0.00784313725490196 0.3803921568627451
v 3.5468903883789734e+21 -2.9485063510008835e-31 0.0014544212026521564 0.5372549019607843 0.7607843137254902 0.7450980392156863
v -9.278202489614079e+28 3.407335105779634e-35 54.122798919677734 0.7215686274509804 0.8196078431372549 0.4
v -4.4126501365831906e+20 8172563968.0 -1.8152847088362697e+25 0.03137254901960784 0.24313725490196078 0.5294117647058824
v 3.436978340148926 0.25334811210632324 2.0687670707702637 0.4 0.5843137254901961 0.2549019607843137
v 1.476636772113158e-16 1.0411796145105884e+26 3.747024912570396e-09 0.9450980392156862 0.7450980392156863 0.26666666666666666
v -0.8111830353736877 -0.15560154616832733 -0.5637111067771912 1.0 1.0 1.0
v 2.998792819374718e+29 nan 1933.4686279296875 0.25098039215686274 0.3686274509803922 0.3686274509803922
v -6.018530717477705e-36 4.1717074101433737e-17 2.0788248205345787e-17 0.00784313725490196 0.1607843137254902 0.25098039215686274
v -0.0013026073575019836 9.319746817543825e-15 1.2710721625291937e+28 0.7490196078431373 0.7843137254901961 0.27450980392156865
v 13204737490944.0 -7.58020002505564e+30 -4.7221836328394285e+29 0.7647058823529411 0.7568627450980392 0.24313725490196078
v 7.228330341962286e+32 3.830668744629847e+24 -2.9643757222200353e-28 0.06274509803921569 0.4627450980392157 0.4235294117647059
v nan -5.573319244805107e-14 2.031431557388294e+32 0.5215686274509804 0.24705882352941178 0.9411764705882353
v 4.399893760681152 1.1604101657867432 1.0663444995880127 0.8901960784313725 0.403921568627451 0.25098039215686274
v -2.8304290760731016e-27 -2.640901805494711e+19 -1.4918480573389383e+21 0.1803921568627451 0.24313725490196078 0.12941176470588237
v -0.5956510305404663 -0.19308651983737946 -0.7796905636787415 0.03137254901960784 0.027450980392156862 0.0196078431372549
v -0.0007924956735223532 8.248922781161069e+22 6.799706197407884e-12 0.25098039215686274 0.6196078431372549 0.07450980392156863
v 1.235120339337925e-09 3.003995656967163 -3.172899282559288e-22 0.11372549019607843 0.0 0.25098039215686274
v -1660744.0 -0.0008464417769573629 2.4206811248359007e-27 0.7490196078431373 0.33725490196078434 0.5294117647058824
v -9.689392839183049e-27 2.6797604482318336e+16 4.281429902680392e+17 0.9921568627450981 0.4588235294117647 0.7490196078431373
v 35423776768.0 2.7864073174264738e-18 6.475340012454534e-13 0.403921568627451 0.32941176470588235 0.3764705882352941
v -6414313984.0 1.1151311357625641e+26 9.873185820353099e-30 0.4549019607843137 0.24705882352941178 0.9372549019607843
v 4.1418046951293945 0.9735289812088013 1.238027811050415 0.615686274509804 0.8313725490196079 0.10196078431372549
v -1809.9849853515625 1.3242544021329758e-37 2.7417820729737965e+27 0.7764705882352941 0.23921568627450981 0.8823529411764706
v -0.9978629350662231 0.02412998117506504 0.06072303280234337 0.8431372549019608 0.6588235294117647 0.4980392156862745
v -1.517326935082665e-23 0.01237466186285019 3644961587200.0 0.25098039215686274 0.0 0.4980392156862745
v 1.655648318139188e-17 5.811259338796646e+25 393203.28125 0.6549019607843137 0.9098039215686274 0.24705882352941178
v 5.048083753400092e-23 2.6053117612333504e-38 4.281924583638545e+28 0.7490196078431373 0.43137254901960786 0.35294117647058826
v 2.663384141325057e-15 1600082688.0 2.5336512264352017e+38 0.3607843137254902 0.3764705882352941 0.7490196078431373
v 6.08349300826678e-32 906191765504.0 -1.2048062101297592e-27 0.5098039215686274 0.7803921568627451 0.5529411764705883
v 2.9488507708456744e-31 -1.0804804162489745e-07 2.4586034872782353e+23 0.2 0.24705882352941178 0.47058823529411764
v 3.211113452911377 1.757887840270996 1.8584537506103516 0.5764705882352941 0.6823529411764706 0.4588235294117647
v 1.049550335530114e-09 3165411082240.0 2144022575448064.0 0.047058823529411764 0.7490196078431373 0.5098039215686274
v 0.04338536411523819 -0.9934676885604858 -0.10554451495409012 0.807843137254902 0.5882352941176471 0.4666666666666667
v 9.339873994354885e-26 -0.001737578772008419 6.279078848293286e+33 0.25098039215686274 0.25098039215686274 0.6392156862745098
v -8.690802909122868e+19 1.4830093153702819e-31 52518025428992.0 0.4666666666666667 0.6549019607843137 0.24705882352941178
v 2.476591678680836e-21 -1.3437347463444608e-31 1.1196445220873238e-35 0.7490196078431373 0.29411764705882354 0.5450980392156862
v 206561017856.0 -1.3585947688035671e-12 2.7442207141335663e+19 0.7176470588235294 0.16862745098039217 0.24705882352941178
v -5.3989464504411444e-05 -2.4793953640548163e+33 nan 0.2784313725490196 0.7137254901960784 0.20784313725490197
v -48612.171875 -2.4692686616422256e-38 -1.7660074556118815e+28 0.7372549019607844 0.24705882352941178 0.5686274509803921
v 4.032058238983154 1.744882345199585 1.3157193660736084 0.7725490196078432 0.1450980392156863 0.2784313725490196
v 1.1198135474455029e-10 799931105280.0 -7.1120176812365185e+19 0.0 0.7450980392156863 0.7372549019607844
v -0.45610883831977844 0.41585320234298706 -0.7867851853370667 0.10588235294117647 0.08235294117647059 0.0784313725490196
v -3.208428949034151e-34 4.382530102708948e-11 1056573760.0 0.25098039215686274 0.1843137254901961 0.6274509803921569
v -212378.125 -9.520270428841999e+29 -25740417024.0 0.8901960784313725 0.8666666666666667 0.24705882352941178
v -742051840.0 -5.54561507826179e-09 6.136430036280885e-26 0.7450980392156863 0.5529411764705883 0.21568627450980393
v -3.5219369599889e-38 1.9855642352578835e+36 -2.302110863952701e+26 0.17254901960784313 0.17254901960784313 0.7490196078431373
v 4.467202177018013e-39 30111342526464.0 -4.508384956533583e-30 0.2784313725490196 0.6470588235294118 0.5137254901960784
v 7.910781723445346e-23 -4.720040343357473e-33 117572656.0 0.9411764705882353 0.7411764705882353 0.8784313725490196
v 4.265049934387207 -0.104164719581604 1.7291557788848877 0.7176470588235294 0.27450980392156865 0.6431372549019608
v -119705645875200.0 -8.328509318825891e+32 -1.39295012868267e-15 0.41568627450980394 0.7490196078431373 0.792156862745098
v -0.46646904945373535 -0.31876444816589355 -0.8251035213470459 0.054901960784313725 0.043137254901960784 0.03529411764705882
v 1.4589259624481201 6.824908445930693e-33 -2.014126415962078e-37 0.25098039215686274 0.7058823529411765 0.9019607843137255
v -598306996617216.0 2.3823675885823165e+29 -1.4397602893608932e-34 0.6745098039215687 0.6705882352941176 0.24705882352941178
v -1.1005139941705488e-14 1.263788171610381e-36 5.59926296444928e+17 0.7490196078431373 0.01568627450980392 0.792156862745098
v -201595488.0 3.395607362996489e-13 4.941175824688821e-24 0.4980392156862745 0.7607843137254902 0.7450980392156863
v 7.974577340430512e+21 -1.896909913249945e+33 4.34679285143113e-31 0.792156862745098 0.03137254901960784 0.23137254901960785
v -7.752660774056639e+33 -0.00011333970178384334 -1.8121835976270262e-10 0.9725490196078431 0.7490196078431373 0.9254901960784314
v 3.428333282470703 -1.4820886850357056 1.3916823863983154 0.42745098039215684 0.6431372549019608 0.5882352941176471
v 145484240.0 3.0919657025701985e-14 -9.535192947718318e-12 0.30980392156862746 0.24313725490196078 0.027450980392156862
v -0.7219149470329285 0.3431040942668915 -0.6009312868118286 0.9098039215686274 0.7450980392156863 0.596078431372549
v 1.4804359525248205e-32 -1.4970350195489361e-15 1.5479081660873888e+30 0.25098039215686274 0.7450980392156863 0.9137254901960784
v 0.8927108645439148 3.468599920208904e+18 2.9935898780822754 0.8117647058823529 0.5607843137254902 0.24705882352941178
v -1.4181257887868142e-32 -4.7998277309104984e-14 -3.965155382007499e-23 0.23921568627450981 0.8156862745098039 0.6078431372549019
v -806627840.0 3.2441007743139954e-19 -1.0026400799803732e-20 0.7450980392156863 0.011764705882352941 0.7411764705882353
v 1.004248444830115e+29 6.431185100469179e+36 -5.228813379149295e-18 0.3607843137254902 0.8941176470588236 0.3686274509803922
v -2.8936261424452594e+25 4.402855510732273e-11 -1.2854369778415105e-15 0.8117647058823529 0.7490196078431373 0.023529411764705882
v 4.090389728546143 -0.3987159729003906 1.860588788986206 0.8196078431372549 0.23137254901960785 0.01568627450980392
v -1.693083093727553e-23 -1943552.0 1.6527263108799848e-24 0.7568627450980392 0.24313725490196078 0.27450980392156865
v -0.5077199339866638 -0.47827258706092834 -0.7165722250938416 0.050980392156862744 0.043137254901960784 0.03137254901960784
v 4.928866974135718e+23 -6.757600658602314e-06 -1.4210550911136398e-37 0.25098039215686274 0.34509803921568627 0.3843137254901961
v 1.5991336469935422e-36 -9.718837996916797e-27 0.011658936738967896 0.011764705882352941 0.6705882352941176 0.24705882352941178
v -5593137152.0 -0.00036464814911596477 -9.841886910640039e-17 0.7450980392156863 0.1450980392156863 0.0392156862745098
v 1.4759837382837223e-31 -6120.578125 7.31945420074819e-32 0.47058823529411764 0.12549019607843137 0.7490196078431373
v 4372499240321024.0 2.9685361435409433e+34 5.166097849692135e-22 0.33725490196078434 0.8117647058823529 0.4980392156862745
v -3.032413367143844e-25 3.9189842322290855e-35 -2.0627158089773535e-17 0.8823529411764706 0.24705882352941178 0.20784313725490197
v 4.0007219314575195 1.7737621068954468 1.3578542470932007 0.011764705882352941 0.788235294117647 0.49411764705882355
v -6.740408053929059e-08 -0.0031013349071145058 6.798952566391827e-35 0.5725490196078431 0.23921568627450981 0.7647058823529411
v 0.20852990448474884 0.21775509417057037 -0.9534662961959839 0.4666666666666667 0.35294117647058826 0.27058823529411763
v 3.459896205336328e+29 nan 1923350400.0 0.25098039215686274 0.8156862745098039 0.5686274509803921
v 1.5777217164024755e-30 196908.9375 -8.648200211514023e-11 0.5725490196078431 0.3333333333333333 0.25098039215686274
v 4378886144.0 -1.8539920987326042e-10 27651602432.0 0.7450980392156863 0.45098039215686275 0.7176470588235294
v 6.049765326565698e-28 -1.263453762189394e-21 5.6969583965837955e-06 0.796078431372549 0.09019607843137255 0.7490196078431373
v 11177490432.0 5.719522341432973e-32 -2.817921153765776e-31 0.054901960784313725 0.6 0.5607843137254902
v 1.2352030399528785e-24 -3.6141587261432825e-28 -9.774850167206241e-19 0.6431372549019608 0.24705882352941178 0.2196078431372549
v 4.0168046951293945 1.467718243598938 1.4125406742095947 0.9215686274509803 0.43529411764705883 0.07450980392156863
v -0.058654483407735825 1.2114000608670244e-31 5.087347210164239e-11 0.5725490196078431 0.24313725490196078 0.21568627450980393
v -0.36101993918418884 0.48736199736595154 -0.7950741052627563 0.9254901960784314 0.7215686274509804 0.6235294117647059
v -2.189467982281789e-19 -1.966449507450001e-26 -4.405410519935146e-38 0.25098039215686274 0.5803921568627451 0.5647058823529412
v -3.312022812368254e+20 -6.068851292314576e-28 -2.076955392350209e-17 0.7372549019607844 0.7764705882352941 0.24705882352941178
v -3.1670184598498145e-29 -0.8512992262840271 -9.998046588148541e+19 0.7450980392156863 0.7686274509803922 0.3686274509803922
v 7.15211001534044e-07 -1.1281091926758269e+23 -1631779422208.0 0.6666666666666666 0.2823529411764706 0.7490196078431373
v 1.1583102628876124e-23 2.2332503075007774e-14 nan 0.9333333333333333 0.9686274509803922 0.33725490196078434
v nan 7.605026871649375e-15 -3.0463557314557573e+31 0.7098039215686275 0.7372549019607844 0.06274509803921569
v 3.3210737705230713 -0.19188463687896729 3.224152088165283 0.4549019607843137 0.7137254901960784 0.16862745098039217
v 6786325504.0 0.15161237120628357 -111016624.0 0.4392156862745098 0.24313725490196078 0.8549019607843137
v -0.85638827085495 -0.2122168391942978 -0.4707047641277313 0.08627450980392157 0.07058823529411765 0.06666666666666667
v 3.7601429756289508e-25 1.7841420038701477e-30 0.0017919555539265275 0.25098039215686274 0.8627450980392157 0.2235294117647059
v 5.628841677207674e-07 -2.37286794289756e-30 8.840718768703149e+20 0.24313725490196078 0.6509803921568628 0.24705882352941178
v -8.905307363605276e+31 -1.9386713068225703e-10 -9.246158699793838e-11 0.7411764705882353 0.3764705882352941 0.6352941176470588
v 4.157020322059127e-17 -6.315621381445152e+37 -6549355888640.0 0.15294117647058825 0.44313725490196076 0.7490196078431373
v 2.39184859140557e-32 0.1984872668981552 2.035029818232078e+25 0.5058823529411764 0.6588235294117647 0.4823529411764706
v 1.9336396730662113e-26 3.166111539609773e-10 -1.0587198652489693e-11 0.44313725490196076 0.24705882352941178 0.5725490196078431
v 3.7522215843200684 0.9257307052612305 1.3622488975524902 0.9137254901960784 0.43529411764705883 0.5019607843137255
v -0.04656987264752388 2.043264119398231e-39 -2.2665841460994869e+21 0.27058823529411763 0.7490196078431373 0.7843137254901961
v -0.8517071604728699 0.3501584231853485 0.38985133171081543 0.792156862745098 0.611764705882353 0.5137254901960784
v 1.729722476362383e-09 nan 690569152.0 0.25098039215686274 0.9882352941176471 0.4196078431372549
v -0.008241902105510235 1.0685468860378768e-14 9.69933757905341e+32 0.8392156862745098 0.6588235294117647 0.24705882352941178
v 1.1897089239758422e+24 -2.628125958941574e-34 4.0255977281310904e-29 0.7490196078431373 0.0784313725490196 0.5686274509803921
v -2.2107341978799073e+20 1.879824341144501e+30 -1.4656229310755747e-31 0.12156862745098039 0.47843137254901963 0.7490196078431373
v -0.01862180046737194 -4.167388835868071e+30 9.109441741802124e+31 0.16470588235294117 0.8196078431372549 0.5098039215686274
v 1.146094594259749e-33 155668.109375 3526193577984.0 0.8705882352941177 0.24705882352941178 0.48627450980392156
v 3.7953567504882812 1.8355019092559814 1.4854105710983276 0.49411764705882355 0.09803921568627451 0.9686274509803922
v -2.508562463756257e-27 -27.031190872192383 -3.293134572655972e+38 0.47058823529411764 0.7450980392156863 0.12549019607843137
v -0.05637628957629204 -0.0050042541697621346 -0.9983970522880554 0.8745098039215686 0.7019607843137254 0.5372549019607843
v -0.00027035464881919324 1.682150232112948e-33 2.8590098442235835e+35 0.25098039215686274 0.9882352941176471 0.34901960784313724
v 4.0744309023200755e+22 -1.5532322399370195e-25 -5.911162362601485e-31 0.5607843137254902 0.9764705882352941 0.24705882352941178
v -1.473545174418436e+30 -7.338804564049894e-10 1.759029748693386e+25 0.7490196078431373 0.6313725490196078 0.7725490196078432
v 12564716.0 8.572396007147438e+17 -2.193254425904315e+20 0.7607843137254902 0.4588235294117647 0.7490196078431373
v -5.047117439260107e-36 2.1405990096104785e+31 -3.874516265299203e-36 0.4470588235294118 0.1803921568627451 0.4823529411764706
v -2.5167918791003584e+38 -24641534.0 4.6471288546208505e+27 0.5215686274509804 0.24705882352941178 0.7607843137254902
v 2.938199996948242 1.0905554294586182 3.1960372924804688 0.9215686274509803 0.5372549019607843 0.29411764705882354
v 47.6872673034668 -8.005060566844307e-36 -1.0402469901096834e-13 0.7647058823529411 0.23529411764705882 0.48627450980392156
v -0.3549273908138275 0.28535541892051697 -0.8902801871299744 1.0 1.0 1.0
v 8.054858364348697e-19 -5.611026061507788e-38 -2.065541403544938e-22 0.25098039215686274 0.07058823529411765 0.5607843137254902
v -58.378509521484375 -2.6090236049433054e-18 -2.2060274085037238e+20 0.8823529411764706 0.6352941176470588 0.24705882352941178
v 1.686410566590564e+24 -1.5299822128925145e-33 -5.3183781048075785e-20 0.24313725490196078 0.7725490196078432 0.1843137254901961
v 4.05591372817898e-20 -1.3738213071107654e+19 1.1314457879052497e-05 0.39215686274509803 0.4392156862745098 0.7490196078431373
v -4.362568927908316e-22 1.0007946835428643e+37 -2.1973198475046078e-14 0.09411764705882353 0.7568627450980392 0.28627450980392155
v -2.8256977926207163e+22 -2.0175466283058435e+24 -2.8257434103936617e-30 0.6274509803921569 0.7490196078431373 0.49411764705882355
v 3.1719799041748047 -1.2176170349121094 1.6178760528564453 0.20784313725490197 0.11764705882352941 0.5372549019607843
v 7.902768706280705e+25 -2.5687144800044444e-29 -3.172773863568559e-32 0.3843137254901961 0.7490196078431373 0.47058823529411764
v -0.007536470890045166 -0.9160134196281433 -0.40107691287994385 0.12941176470588237 0.11764705882352941 0.12156862745098039
v 2.4319114731382112e+19 -5.393078653352226e-21 -1.807311768649149e-29 0.25098039215686274 0.7529411764705882 0.4980392156862745
v 1.4638466597493146e+17 1.6302821267216074e-19 -1.8248400750788085e-32 0.2627450980392157 0.9294117647058824 0.24705882352941178
v -1.069585029645847e+30 -0.0004529374127741903 47.978755950927734 0.7450980392156863 0.4823529411764706 0.06666666666666667
v 9.678368816181377e-27 -410555285504.0 -0.005803027655929327 0.050980392156862744 0.21568627450980393 0.7490196078431373
v 7.49095839284165e+34 3.7461871243430875e+23 -1.5320652548082196e-38 0.9450980392156862 0.6784313725490196 0.3764705882352941
v -6575664136192.0 1.9914519916177944e-25 -1.8513180853310805e-32 0.3333333333333333 0.7490196078431373 0.6823529411764706
v 3.0410141944885254 0.19516384601593018 2.9849720001220703 0.6 0.011764705882352941 0.2549019607843137
v 0.030059607699513435 9.829996174945937e-37 1.4377928037835137e-19 0.4117647058823529 0.7450980392156863 0.08235294117647059
v -0.9286795258522034 -0.14747682213783264 -0.3403010964393616 0.7372549019607844 0.5607843137254902 0.43529411764705883
v -5.520541379597746e+32 1.6237357938245632e+16 1.8363295882805248e+17 0.25098039215686274 0.0784313725490196 0.5686274509803921
v 4.780127901267788e+18 1.7927924034211173e-07 7.545838661092262e-29 0.8470588235294118 0.8901960784313725 0.24705882352941178
v 2.821857010268504e+19 -2.50065428808336e-31 -4.60329806412141e+22 0.7450980392156863 0.6431372549019608 0.29411764705882354
v -1.5483324276394655e-25 -6.89924030098047e+18 -3.038511754979268e-25 0.42745098039215684 0.984313725490196 0.23921568627450981
v 3.3277672498403785e-18 2.260875042736643e-09 2.716896289294949e-32 0.06274509803921569 0.5568627450980392 0.35294117647058826
v -9.12908508325927e-05 1.7739649076765546e-22 4.223832654704693e-23 0.8117647058823529 0.7490196078431373 0.5647058823529412
v 4.088335037231445 -0.34322333335876465 1.8535023927688599 0.48627450980392156 0.2980392156862745 0.6039215686274509
v -8598444834816.0 -7.002288426231111e-39 3043189.0 0.996078431372549 0.23921568627450981 0.3411764705882353
v -0.981875479221344 -0.09736832231283188 0.162603959441185 0.6509803921568628 0.5647058823529412 0.4392156862745098
v 3.8985792540210604e-16 nan -3.196991756342635e-34 0.25098039215686274 0.09411764705882353 0.8274509803921568
v 9533672448.0 0.011750869452953339 -3.7913569931487643e+30 0.48627450980392156 0.596078431372549 0.24705882352941178
v 4.250869455399121e+31 -4.813813568484398e-33 69817105121280.0 0.7450980392156863 0.9803921568627451 0.4666666666666667
v -201087824.0 -4.431590028275423e-08 1.4060811119703271e+22 0.8941176470588236 0.43529411764705883 0.7490196078431373
v 5.00405740737915 9.070862036819067e+34 2.7717613910495514e+37 0.047058823529411764 0.8156862745098039 0.5098039215686274
v -1.3185361666840116e-15 -3.8256719518773305e-17 8.851558557469473e-36 0.2784313725490196 0.24705882352941178 0.803921568627451
v 2.902101516723633 0.895796537399292 3.31235671043396 0.7333333333333333 0.3843137254901961 0.49411764705882355
v 1.349597454071045 -3.315341639428469e+28 -6.0134782398825794e+22 0.3686274509803922 0.23921568627450981 0.5647058823529412
v 0.06262175738811493 0.19949033856391907 -0.9778968095779419 0.8196078431372549 0.49411764705882355 0.38823529411764707
v -8.540434852377654e-12 -7.3046183586120605 3.268795529013518e+35 0.25098039215686274 0.06274509803921569 0.6392156862745098
v -2.1557169759137717e-37 3.005215883255005 -7.45965389793404e-29 0.1411764705882353 0.10980392156862745 0.25098039215686274
v -1.2493787670789215e-20 277084379283456.0 4.651391649593604e-31 0.7490196078431373 0.5215686274509804 0.7607843137254902
v -0.04680343717336655 6270074.0 -8.05419752458745e-20 0.8549019607843137 0.0 0.7490196078431373
v 7.0408897997673286e-15 84176368.0 3.472898778064699e+26 0.19607843137254902 0.9647058823529412 0.5058823529411764
v -7.406109196029448e+27 31223324672.0 8.881892617218501e-12 0.6431372549019608 0.7490196078431373 0.3607843137254902
v 4.128138065338135 -1.2697550058364868 1.5381596088409424 0.6901960784313725 0.3568627450980392 0.16470588235294117
v 1594257768972288.0 -2.0237561367082904e+27 -171.74786376953125 0.30980392156862746 0.7450980392156863 0.5764705882352941
v 0.7377421259880066 -0.07484033703804016 -0.6709214448928833 0.6039215686274509 0.5098039215686274 0.396078431372549
v 513508.03125 -1.9361496990441323e-26 -3.549488714942353e-24 0.25098039215686274 0.9176470588235294 0.9333333333333333
v 4.736300240892888e-09 -4.58959948446136e-05 -3.3173124230884534e-16 0.47058823529411764 0.9058823529411765 0.24705882352941178
v 8.72906494140625 4.388432722706423e-25 -6.446814235740198e+23 0.7411764705882353 0.08627450980392157 0.5725490196078431
v -9.071399688725024e+23 -1.5046593709598849e-28 -6.301521885101311e-22 0.9921568627450981 0.396078431372549 0.7490196078431373
v -7.169446954787429e-15 1.5135298150761978e+37 5.041039185016416e-05 0.8862745098039215 0.6745098039215687 0.5529411764705883
v 25091904.0 9928367734259712.0 -6719348224.0 0.21176470588235294 0.7490196078431373 0.7254901960784313
v 4.791747570037842 0.46452808380126953 1.2172170877456665 0.20392156862745098 0.11764705882352941 0.3843137254901961
v 7.0796977868669045e-31 2.911995167325925e-30 4.358475962362718e-06 0.6078431372549019 0.23921568627450981 0.6470588235294118
v 0.6535309553146362 -0.40322840213775635 -0.640549898147583 0.8156862745098039 0.6235294117647059 0.4588235294117647
v -1.1375380268540176e+27 -1.6819516304167337e-06 2.4859954740063657e+38 0.25098039215686274 0.3137254901960784 0.29411764705882354
v -9.800334987986048e-10 3308945408000.0 1.6996827393884334e-13 0.8549019607843137 0.7333333333333333 0.24705882352941178
v 6.260081209835159e-29 -84328054784.0 1.927592446678973e-36 0.24313725490196078 0.8392156862745098 0.7568627450980392
v 9.50624386701992e+29 -1.0028606884035062e-20 -1.2321385125513211e-24 0.00392156862745098 0.44313725490196076 0.7490196078431373
v 828083.9375 366.0682678222656 6.107868038879171e-19 0.6509803921568628 0.06666666666666667 0.5254901960784314
v 1.4946730136871338 151089840.0 -8.164257444275735e-38 0.2549019607843137 0.7490196078431373 0.3176470588235294
v 3.870789051055908 -0.7191407680511475 1.7836689949035645 0.3764705882352941 0.03529411764705882 0.7490196078431373
v 5.865571346292842e+34 -6.650039416623272e+21 -1.9189532734905946e-36 0.14901960784313725 0.24313725490196078 0.7215686274509804
v 0.8015840649604797 -0.09621256589889526 -0.5900899171829224 0.6392156862745098 0.5176470588235295 0.3843137254901961
v 0.0001212331626447849 5.384871066815268e-22 -4.063578359972066e-34 0.25098039215686274 0.48627450980392156 0.8313725490196079
v -6.424218980125744e+37 1.792617325691026e-07 2.901949313371317e+25 0.6235294117647059 0.7568627450980392 0.24705882352941178
v 4.868462009919274e-29 -1.1965609263316107e+30 1.224172813821431e-36 0.24705882352941178 0.6549019607843137 0.13725490196078433
v 767.2094116210938 -2.2581183639624488e+23 4.0106071719483756e-20 0.6901960784313725 0.13333333333333333 0.7490196078431373
v -4.2435156653973753e-35 9.974285492537678e+25 -1.1270962391333958e-30 0.28627450980392155 0.30980392156862746 0.5450980392156862
v 7.170777271180004e-35 -5.070976200776342e+31 -141014564077568.0 0.14901960784313725 0.7450980392156863 0.3686274509803922
v 4.494049549102783 0.5599830150604248 1.041402816772461 0.6431372549019608 0.6509803921568628 0.09803921568627451
v -134003197739008.0 -232703.90625 1599428.75 0.5058823529411764 0.7450980392156863 0.3254901960784314
v 0.23944316804409027 -0.7740364074707031 -0.586118221282959 0.47843137254901963 0.40784313725490196 0.34901960784313724
v -35.93560028076172 -2.523973945216354e-34 -2.6935562024374795e-31 0.25098039215686274 0.7450980392156863 0.7411764705882353
v 4.550843738541501e+22 50475840.0 -7.570842939211823e+30 0.19215686274509805 0.10980392156862745 0.25098039215686274
v 5.560472261623934e-24 3.4373714012484913e-22 2.640319949218948e+22 0.7490196078431373 0.7725490196078432 0.9725490196078431
v 1.4426137330208922e-34 -3.1070596532329145e+34 -1.2882638038920033e-18 0.3803921568627451 0.13725490196078433 0.7411764705882353
v 781.1366577148438 1.9414309479701334e-17 0.8255575895309448 0.10588235294117647 0.5686274509803921 0.6078431372549019
v nan 1.3234888538670994e-22 -276996.09375 0.9450980392156862 0.24705882352941178 0.47058823529411764
v 3.130627155303955 -0.9731261730194092 1.7638559341430664 0.1843137254901961 0.996078431372549 0.5568627450980392
v -468475.53125 -4.374101209435341e+17 176.7421112060547 0.788235294117647 0.24313725490196078 0.9254901960784314
v -0.34236282110214233 -0.5403504967689514 -0.7686410546302795 0.06274509803921569 0.06274509803921569 0.047058823529411764
v 1.98780483860957e-20 237553025024.0 4.558350371023331e+37 0.25098039215686274 0.5568627450980392 0.03529411764705882
v 175179956224.0 -7.007115443435907e-10 -3141124.5 0.4235294117647059 0.7607843137254902 0.24705882352941178
v 1.5664867055184462e-27 -4.9150809699850946e+29 7.831801054267364e-32 0.24705882352941178 0.6980392156862745 0.34901960784313724
v -804151424.0 4.5214230732557775e+23 -1627082063872.0 0.10588235294117647 0.023529411764705882 0.7450980392156863
v 0.34676167368888855 79991119872.0 8.680339049541641e-18 0.8549019607843137 0.11372549019607843 0.6078431372549019
v 3.101101447823834e+34 2949.024169921875 -2.8256234515532287e+29 0.6980392156862745 0.7490196078431373 0.5294117647058824
v 4.131635665893555 -0.4605567455291748 1.8910126686096191 0.9607843137254902 0.7254901960784313 0.9764705882352941
v -1.3646851520321796e+31 -70.62442016601562 6.733092051555903e-34 0.6784313725490196 0.7450980392156863 0.35294117647058826
v 0.725481390953064 -0.3294365704059601 -0.6042750477790833 0.26666666666666666 0.23137254901960785 0.1843137254901961
v 5.458958419792505e+20 1.587591413583847e-13 -1.1590397975446608e-35 0.25098039215686274 0.8666666666666667 0.7725490196078432
v 2.1352444870257286e-30 1.355000978604032e+16 7.976540551514706e+36 0.9098039215686274 0.027450980392156862 0.25098039215686274
v -4.2374455457311985e-33 7.552952087497871e-37 119528.5 0.24705882352941178 0.2196078431372549 0.07450980392156863
v 1.0154737387165194e-20 6.788234254220815e-13 47.65480041503906 0.49019607843137253 0.25882352941176473 0.7490196078431373
v -6.584036067859413e+20 1.5910764308787458e+21 8.390274513752127e-27 0.27450980392156865 0.09019607843137255 0.5137254901960784
v 2.0730747572244776e-17 1.4852060131486597e+19 1.465443915137024e+16 0.2784313725490196 0.7450980392156863 0.8549019607843137
v 4.416714191436768 -0.15003156661987305 1.7963318824768066 0.4980392156862745 0.4666666666666667 0.8980392156862745
v 1.4692306859266664e-28 -3.2451655754822013e-20 -6.325452432065504e-06 0.6352941176470588 0.24313725490196078 0.00392156862745098
v 0.8844475746154785 0.062397975474596024 -0.4624491035938263 0.2 0.16862745098039217 0.12941176470588237
v -1.6527187980439536e-35 nan -7.285125780043646e-34 0.25098039215686274 0.06274509803921569 0.4823529411764706
v -1.2144445072771457e-26 -4.591962351696566e-05 -3.5951903528893146e-35 0.7764705882352941 0.6196078431372549 0.24705882352941178
v -495211876712448.0 2.649084789189861e-17 -1.195561841662436e-37 0.23921568627450981 0.38823529411764707 0.10196078431372549
v -12592633.0 -2.2823659128374623e-33 -795980672.0 0.03529411764705882 0.49411764705882355 0.24705882352941178
v -8.14048269695855e-31 2.1119479909828477e+26 62959906816.0 0.25882352941176473 0.06274509803921569 0.4
v -1.6211251080936747e-19 -0.033033739775419235 -705541.9375 0.6862745098039216 0.7490196078431373 0.0784313725490196
v 3.304096221923828 -1.32514488697052 2.3159947395324707 0.3686274509803922 0.25882352941176473 0.9882352941176471
v 2.3082717536552987e+25 109.12508392333984 -1.4409262803383172e-05 0.7137254901960784 0.23529411764705882 0.5529411764705883
v -0.9330916404724121 0.08871447294950485 -0.34852495789527893 0.7803921568627451 0.5764705882352941 0.4666666666666667
v -21918.91796875 2.783022923225076e-09 2.840955124355445e+31 0.25098039215686274 0.9803921568627451 0.0784313725490196
v 0.9318206310272217 2.369960240071366e-30 -3.1095597969362553e+34 0.30196078431372547 0.0196078431372549 0.25098039215686274
v -8118108160.0 6.344355770683208e-18 -1.4434764270622226e-38 0.7411764705882353 0.4745098039215686 0.6823529411764706
v -4.5811597374267876e-05 3047.808349609375 9.8973175414398e+35 0.22745098039215686 0.4196078431372549 0.24705882352941178
v 7815003648.0 2.2497867254399097e-30 -4.414391284720929e-27 0.5490196078431373 0.10588235294117647 0.3568627450980392
v -2.784168673386489e-09 7.981347603908896e+32 3.9522371543154316e+21 0.6470588235294118 0.7490196078431373 1.0
v 3.1029319763183594 -1.276524543762207 2.106611728668213 0.6078431372549019 0.10588235294117647 0.4392156862745098
v -0.0016078855842351913 -6.712956292176386e-06 1.2221406748208628e-22 0.7176470588235294 0.23137254901960785 0.27450980392156865
v 0.36823633313179016 0.07680923491716385 0.9265539646148682 0.5529411764705883 0.4392156862745098 0.33725490196078434
v 2.9950390087817453e+26 -1.783827811862588e-32 229305.703125 0.25098039215686274 0.7764705882352941 0.7803921568627451
v -1.2776460246288714e-25 1.3543845434228736e+16 -1.3949904564825033e-09 0.9686274509803922 0.1450980392156863 0.25098039215686274
v -1.8003068653904553e-14 1.286658846028982e-17 2.1432900842633833e+21 0.7490196078431373 0.9411764705882353 0.3137254901960784
v -8.650694978940436e+17 -1.2944713807989075e-18 -5.610446155269604e+22 0.7411764705882353 0.3333333333333333 0.24705882352941178
v -28006.873046875 1.2597357454069424e-05 5.250402023222387e+27 0.7529411764705882 0.15294117647058825 0.2901960784313726
v -4.607243673519557e+26 -7.055871072351989e-23 -1.402703979988772e-29 0.6588235294117647 0.7490196078431373 0.8
v 4.134120941162109 -1.5505855083465576 2.5722150802612305 0.9607843137254902 0.18823529411764706 0.39215686274509803
v -9.143289207713678e-05 -342361024.0 -93869253328896.0 0.00784313725490196 0.7490196078431373 0.7764705882352941
v 0.10340236872434616 0.24684467911720276 0.9635226130485535 0.2980392156862745 0.23921568627450981 0.1568627450980392
v 1.3193320676069836e-28 2.633157193787277e+25 2.2755928934665998e+20 0.25098039215686274 0.5098039215686274 0.15294117647058825
v -1.177483140327085e-32 1.3535215771189248e+16 -5.44704645971672e-12 0.23921568627450981 0.09019607843137255 0.25098039215686274
v -7.050523581932485e-19 1.1061529735023095e-29 5.8510879122879835e-21 0.7490196078431373 0.8705882352941177 0.15294117647058825
v 4.47049366414376e-08 1568711.5 -3.5812774116645783e+24 0.3333333333333333 0.7294117647058823 0.7411764705882353
v 5.305702469505898e+28 6.316588276741128e+32 1.0989708275344068e-11 0.9490196078431372 0.0196078431372549 0.5372549019607843
v 3.9749859312922614e+36 -1.3100826180485906e+20 -3.2137228673617925e+30 0.6627450980392157 0.7490196078431373 0.07058823529411765
v 3.134526014328003 -1.322624921798706 1.7970712184906006 0.8392156862745098 0.788235294117647 0.4549019607843137
v -8.037596976873118e-11 2.9054660076984455e+33 -1.1570392767737306e-15 0.09019607843137255 0.24313725490196078 0.8901960784313725
v -0.5401021242141724 0.11183051019906998 0.8341363668441772 0.7215686274509804 0.5333333333333333 0.4392156862745098
v -7.68720567612719e+29 -1.7044373926349538e-35 3164826.75 0.25098039215686274 0.6470588235294118 0.2980392156862745
v -4.194076193704155e-18 -3303365410816.0 -4.954022030099892e-24 0.011764705882352941 0.9372549019607843 0.24705882352941178
v 5.937199114038911e+30 3.5432873960870863e+22 3.5798439057543874e-06 0.7450980392156863 0.8823529411764706 0.27450980392156865
v 3.54872447932722e+21 -1.1828985911916228e+29 -1.8372137694259454e-32 0.6078431372549019 0.18823529411764706 0.24705882352941178
v -2.3619572394320978e-31 -7.154305140014441e-36 -4.184970743226522e-33 0.596078431372549 0.3254901960784314 0.23921568627450981
v -7.389495910742712e+27 -1.7458574064311097e-15 -1612718464.0 0.5686274509803921 0.23921568627450981 0.9686274509803922
v 3.3162379264831543 -0.005865335464477539 2.5373482704162598 0.8 0.5019607843137255 0.41568627450980394
v -4.814591534341162e-07 -152009160261632.0 -2.889680275052103e+28 0.43137254901960786 0.7450980392156863 0.5372549019607843
v -0.1493360698223114 -0.4604734182357788 0.8750215768814087 0.615686274509804 0.4745098039215686 0.32941176470588235
v nan -1.7044339488038479e-35 7.594042778015137 0.25098039215686274 0.3137254901960784 0.4470588235294118
v 1.440370054441551e+36 5.54086922131205e+19 6.284882347364175e-22 0.8823529411764706 0.3254901960784314 0.25098039215686274
v -1.9230496388446107e-37 0.0004015657177660614 1413499506917376.0 0.7490196078431373 0.4235294117647059 0.5098039215686274
v -8.663379219956367e+17 -1.0765597520429056e+17 1.2623086138340518e-21 0.07450980392156863 0.06274509803921569 0.24705882352941178
v -5.989981288756496e-10 -2.2542788379006657e+30 2.577546009708563e-35 0.6784313725490196 0.1843137254901961 0.32941176470588235
v -1.0619750115100149e-14 0.07634254544973373 -1.6546808247110947e+22 0.9019607843137255 0.23921568627450981 0.7215686274509804
v 2.9658870697021484 0.13047730922698975 3.406106948852539 0.6431372549019608 0.3137254901960784 0.39215686274509803
v -4.213286837473351e-12 9.190412342678853e+36 40041880.0 0.21568627450980393 0.7450980392156863 0.403921568627451
v -0.9386704564094543 -0.2980383634567261 -0.17340931296348572 0.043137254901960784 0.03137254901960784 0.023529411764705882
v -2.6954930258324405e-13 -1885.958251953125 12.48110294342041 0.25098039215686274 0.8784313725490196 0.054901960784313725
v -1.6834009149491921e+31 5.904911980639846e-39 -6.0162275620077755e+31 0.8431372549019608 0.396078431372549 0.25098039215686274
v 5.627128191584753e-35 1.233496355518179e+20 6.451664670778794e-18 0.7490196078431373 0.7686274509803922 0.058823529411764705
v -3.7930164095158116e-29 -1.2373998203586927e-24 6537225961472.0 0.8470588235294118 0.6627450980392157 0.23921568627450981
v -7.9625226946161845e+31 0.003982155583798885 2.4880944845390423e-15 0.22745098039215686 0.8705882352941177 0.2784313725490196
v -3.9584803565718806e-23 8.223475107024119e+20 2.4121362188176715e-35 0.8509803921568627 0.23921568627450981 0.03137254901960784
v 3.1172049045562744 0.09765625 2.9504058361053467 0.7215686274509804 0.13333333333333333 0.3764705882352941
v 6.49625513210022e-16 -3.59625434863453e+29 7.091565352137891e-28 0.12941176470588237 0.7450980392156863 0.5254901960784314
v -0.7435445785522461 -0.3498772978782654 0.569848358631134 0.6980392156862745 0.5176470588235295 0.39215686274509803
v 2.1330908465682625e-17 -0.00010787569044623524 0.05705123394727707 0.25098039215686274 0.12549019607843137 0.42745098039215684
v 2.6981970879508747e+33 -5.907728590553139e-39 -9.103416900587535e-33 0.9411764705882353 0.10588235294117647 0.25098039215686274
v -5.847725164267269e-30 1.2753566802587153e+32 -5.66960807191208e-07 0.7450980392156863 0.26666666666666666 0.6627450980392157
v 9.528813756493488e+29 2.172695877378228e-11 -7.501549494608647e-29 0.5568627450980392 0.27058823529411763 0.24705882352941178
v -7.785675452071004e-22 5.561694750369697e-39 1.137814146121728e+18 0.9921568627450981 0.30196078431372547 0.22745098039215686
v -48670.9375 4.202374779802017e-20 2.4535733915216773e+19 0.5764705882352941 0.24705882352941178 0.6196078431372549
v 2.9315061569213867 1.183401107788086 3.228451728820801 0.796078431372549 0.5058823529411764 0.3686274509803922
v -7.397092294089769e+17 -8.162817617879368e+17 1.0287716484699199e-34 0.2235294117647059 0.24313725490196078 0.403921568627451
v -0.8377613425254822 0.2056940346956253 0.5058120489120483 0.03529411764705882 0.027450980392156862 0.023529411764705882
v 117781525692416.0 1.024996979989086e-34 3.2441120900728038e-09 0.25098039215686274 0.5607843137254902 0.17647058823529413
v -3.857311846524518e+16 -9.703053075092599e-27 -5.791846907670678e+25 0.8784313725490196 0.10980392156862745 0.25098039215686274
v -2.6636609584684834e-12 -2.0186131844605402e+27 2.986253821496251e+22 0.7490196078431373 0.5294117647058824 0.7215686274509804
v -2.5576487650059543e+38 nan -7.708439079973286e+33 0.09411764705882353 0.996078431372549 0.24313725490196078
v -1.67993507241491e-36 -5.3343060168019126e-21 7.053956905612146e-30 0.27450980392156865 0.5450980392156862 0.19215686274509805
v -1.4738700818915087e-31 -3.0219842162243275e-40 1.0267421636258976e-22 0.5686274509803921 0.24705882352941178 0.6431372549019608
v 2.926037311553955 1.1473971605300903 3.6480417251586914 0.8274509803921568 0.396078431372549 0.23137254901960785
v 1.1001171884572614e-07 -358914.875 32079610.0 0.023529411764705882 0.7450980392156863 0.3176470588235294
v -0.9639574289321899 0.18290814757347107 0.19321176409721375 0.3411764705882353 0.25882352941176473 0.20784313725490197
v 1.0790851013060984e+22 2.5437003245854607e-35 0.0002440251992084086 0.25098039215686274 0.8196078431372549 0.7647058823529411
v 34.008827209472656 8.656046164593869e+17 -6.367828810825192e+37 0.7372549019607844 0.18823529411764706 0.25098039215686274
v -2.2931431813440054e-18 1.8992276968093104e-17 4.528305435543407e+33 0.7490196078431373 0.403921568627451 0.047058823529411764
v -1.4138850392352597e-37 1.389509285409929e-09 6197476.0 0.4549019607843137 0.37254901960784315 0.24705882352941178
v -2.0398467854001766e+17 1.8406336395059595e-19 1.0307580972049696e+35 0.4627450980392157 0.8666666666666667 0.21568627450980393
v 1.1726227591825508e-30 -4.111533912333679e+25 3.4375236757487616e+16 0.6509803921568628 0.24705882352941178 0.8588235294117647
v 3.1933300495147705 1.1390466690063477 3.8152642250061035 0.6862745098039216 0.8588235294117647 0.984313725490196
v -7.338494680157428e+24 -5.6303724375746625e-25 1.6071032461445028e-37 0.2235294117647059 0.7450980392156863 0.6862745098039216
v -0.9527820944786072 -0.0054044839926064014 -0.3036068081855774 0.8431372549019608 0.6627450980392157 0.5215686274509804
v -1.397485807253586e+17 6.406274172820612e-36 0.07528688758611679 0.25098039215686274 0.4549019607843137 0.7568627450980392
v -1.0126533850075632e+25 3.8072516475936025e+30 9.010114693980686e-36 0.9647058823529412 0.21176470588235294 0.25098039215686274
v -1.5110604557873688e-18 1.8664650987959552e-12 1.0271161511760286e+22 0.7490196078431373 0.9568627450980393 0.39215686274509803
v 3375220987527168.0 -1.7651865776353077e+21 4.32495809998823e-11 0.403921568627451 0.8745098039215686 0.7450980392156863
v 16172383232.0 3.422636994151901e-22 2.8331444248405606e+17 0.11764705882352941 0.49411764705882355 0.23137254901960785
v 12803578880.0 4.770665213273235e-28 -9.56568457728179e+25 0.611764705882353 0.24705882352941178 0.3058823529411765
v 3.3020682334899902 1.144437313079834 3.813945770263672 0.611764705882353 0.8156862745098039 0.07450980392156863
v -825700384768.0 -3.7677778763526607e+21 -1.9349093849349314e-20 0.16470588235294117 0.7450980392156863 0.4627450980392157
v -0.9533750414848328 -0.10705165565013885 0.28216320276260376 0.7254901960784313 0.5372549019607843 0.38823529411764707
v -2.015211975958664e-06 -1.5400683115937563e-12 0.003055127337574959 0.25098039215686274 0.9803921568627451 0.8313725490196079
v -545341888.0 -1.118973980140936e-08 2.3721574544570337e+29 0.09411764705882353 0.24705882352941178 0.25098039215686274
v -4.954514084172117e-19 1.5815675169505994e-06 1667395223552.0 0.7490196078431373 0.7843137254901961 0.43137254901960786
v -6.51071120104709e-19 382.82049560546875 -1.438935389165952e+25 0.4 0.6823529411764706 0.24313725490196078
v 2.080049243822416e-31 1.5072259738752893e-34 7.004558307171383e-30 0.9098039215686274 0.34901960784313724 0.27058823529411763
v -9.431780732692773e-30 2.84073939837981e-05 -3.901265167442248e+17 0.5764705882352941 0.24705882352941178 0.592156862745098
v 2.8881912231445312 1.2004351615905762 3.338216781616211 0.9333333333333333 0.8901960784313725 0.4235294117647059
v -3.34763503074646 1.3154968314665894e-07 -3.5584096761586534e-39 0.788235294117647 0.24313725490196078 0.8196078431372549
v -0.4166787266731262 -0.18095877766609192 0.8908606767654419 0.5529411764705883 0.40784313725490196 0.29411764705882354
v -120528392159232.0 -2.900371503026802e-31 0.00024368763843085617 0.25098039215686274 0.00784313725490196 0.38823529411764707
v -1.0182801588598522e-06 3.462917369238651e+18 -9.265499973100551e+26 0.3764705882352941 0.3137254901960784 0.25098039215686274
v -5.0873468828389446e-20 3.6139676570892334 974573568.0 0.7490196078431373 0.5137254901960784 0.596078431372549
v -2.3237396713791255e+26 1530.642333984375 -3.579388620845705e-35 0.8470588235294118 0.01568627450980392 0.24705882352941178
v 8.316988149085481e+37 -2.8014947132948276e-12 3.011022294363128e-26 0.9372549019607843 0.6980392156862745 0.18823529411764706
v 1.8820067045930545e-29 -4.527151406879986e-37 -9.966972478421663e+31 0.6941176470588235 0.24705882352941178 0.6627450980392157
v 3.204514503479004 -2.065119743347168 1.700702428817749 0.39215686274509803 0.19215686274509805 0.25098039215686274
v 1.0046175036737094e+27 1.7432126987759346e+22 2.177957783082722e+28 0.011764705882352941 0.7490196078431373 0.4235294117647059
v -0.7749859690666199 -0.48826149106025696 -0.4012448787689209 0.8431372549019608 0.6627450980392157 0.5647058823529412
v -1.3042794150278481e+38 2.9778743429955584e+17 722.4261474609375 0.25098039215686274 0.6823529411764706 0.803921568627451
v 1.8374659731401036e-25 1.6285999773977984e-19 -421611471634432.0 0.37254901960784315 0.00784313725490196 0.25098039215686274
v -20.9796142578125 -1704825061376.0 172516950016.0 0.7490196078431373 0.8901960784313725 0.5882352941176471
v 7.152585226322117e-07 -1.2971569260551375e-18 -9.0043263184667e+23 0.9568627450980393 0.16470588235294117 0.24313725490196078
v -850407360.0 0.8004872798919678 2.7049427673211613e+37 0.596078431372549 0.8941176470588236 0.23921568627450981
v -3272737554432.0 -8.032806233564908e+34 0.0007638962124474347 0.2627450980392157 0.24705882352941178 0.8117647058823529
v 2.7721118927001953 1.5429322719573975 3.2047975063323975 0.8941176470588236 0.6784313725490196 0.26666666666666666
v -3.3282448561250714e+36 0.00831610057502985 8.665452733323693e+30 0.22745098039215686 0.7490196078431373 0.36470588235294116
v -0.8090396523475647 0.055134065449237823 -0.5851625204086304 0.03137254901960784 0.027450980392156862 0.023529411764705882
v -1.2663998909099743e+30 nan 1.0429711564882704e-12 0.25098039215686274 0.996078431372549 0.16470588235294117
v 137400624.0 -1.4825851970085052e-31 0.0014604744501411915 0.0 0.12156862745098039 0.25098039215686274
v -7.62958281821052e-35 3.598483560295495e-19 1.1154697858728468e-06 0.7490196078431373 0.16470588235294117 0.3176470588235294
v 9.078305688537619e+23 -8.298817873869318e-17 -3.235888163301051e-19 0.5098039215686274 0.00784313725490196 0.7411764705882353
v -6.713592052459717 -1.0251160823044129e-17 4.377727630965109e-31 0.43529411764705883 0.27450980392156865 0.18823529411764706
v 4.938435321904083e-24 -994320698048512.0 -1638283062804480.0 0.6039215686274509 0.24705882352941178 0.7372549019607844
v 3.199561834335327 1.2139675617218018 1.62913179397583 0.3058823529411765 0.6901960784313725 0.3803921568627451
v 7.425849236718479e+23 -2227.98876953125 -2.5179443491167575e-13 0.9058823529411765 0.23137254901960785 0.03137254901960784
v -0.9688615798950195 -0.005162589251995087 0.2475489228963852 0.06666666666666667 0.058823529411764705 0.054901960784313725
v 2.1465532686842275e-38 1.1073822114548514e-31 49.92778015136719 0.25098039215686274 0.6196078431372549 0.5725490196078431
v -2547.1416015625 806417536.0 -9.15101554710418e-05 0.0 0.9058823529411765 0.24705882352941178
v -0.012418806552886963 -180134132842496.0 7073.40576171875 0.7490196078431373 0.4392156862745098 0.7019607843137254
v -8.856392702781282e+20 -4.4937497427934835e-36 -1.4224783626559656e-06 0.5843137254901961 0.10980392156862745 0.7490196078431373
v 3.7811124324798584 -8.778226037975401e-05 -2.0464941992161956e-23 0.6823529411764706 0.7529411764705882 0.43137254901960786
v 4.824158687850568e-27 -1.124127217971697e+24 3.180534446379869e-22 0.8627450980392157 0.23921568627450981 0.47843137254901963
v 3.0578773021698 0.1640986204147339 2.979642868041992 0.3137254901960784 0.43529411764705883 0.34509803921568627
v 7.536912212627971e+34 -7.186164308561276e-33 -5557606416384.0 0.5137254901960784 0.24313725490196078 0.9764705882352941
v -0.839768648147583 0.10416585206985474 -0.5328584909439087 0.07058823529411765 0.054901960784313725 0.050980392156862744
v 302.48748779296875 2.903898813627292e-29 0.000148944731336087 0.25098039215686274 0.8392156862745098 0.9215686274509803
v 8.379998339909868e+32 3149554.25 -6.812522009187749e-13 0.5137254901960784 0.22745098039215686 0.25098039215686274
v -5271093103296512.0 -8.420089436602338e+35 5596410569293824.0 0.7490196078431373 0.6078431372549019 0.9058823529411765
v -51599953920.0 -1.9334244311356266e-26 -1.1399868909167695e-33 0.9411764705882353 0.3176470588235294 0.24313725490196078
v 789278656.0 5.033105849958955e+22 2.9007773024846154e-29 0.054901960784313725 0.20392156862745098 0.2235294117647059
v 9.843568880694261e-24 4.747646088298001e+23 -2409491333120.0 0.788235294117647 0.24705882352941178 0.45098039215686275
v 2.901805877685547 1.5431585311889648 2.8258252143859863 0.803921568627451 0.8745098039215686 0.32941176470588235
v -6.94676325511725e+17 -6.42871676833559e+21 -2.0518578476005985e+29 0.7333333333333333 0.7450980392156863 0.9490196078431372
v -0.8271209001541138 0.5471749305725098 -0.12833784520626068 0.7411764705882353 0.5490196078431373 0.4470588235294118
v -0.007255463395267725 -0.0017757078167051077 -2.231464436052965e-31 0.25098039215686274 0.25098039215686274 0.47058823529411764
v 5058319872.0 -3.797333501856777e-29 -1.769542734564311e-07 0.7843137254901961 0.6313725490196078 0.24705882352941178
v 5672.03125 -93609332310016.0 3.632258501032385e-31 0.7490196078431373 0.9647058823529412 0.5411764705882353
v -3.5205617256760116e-38 -2.6891771640283136e+16 1.3910982366027724e-09 0.49019607843137253 0.8705882352941177 0.7450980392156863
v -659135678906368.0 1.2344776104651926e-29 4.154284738704795e-34 0.1411764705882353 0.5764705882352941 0.5294117647058824
v -1.0761799910345933e+17 38263193600.0 9.878410532737396e+35 0.16862745098039217 0.7490196078431373 0.9450980392156862
v 2.9797518253326416 0.7383511066436768 3.644716262817383 0.43529411764705883 0.6784313725490196 0.06274509803921569
v -28767.771484375 -1.6660114526748657 5.8926484431850735e-28 0.28627450980392155 0.24705882352941178 0.6392156862745098
v -0.7946499586105347 0.5882558226585388 0.14995548129081726 0.5882352941176471 0.3843137254901961 0.34509803921568627
v 6.10452617783192e+28 -4.911729982142533e-30 202770352.0 0.25098039215686274 0.4392156862745098 0.592156862745098
v 7.14871053456564e-21 3.637436218153978e+24 5.790385258449043e-39 0.023529411764705882 0.5058823529411764 0.24705882352941178
v 3.2753702000002715e-26 -2.752504790918129e-36 1.9149855375289917 0.7490196078431373 0.011764705882352941 0.8588235294117647
v 3298026061824.0 -2.1236620318179633e-14 -5.875608045864869e+28 0.058823529411764705 0.11372549019607843 0.7490196078431373
v 4.8315832587413094e+17 3.3293413780133256e-38 2.958757804732981e-12 0.7529411764705882 0.5411764705882353 0.2235294117647059
v -1565847.375 4.487854870134983e+25 -5.013159221078922e-09 0.7490196078431373 0.24705882352941178 0.4
v 2.912745475769043 1.5492074489593506 2.857835531234741 0.3176470588235294 0.26666666666666666 0.4470588235294118
v -26697397174272.0 2.1911620297844055e+30 -39787968856064.0 0.9137254901960784 0.23529411764705882 0.615686274509804
v -0.040106210857629776 -0.9924824237823486 -0.11562929302453995 1.0 1.0 1.0
v -29.28080177307129 1.4567431264957333e+24 574.6611328125 0.25098039215686274 0.32941176470588235 0.26666666666666666
v -1.4065323078705678e+33 3.7942104860813317e-29 1.1467260551313313e-33 0.17647058823529413 0.19607843137254902 0.25098039215686274
v 334606893056.0 2.2713781116362654e-31 4.2924274241398374e+17 0.7490196078431373 0.40784313725490196 0.9215686274509803
v -2.2596412609261266e-36 1.425530854248791e-06 -8.056690698652473e-20 0.23921568627450981 0.023529411764705882 0.24705882352941178
v 3.830532584600153e+25 360527808.0 2.697561758212624e-32 0.17254901960784313 0.17254901960784313 0.19607843137254902
v -4.72893170564879e+29 177.6513671875 -3.336694787549201e-32 0.9686274509803922 0.7490196078431373 0.9647058823529412
v 3.3017807006835938 -0.6584124565124512 2.0044212341308594 0.7294117647058823 0.09803921568627451 0.12156862745098039
v 6.235148070119166e+31 5031.9794921875 45285204033536.0 0.1568627450980392 0.7490196078431373 0.5137254901960784
v -0.4178171753883362 -0.726394772529602 0.545691728591919 0.7176470588235294 0.5372549019607843 0.396078431372549
v 4881701167693824.0 -6.468182434105074e-09 24257.275390625 0.25098039215686274 0.0 0.3333333333333333
v -0.0005266529624350369 -5.921146023349049e-39 -2.44399915831871e-24 0.2980392156862745 0.8666666666666667 0.24705882352941178
v -0.0008381940424442291 14261.3115234375 4.366116693433385e+18 0.7490196078431373 0.1607843137254902 1.0
v 3.7836455566301525e-29 100232488.0 -9.839010053522989e-24 0.7450980392156863 0.20392156862745098 0.7490196078431373
v 8.625914573669434 -8490024448.0 -2.377606197818609e-37 0.4235294117647059 0.5764705882352941 0.21176470588235294
v 5.181252975469333e-18 -4.600351211081488e-09 -6.865977279812547e-32 0.7490196078431373 0.24705882352941178 0.9568627450980393
v 3.132951259613037 -0.9689218997955322 1.8840277194976807 0.7137254901960784 0.8274509803921568 0.4117647058823529
v -3.534854556289598e-24 -2.3693365302167543e+38 3.498319224727457e+19 0.6980392156862745 0.24313725490196078 0.7058823529411765
v -0.49661198258399963 0.012608526274561882 -0.8678810596466064 0.9254901960784314 0.7568627450980392 0.5843137254901961
v -3.1439907101360465e-12 6.72860386718767e-33 3.2775759901241614e+34 0.25098039215686274 0.8313725490196079 0.25882352941176473
v 7.496183137927197e-15 846697974464512.0 6.327538391537755e-22 0.8392156862745098 0.6196078431372549 0.24705882352941178
v -2.5426771799175185e-09 -6950495.5 7770.65576171875 0.7490196078431373 0.8431372549019608 0.6705882352941176
v 6.082108216332839e+31 0.023371566087007523 -3.0050296959336193e-28 0.7843137254901961 0.06666666666666667 0.7450980392156863
v 1.0331448560161813e-13 5.794886008756822e+26 nan 0.5568627450980392 0.10196078431372549 0.38823529411764707
v -2.5325679429382707e+38 -236.99998474121094 -5640.04833984375 0.5372549019607843 0.7450980392156863 0.5725490196078431
v 3.1914827823638916 1.303391456604004 1.652624249458313 0.5450980392156862 0.7019607843137254 0.42745098039215684
v 1096206717550592.0 -5.0949385194516116e+35 -4.837001199575752e-08 0.6509803921568628 0.7372549019607844 0.10980392156862745
v -0.8660957217216492 0.1093696653842926 -0.4877668023109436 0.058823529411764705 0.050980392156862744 0.047058823529411764
v 307606552576.0 -2.3619757679674974e-14 -1.3372165160635473e-35 0.25098039215686274 0.6901960784313725 0.12156862745098039
v -2.584939260153816e-26 2.3177817209178147e-33 3.7771220707966483e-29 0.5098039215686274 0.5294117647058824 0.24705882352941178
v -484522.0 141.28221130371094 -1.7588763217550425e-27 0.7450980392156863 0.3843137254901961 0.00784313725490196
v 12884545536.0 -7.407497571775412e+27 -5.665021490131039e-06 0.6588235294117647 0.054901960784313725 0.7450980392156863
v -4.371781598868893e-38 2.9620376729534144e+27 -4.8443697818729565e-27 0.10196078431372549 0.4392156862745098 0.4549019607843137
v -0.18640094995498657 -3.45310910941643e-13 -1.8205694872756214e+35 0.9137254901960784 0.7450980392156863 0.3137254901960784
v 2.9859654903411865 0.33005690574645996 2.8753490447998047 0.23137254901960785 0.984313725490196 0.3803921568627451
v 1.3648151940988385e-21 4.5077831750571436e+33 7.035808505430614e-25 0.5372549019607843 0.7450980392156863 0.20784313725490197
v -0.5317909121513367 -0.8356122970581055 -0.1376606971025467 0.3764705882352941 0.29411764705882354 0.20392156862745098
v 1.0814818551807548e-07 -9.314646493355228e-14 4.147965222187365e+37 0.25098039215686274 0.611764705882353 0.08627450980392157
v -1.8402728950548326e-21 12.03260612487793 196245.34375 0.2 0.6196078431372549 0.24705882352941178
v -9.205665976018152e-24 -1.7033942615804487e-12 -2.661188126654819e-28 0.7450980392156863 0.42745098039215684 0.49019607843137253
v -1.3509940962394112e+16 -1642854875136.0 -7.001320969771341e-38 0.14901960784313725 0.08627450980392157 0.7490196078431373
v -2.0335731321097228e-08 -5.1388562570610245e-26 4.377848471784374e-31 0.3843137254901961 0.011764705882352941 0.3568627450980392
v -6.89628646299245e+18 2.919952335478371e-10 -4.825060379112957e+31 0.6705882352941176 0.24705882352941178 0.18823529411764706
v 4.439911842346191 1.4002773761749268 1.0902422666549683 0.8392156862745098 0.8901960784313725 0.12941176470588237
v -3.612403527577349e-24 -15089632.0 -1.1952713354203863e-26 0.36470588235294116 0.24313725490196078 0.26666666666666666
v -0.8616130352020264 0.5047321319580078 0.053557511419057846 0.8235294117647058 0.6 0.5215686274509804
v -5.17088092433781e-32 -6.832017618307873e-09 740747008.0 0.25098039215686274 0.1411764705882353 0.43529411764705883
v -0.0011042923433706164 -5.794553943807868e-34 -3.442810325223604e+18 0.5843137254901961 0.5254901960784314 0.24705882352941178
v 7.817923076134481e-22 -1.891811944959139e-29 2.3380936036052665e-22 0.7490196078431373 0.9215686274509803 0.6980392156862745
v -2.3639240295601196e-30 -4.6209318954920126e+26 -1.9830777386055358e+36 0.23529411764705882 0.12156862745098039 0.7490196078431373
v 6753319936.0 1.0633374890637394e+18 -1.2048062101297592e-27 0.8 0.6470588235294118 0.5411764705882353
v -23.890634536743164 -0.004897424951195717 5.473422027531283e-37 0.7725490196078432 0.24705882352941178 0.8117647058823529
v 2.8806490898132324 1.5365724563598633 3.0717365741729736 0.9529411764705882 0.00784313725490196 0.050980392156862744
v -3980379136.0 0.00371171603910625 1.283744850705052e+36 0.41568627450980394 0.7490196078431373 0.6980392156862745
v -0.9174421429634094 0.09569530934095383 0.3861895799636841 0.8509803921568627 0.6509803921568628 0.5529411764705883
v -2.743939920179523e-37 -4.2421359580657736e-07 604120640.0 0.25098039215686274 0.21176470588235294 0.21568627450980393
v -1.0139932923658188e+23 1.517564425664116e-28 105405476765696.0 0.4235294117647059 0.12549019607843137 0.25098039215686274
v -5.342428704234985e-19 -0.0005962810828350484 -915.7225952148438 0.7450980392156863 0.6470588235294118 0.0392156862745098
v 3.8075841021939966e+30 1.0754837768359117e+17 1.2075179194914564e-27 0.30196078431372547 0.9294117647058824 0.23137254901960785
v 3.222777844979466e+17 -9.722832781944302e-12 2.5586649186844054e-35 0.17254901960784313 0.4549019607843137 0.37254901960784315
v 3.0105819112220447e-28 6.523975661727657e-15 2.480518633357312e+16 0.3607843137254902 0.7450980392156863 0.3215686274509804
v 3.456986427307129 -0.19968760013580322 2.978835105895996 0.984313725490196 0.03137254901960784 0.41568627450980394
v 4.320203921531914e-30 7.273579853972478e-07 4.471498050739054e+35 0.011764705882352941 0.7450980392156863 0.3568627450980392
v -0.16207541525363922 -0.19715756177902222 -0.9668818712234497 0.054901960784313725 0.0392156862745098 0.03529411764705882
v 4015272583233536.0 nan -9.716797111524221e-31 0.25098039215686274 0.25882352941176473 0.7372549019607844
v 1.0186078381700096e+22 1.0191551771185205e-20 2.3719683709030596e+29 0.09803921568627451 0.6470588235294118 0.24705882352941178
v -6.874749769716498e-21 -6.573975912999706e-20 2.2629206180343336e-13 0.7490196078431373 0.7803921568627451 0.9725490196078431
v 5.63494398421627e-37 1.3583768441668975e-12 1561663.75 0.7529411764705882 0.16470588235294117 0.7490196078431373
v 1.2928110552243337e+23 -703940777738240.0 -3.6737715647383595e-10 0.6431372549019608 0.5098039215686274 0.3686274509803922
v -7.40227817622022e+27 592116942110720.0 -1.989913068629047e-28 0.9686274509803922 0.7490196078431373 0.8941176470588236
v 3.1347877979278564 -1.4016344547271729 1.747100830078125 0.5686274509803921 0.403921568627451 0.49411764705882355
v -0.0002760790230240673 7.954154230025709e-21 16111.6669921875 0.2823529411764706 0.24313725490196078 0.9490196078431372
v -0.46027329564094543 0.20705252885818481 -0.8632946610450745 0.8941176470588236 0.7333333333333333 0.5764705882352941
v -6.566458858571587e+27 nan -9.250481323739462e-31 0.25098039215686274 0.5411764705882353 0.9725490196078431
v -2.524354746243961e-29 -1.0176251353233675e-20 1.782377410108893e-07 0.7607843137254902 0.21568627450980393 0.25098039215686274
v -1.8875781784535866e-37 -2.381694710015821e+20 1340391.875 0.7490196078431373 0.7843137254901961 0.8549019607843137
v 1.7430118459671462e-10 3.030912913036e+31 7.501922041682264e-29 0.7058823529411765 0.10196078431372549 0.24705882352941178
v -5.169671550150539e-36 2.6495502998258443e+32 -1.064404165362331e-33 0.01568627450980392 0.4823529411764706 0.42745098039215684
v -2.679364666995507e+16 -1.5877147059589108e-25 -0.9306693077087402 0.5843137254901961 0.24705882352941178 0.5411764705882353
v 3.1754441261291504 -0.8688076734542847 1.771180272102356 0.9647058823529412 0.24313725490196078 0.45098039215686275
v -3.3795055913603544e+38 5.361340369143662e-17 1.1807564006442443e-22 0.5803921568627451 0.23921568627450981 0.6862745098039216
v -0.4445751905441284 -0.3608255088329315 -0.8198522925376892 0.9372549019607843 0.7686274509803922 0.596078431372549
v -1.3996677468472214e+19 2.7299272319209894e-32 2.74225115776062 0.25098039215686274 0.5490196078431373 0.3568627450980392
v 2.747357590724677e-35 12918620160.0 -9.236728980230321e-33 0.7686274509803922 0.6588235294117647 0.24705882352941178
v -4.254175993244052e+33 -4.2962786106492956e-10 -4.162439790273026e-30 0.7411764705882353 0.054901960784313725 0.8352941176470589
v 843041480900608.0 -9.355217494239535e-30 -1.1148088451159952e-36 0.9686274509803922 0.49019607843137253 0.7490196078431373
v 2.392653832680934e+21 1.473554559501549e+23 -4.7541424260872554e-24 0.5490196078431373 0.6509803921568628 0.5058823529411764
v -4.734982379375961e+29 -2.8707580948558717e-35 -2766395683110912.0 0.5764705882352941 0.7490196078431373 0.9215686274509803
v 3.141265869140625 -1.1030558347702026 1.6180379390716553 0.09411764705882353 0.9372549019607843 0.06274509803921569
v 6.017008346826063e-37 -117171691520.0 348637184.0 0.20392156862745098 0.24705882352941178 0.0196078431372549
v -0.6741817593574524 -0.31103959679603577 -0.6698756217956543 0.9450980392156862 0.792156862745098 0.6274509803921569
v 617362817024.0 -491000.4375 -9.212880725328282e-35 0.25098039215686274 0.47058823529411764 0.32941176470588235
v -1.7629101913625884e-14 -1.6308020872847794e-19 6.047636421942019e+31 0.3607843137254902 0.596078431372549 0.24705882352941178
v -1.3821153191432657e+20 -0.2110719531774521 1.7593760444195913e-38 0.24313725490196078 0.5137254901960784 0.8784313725490196
v -1.5925715061871686e+37 -100401112.0 -5.669441692695171e+25 0.984313725490196 0.1411764705882353 0.23529411764705882
v -3.7355338020493103e-38 1.5622752413155328e+16 -1.0283399986791033e-33 0.7450980392156863 0.3333333333333333 0.22745098039215686
v 1.296758224999887e-18 -4.526308352606754e-25 -5.002962272639716e-34 0.9137254901960784 0.24705882352941178 0.21568627450980393
v 3.8766188621520996 1.8084704875946045 1.4954887628555298 0.6078431372549019 0.15294117647058825 0.047058823529411764
v -9.518515296429154e-20 1.3503521874354215e+20 -1.5525216488247384e-24 0.5176470588235295 0.23921568627450981 0.8196078431372549
v -0.22738248109817505 0.10635434836149216 -0.9679803252220154 0.9176470588235294 0.7215686274509804 0.5882352941176471
v -2.5789855232754196e-19 -0.11388912796974182 4.6980316341268696e+20 0.25098039215686274 0.3843137254901961 0.24313725490196078
v -8.827190234142383e+29 -1.4195637633547676e+22 -1.1532101003375663e-33 0.23529411764705882 0.7254901960784313 0.24705882352941178
v -4.320024184119854e-27 -464721888.0 -3.1635207985876795e+33 0.23921568627450981 0.37254901960784315 0.9607843137254902
v -1.442093370140787e-34 -26266013007872.0 1.755273603035434e-38 0.20784313725490197 0.9568627450980393 0.7450980392156863
v 3.2094821319374577e+25 1.1139327535664333e+18 -1.1428699278327668e-24 0.6470588235294118 0.24313725490196078 0.403921568627451
v -1.1803028952306487e+29 0.01517457328736782 6.952508469609239e-18 0.4196078431372549 0.23529411764705882 0.9372549019607843
v 3.0734078884124756 0.0075795650482177734 3.100943088531494 0.3176470588235294 0.8431372549019608 0.03137254901960784
v 7.950168845006749e-30 -2.744807170529384e-05 4.054118380083551e+29 0.7647058823529411 0.24313725490196078 0.6901960784313725
v -0.9918287396430969 -0.04615962505340576 -0.11893312633037567 0.3686274509803922 0.28627450980392155 0.23137254901960785
v 1.8062530405679293e-19 2.0129614181861966e-24 2.922983492721574e+18 0.25098039215686274 0.4745098039215686 0.5098039215686274
v -5.796731516772378e-17 9.76200287755456e+32 -210903630872576.0 0.5058823529411764 0.6078431372549019 0.24705882352941178
v -37837.25 -0.00011602555605350062 2.803583606523864e-20 0.24313725490196078 0.403921568627451 0.2549019607843137
v 12270.095703125 2.9718713760375977 -4.128209621323905e-17 0.6784313725490196 0.4588235294117647 0.7490196078431373
v 5.389005153233484e-08 nan -6.652966843896128e-35 0.8235294117647058 0.24705882352941178 0.5098039215686274
v -0.0001804833736969158 -52.85893630981445 3.625987390109458e+20 0.6901960784313725 0.24705882352941178 0.8392156862745098
v 3.1053946018218994 1.112156629562378 1.8281335830688477 0.6039215686274509 0.43137254901960786 0.45098039215686275
v -1.5469199598992904e+31 1.1280089893261902e-05 2.4053151751939202e+32 0.3803921568627451 0.23529411764705882 0.3176470588235294
v -0.8951453566551208 -0.3126279413700104 -0.317771315574646 0.5137254901960784 0.396078431372549 0.3058823529411765
v -2.562047005528506e+38 5.852886513132404e-19 2.672739765840773e+17 0.25098039215686274 0.8980392156862745 0.6235294117647059
v -4.575003856180077e+27 1.1197992755285213e-08 1.9940500468321363e+36 0.7137254901960784 0.7254901960784313 0.24705882352941178
v 176509943808.0 -128005624.0 7.570831097506626e+22 0.24313725490196078 0.6980392156862745 0.22745098039215686
v 5.813306466220226e+25 0.023323070257902145 -8.84056206018613e-08 0.8901960784313725 0.3176470588235294 0.7490196078431373
v 2.0187648548734632e-22 -1.0832772526925414e+17 -7.751622123423325e-26 0.7490196078431373 0.9215686274509803 0.4627450980392157
v -1.8448911935073094e+27 120726715629568.0 -5.54128923475386e+19 0.37254901960784315 0.24313725490196078 0.3843137254901961
v 4.027570724487305 1.003894567489624 1.3599191904067993 0.7098039215686275 0.9058823529411765 0.984313725490196
v 825698942976.0 -1.6680037351335386e-09 -3.672062127550504e+31 0.6431372549019608 0.7411764705882353 0.7137254901960784
v -0.37387150526046753 0.43010762333869934 -0.8217222094535828 0.9333333333333333 0.7568627450980392 0.6313725490196078
v 1.1044945722460398e-06 -1.0558758845036209e-07 9.15784639875899e+36 0.25098039215686274 0.6352941176470588 0.596078431372549
v 35084.05859375 1.4830304742685967e-31 -5.379879470943437e+16 0.43137254901960786 0.6431372549019608 0.24705882352941178
v 3.1452858820557594e-05 -2.7235204938354203e-31 2.564564086574484e-33 0.7490196078431373 0.7764705882352941 0.3803921568627451
v -1.0897908443718851e-11 8.502221957073022e-14 -2.2028211861537578e+23 0.07058823529411765 0.6078431372549019 0.7450980392156863
v -4.5190224408572744e-35 13217.185546875 -6.092674764471657e-38 0.8862745098039215 0.4235294117647059 0.4666666666666667
v -2.8215373672849514e+22 0.15097689628601074 -1.0766432953098656e-26 0.5607843137254902 0.7490196078431373 0.3058823529411765
v 3.2842440605163574 -1.1107354164123535 1.5913217067718506 0.1607843137254902 0.13333333333333333 0.27450980392156865
v -5.498465926783439e-32 -5913938944.0 -2.4592161196324014e-08 0.5254901960784314 0.24313725490196078 0.1607843137254902
v 0.1493310034275055 0.025131041184067726 -0.9884678721427917 0.807843137254902 0.6313725490196078 0.4627450980392157
v -4.875934016250389e-29 nan 0.007203578483313322 0.25098039215686274 0.8156862745098039 0.22745098039215686
v 1.2855142532584831e+36 -1.630573449393591e-19 1.0152287349276646e-20 0.4823529411764706 0.6549019607843137 0.24705882352941178
v -0.05959916114807129 -1.5870059433265027e-10 4.042079656039224e-28 0.7450980392156863 0.807843137254902 0.8901960784313725
v 2.3071884964359904e-33 1.85198876275711e+27 -417832168849408.0 0.9372549019607843 0.11372549019607843 0.7411764705882353
v -6.357569612038869e-37 5.406716548710267e+23 2.805446416919296e+37 0.7529411764705882 0.2549019607843137 0.5215686274509804
v -6.896606420876132e+18 9209522.0 1.0026955792254573e-32 0.2784313725490196 0.24705882352941178 0.4470588235294118
v 4.008286476135254 -0.8972315788269043 1.7651889324188232 0.18823529411764706 0.5098039215686274 0.8196078431372549
v 6.059649623592539e+29 8.12307781158163e+33 3.2559377805784175e-18 0.1450980392156863 0.24705882352941178 0.615686274509804
v -0.3114567697048187 -0.4210236370563507 -0.8519001603126526 0.8784313725490196 0.7254901960784313 0.5882352941176471
v 487.4912414550781 -0.00010907527757808566 -1.4264071521307301e-28 0.25098039215686274 0.34509803921568627 0.17254901960784313
v -8.052821003610728e-15 2.5551605189957783e+38 -2.2113481651728574e+20 0.792156862745098 0.07058823529411765 0.25098039215686274
v -7.148954500092212e+26 -5.131136544114698e-22 -0.0022156385239213705 0.7450980392156863 0.7725490196078432 0.5450980392156862
v -2.6000840572682917e-18 23.91082763671875 1.4744965990384728e+28 0.9333333333333333 0.043137254901960784 0.7490196078431373
v 4.322286564936369e-20 6.033001468955589e+36 -4.726879393202817e-24 0.9411764705882353 0.19607843137254902 0.4823529411764706
v -2.8132956742689384e-37 2.7476642526103654e+20 6.928694380660296e+25 0.7764705882352941 0.7490196078431373 0.8
v 4.3659586906433105 -0.16432678699493408 1.8028695583343506 0.34509803921568627 0.47843137254901963 0.8588235294117647
v 0.09582453221082687 7.906973441031842e-38 5.103973936789226e+36 0.9098039215686274 0.7411764705882353 0.09803921568627451
v -0.5794094204902649 0.4131118059158325 -0.7025833129882812 1.0 1.0 1.0
v 2.33577379159971e+21 -1.6537722797096976e-12 -1.2053427524821504e-35 0.25098039215686274 0.39215686274509803 0.9215686274509803
v -1.741788443944746e+33 2.4959471856427797e+35 6586549927936.0 0.10588235294117647 0.03529411764705882 0.25098039215686274
v 8.62912770523379e-34 0.06102251261472702 -2.1712017578082032e+30 0.7450980392156863 0.7137254901960784 0.7019607843137254
v 12591247.0 -1.7908524421251823e-35 -24494.498046875 0.9686274509803922 0.8941176470588236 0.7450980392156863
v -1022043168440320.0 4.629871103362747e+22 4.377969312603638e-31 0.3686274509803922 0.27450980392156865 0.45098039215686275
v 1644563922944.0 -9.354622307000682e-05 0.46924111247062683 0.8941176470588236 0.7490196078431373 0.2
v 3.2858073711395264 -0.9958286285400391 2.294494152069092 0.6980392156862745 0.4627450980392157 0.42745098039215684
v 1.333627117430531e-14 3.1461779042131256e-30 -1.0814292036119505e-34 0.996078431372549 0.7411764705882353 0.9294117647058824
v -0.5550216436386108 0.03030104748904705 -0.8312838077545166 0.8666666666666667 0.6549019607843137 0.4980392156862745
v -8.547707043106335e-35 -1.5317430415956283e-15 1.669875979423523 0.25098039215686274 0.9529411764705882 0.011764705882352941
v -8.989098882589356e+32 -1.4885530770522206e+28 -1.2173516457210809e+32 0.36470588235294116 0.8313725490196079 0.24705882352941178
v 1.1627871372715934e-27 -9947345584128.0 -1.667684227868449e-05 0.23921568627450981 0.8666666666666667 0.2784313725490196
v 6.348820722800914e-22 -1.404560462942011e-37 3349977317244928.0 0.4235294117647059 0.19607843137254902 0.7490196078431373
v 6.456524406001628e+35 3.8245664413238956e-09 1.0874356103085514e-11 0.12549019607843137 0.48627450980392156 0.4
v -7.376643400063772e+27 -1.2065580820865524e-31 -1.8676422993588694e-34 0.2235294117647059 0.24313725490196078 0.8705882352941177
v 4.594380855560303 0.19310784339904785 1.1749290227890015 0.2549019607843137 0.7450980392156863 0.9019607843137255
v 1.8649144806204276e-07 -4.008591101067337e-38 -2.761608559717243e+25 0.4392156862745098 0.24313725490196078 0.5333333333333333
v 0.4086524248123169 -0.5567853450775146 -0.723182737827301 0.8313725490196079 0.6549019607843137 0.4980392156862745
v -8.210420674004126e-06 nan -1.692448534015393e-23 0.25098039215686274 0.9333333333333333 0.6313725490196078
v -4.547473237814098e-13 -3.814895383319571e+30 12878813184.0 0.29411764705882354 0.7607843137254902 0.24705882352941178
v -590647296.0 -2.2107793736660837e-23 4.3253528685371405e-21 0.7450980392156863 0.4196078431372549 0.8470588235294118
v 5.641896218261355e-37 -205480574976.0 3326618063863808.0 0.8980392156862745 0.9882352941176471 0.7450980392156863
v 2.371559615355068e-10 3.326943295871287e+36 -6.65311378068998e-35 0.5686274509803921 0.7607843137254902 0.49019607843137253
v 3.1668632975657714e-22 7.087626022399193e+23 1.859335731986787e+27 0.7647058823529411 0.24705882352941178 0.23529411764705882
v 2.8896121978759766 1.3679819107055664 2.188170909881592 0.09411764705882353 0.30980392156862746 0.07450980392156863
v -1.9282051653135568e-05 593774116864.0 1.4826008141255621e+34 0.3568627450980392 0.7372549019607844 0.9450980392156862
v 0.39197221398353577 -0.0467679388821125 -0.9187875986099243 0.23529411764705882 0.1843137254901961 0.1450980392156863
v 0.30711808800697327 -2.065341506191555e-23 2.6987352724794337e+36 0.25098039215686274 0.403921568627451 0.9529411764705882
v -5.75220776924184e+27 1.6306995944370053e-19 -1.7262794350966866e+18 0.4117647058823529 0.7647058823529411 0.24705882352941178
v 3.708797991460378e-25 8.49422038681518e+16 4.8593290770902214e-33 0.23921568627450981 0.7098039215686275 0.9411764705882353
v 1.6225942584097513e-19 7.292678202677985e-32 -5.6965700423461385e-06 0.1411764705882353 0.2627450980392157 0.7490196078431373
v 1.1374257825999154e-33 1.7500804758128894e+33 6.743528237339297e-33 0.0 0.5882352941176471 0.6039215686274509
v nan 3.1008178824362977e-17 -2.331793242847812e+20 0.6862745098039216 0.24705882352941178 0.43137254901960786
v 4.83308744430542 1.6682977676391602 1.5249004364013672 0.8117647058823529 0.3607843137254902 0.41568627450980394
v 6.068106226285918e-24 1.5121163056495274e-13 1.371067318828505e+35 0.07450980392156863 0.24705882352941178 0.023529411764705882
v 0.34522756934165955 0.2545277774333954 -0.9033457636833191 0.7764705882352941 0.6 0.4823529411764706
v 1869.9791259765625 5.285560420823908e-22 -1.937157913777985e-31 0.25098039215686274 0.8784313725490196 0.11764705882352941
v 1.4043672095457455e-13 -3.0085580348968506 -8.030750831630693e-20 0.1607843137254902 0.8392156862745098 0.24705882352941178
v -1.5455778104543542e+30 30980532338688.0 -497634.0 0.7450980392156863 0.5882352941176471 0.14901960784313725
v 205879312384.0 -2.280880289617926e-05 4.5905154281237544e+26 0.5058823529411764 0.0392156862745098 0.7490196078431373
v 5.74630734799138e-36 -1.5031267110989996e-14 3.225481656002451e+23 0.796078431372549 0.22745098039215686 0.6078431372549019
v -3.1654282018069934e-22 2.743942388860887e-07 -1697811.375 0.5764705882352941 0.24705882352941178 0.6235294117647059
v 4.174716949462891 -2.4570484161376953 1.9981820583343506 0.8745098039215686 0.9372549019607843 0.7529411764705882
v 1.4344342212519304e-30 15679442.0 -4.593668915007819e-35 0.3333333333333333 0.7490196078431373 0.5254901960784314
v 0.04877130687236786 -0.37509623169898987 -0.925701916217804 0.8431372549019608 0.6823529411764706 0.5019607843137255
v 4.901473415071071e+24 2.5361153234177303e-15 -6.976086893598986e-31 0.25098039215686274 0.8156862745098039 0.4235294117647059
v -5.592286106548272e-05 1.630603434690796e-19 -7.369376858080437e-32 0.07058823529411765 0.9098039215686274 0.24705882352941178
v 1.0441004563889337e-17 -8.17537941907627e-29 5.106302864987811e-07 0.24705882352941178 0.48627450980392156 0.6549019607843137
v -2.8546908197313314e-06 12531135.0 8.434655155310083e-14 0.807843137254902 0.19215686274509805 0.7490196078431373
v -4.5424382778174696e-26 1.023432604321745e-17 3.777660734763528e-17 0.6039215686274509 0.23529411764705882 0.3843137254901961
v -6736736197541888.0 1.1720110170955572e+35 -7.773109209077983e-31 0.7764705882352941 0.7490196078431373 0.4392156862745098
v 4.084690093994141 -0.3510246276855469 1.854520559310913 0.14901960784313725 0.5058823529411764 0.40784313725490196
v 222558656.0 -137707503616.0 0.0002798984351102263 0.1568627450980392 0.24313725490196078 0.9215686274509803
v -0.5134242177009583 0.33284249901771545 -0.7909560203552246 0.8549019607843137 0.6627450980392157 0.5058823529411764
v -0.1335429698228836 nan -4.540461276005774e-37 0.25098039215686274 0.08627450980392157 0.6078431372549019
v -1.2480425581884447e-08 -1.1205534278246887e-08 3.117116925700077e+34 0.20392156862745098 0.9882352941176471 0.24705882352941178
v 6.627592807108984e-24 -9.498211008295763e+30 -41211392000.0 0.24313725490196078 0.00784313725490196 0.7607843137254902
v 3221263616.0 -763.4212646484375 -1.0996514856550531e+20 0.01568627450980392 0.3215686274509804 0.7490196078431373
v -0.00592032028362155 13216.3095703125 8.390471728978433e-27 0.8862745098039215 0.9137254901960784 0.5647058823529412
v -1.978361229465343e-23 9.465932734414038e-26 1.4411751586721698e-35 0.5098039215686274 0.7490196078431373 0.9568627450980393
v 4.088488578796387 -0.996253490447998 1.7899675369262695 0.08627450980392157 0.3607843137254902 0.06666666666666667
v 1.767940379242901e+26 -8.748179054248591e+17 2.6254885597154498e-05 0.34901960784313724 0.7490196078431373 0.09019607843137255
v 0.5888617634773254 0.3352925479412079 -0.7354051470756531 0.41568627450980394 0.3137254901960784 0.24705882352941178
v -8.175133960191823e+25 7.963630971340299e+25 -2.1151633983562115e-37 0.25098039215686274 0.9176470588235294 0.2823529411764706
v 1104407552.0 1.6310720842065956e-19 -12993983152128.0 0.8705882352941177 0.6901960784313725 0.24705882352941178
v -250.8603515625 -85.80126190185547 9.645341360667505e+29 0.7490196078431373 0.7568627450980392 0.5098039215686274
v -8.6401520368196e+17 -1.9878410941922184e+36 -4.221812786517343e-14 0.6980392156862745 0.7058823529411765 0.7450980392156863
v 7.772992555038988e-35 69916144.0 6.739888092077706e-10 0.8705882352941177 0.3254901960784314 0.5098039215686274
v -2.9484961690046236e+28 2.3202960331954454e+24 -2.387459396846481e-10 0.796078431372549 0.7490196078431373 0.6509803921568628
v 4.143015384674072 -0.442554235458374 1.8893158435821533 0.6980392156862745 0.44313725490196076 0.054901960784313725
v -1.995098043218423e-21 3.1606225102318867e+28 nan 0.027450980392156862 0.24705882352941178 0.8392156862745098
v 0.9018351435661316 -0.06126254424452782 -0.4277152121067047 0.8392156862745098 0.6745098039215687 0.5294117647058824
v 511479.75 2.749187119112037e-32 -3.170565109683364e-32 0.25098039215686274 0.6274509803921569 0.44313725490196076
v 2.006364212547851e-07 -3.467257141633483e+18 0.3751577138900757 0.07450980392156863 0.8627450980392157 0.24705882352941178
v 5.229192540362892e-28 -9458754936373248.0 34240148275200.0 0.7450980392156863 0.35294117647058826 0.7333333333333333
v 4.065220479422482e-20 3125784.0 -23.85331916809082 0.48627450980392156 0.3215686274509804 0.7490196078431373
v -2.8450268807489465e-09 245795618816.0 3.3538951426963836e+26 0.2823529411764706 0.7843137254901961 0.5215686274509804
v 1.2959169823169205e-18 -1.2692474626874173e-08 -3.86172269057961e-38 0.5568627450980392 0.7490196078431373 0.1843137254901961
v 4.404455184936523 0.04998183250427246 1.3662705421447754 0.9333333333333333 0.9254901960784314 0.7607843137254902
v -2.7203560630430067e-32 1.0491528978050224e-13 -4.540667529483132e+27 0.8784313725490196 0.23921568627450981 0.9725490196078431
v 0.819745659828186 -0.4030884802341461 -0.40686196088790894 0.22745098039215686 0.19215686274509805 0.16470588235294117
v -6.471199781715152e-18 0.00018667781841941178 -1.8060462126231442e-31 0.25098039215686274 0.4627450980392157 0.08235294117647059
v -1.0780429683523248e+22 50478120.0 -1.1532150594543588e-33 0.06274509803921569 0.07450980392156863 0.25098039215686274
v -1.250400001557702e-27 -2.1877781103300837e+19 1.2408218466854952e-15 0.7450980392156863 0.7725490196078432 0.9607843137254902
v -0.0007326928316615522 1.9116477441601423e+33 5.631630187196829e+22 0.19607843137254902 0.41568627450980394 0.7490196078431373
v 33029754.0 6.341911169018174e-24 1.3181470063195332e-25 0.2901960784313726 0.0392156862745098 0.5450980392156862
v -2.2192574888890704e-08 -1.015248788402964e-21 7.465261298023051e-09 0.1411764705882353 0.23137254901960785 0.7137254901960784
v 4.7239789962768555 0.0718698501586914 1.7924060821533203 0.047058823529411764 0.6039215686274509 0.22745098039215686
v 3.465645403616051e+16 -1.333667967889273e-29 0.13744895160198212 0.25098039215686274 0.7450980392156863 0.6823529411764706
v 0.36893895268440247 0.15261156857013702 -0.916839063167572 0.8470588235294118 0.5647058823529412 0.43529411764705883
v 0.21215246617794037 1.0811704420632395e-08 1.8835205986707269e+25 0.25098039215686274 0.2823529411764706 0.03529411764705882
v -2.811751611517068e-38 5.930412810093629e-39 -2.2504304070025682e-05 0.4549019607843137 0.9058823529411765 0.24705882352941178
v -1.5598067792844544e-25 -1.3564568972636598e-23 3.0684951253915544e-25 0.7490196078431373 0.5490196078431373 0.6392156862745098
v -3299078045696.0 -1.3868437509501064e-09 3.4745387123003013e-10 0.2901960784313726 0.30196078431372547 0.7490196078431373
v -3.695783761519051e+18 3.111496251170907e+29 1.6097797465690344e-13 0.1568627450980392 0.7058823529411765 0.5607843137254902
v 1.4203156979419873e-06 438584736.0 -9.256605855018757e-33 0.8 0.7490196078431373 0.47843137254901963
v 4.489810943603516 -1.5815694332122803 2.072923183441162 0.5294117647058824 0.1803921568627451 0.4588235294117647
v 4.801755248761194e+33 8.778260548429512e+34 5.427718883605021e-18 0.5529411764705883 0.24313725490196078 0.043137254901960784
v 0.9059461355209351 0.1709466278553009 -0.3873484432697296 0.3137254901960784 0.23921568627450981 0.16470588235294117
v -6.677100506452627e+24 8.456572748097908e-21 -2.048328998963217e-30 0.25098039215686274 0.9411764705882353 0.21568627450980393
v -168699641856.0 -2.383737830440986e+29 1595607936.0 0.2549019607843137 0.9803921568627451 0.24705882352941178
v -1.7721752494633124e+18 -1.2915445893758176e-13 -1.2113156614909637e-12 0.24313725490196078 0.5215686274509804 0.4980392156862745
v -3.6121563868326525e-35 -2.1549254519344333e+17 7.194695392573834e+24 0.9490196078431372 0.7529411764705882 0.7450980392156863
v -27049193472.0 3.854325151746245e+32 1.263602516141844e-28 0.984313725490196 0.7411764705882353 0.5098039215686274
v 49006.44921875 -1.0890888073004974e+19 -6.462418586418912e-23 0.7529411764705882 0.7490196078431373 0.43529411764705883
v 3.520941734313965 -1.4410805702209473 2.4797050952911377 0.42745098039215684 0.7450980392156863 0.18823529411764706
v -8.984399159287088e+31 -6.686881085452658e+25 -0.030364515259861946 0.03137254901960784 0.24313725490196078 0.6745098039215687
v -0.7154231071472168 -0.058258719742298126 0.6962583065032959 0.796078431372549 0.6039215686274509 0.48627450980392156
v -1.9807111933912347e+36 -1.4935369852350127e-15 6493.81494140625 0.25098039215686274 0.2784313725490196 0.6
v -1.2716373995906498e+24 -5.903172969245619e-39 -1.105265855909268e+20 0.5294117647058824 0.8313725490196079 0.24705882352941178
v -8.980759957921691e-08 1.3431840842952829e-15 2.886091896347964e-38 0.7490196078431373 0.19215686274509805 0.9529411764705882
v -2.666403390265545e-15 1.84171599234339e+27 1.6342612656166088e-16 0.9764705882352941 0.47058823529411764 0.24705882352941178
v -6.619500059201755e-09 1.899025404967043e+37 2.5157960618042837e-15 0.27450980392156865 0.49411764705882355 0.45098039215686275
v -8.963068373749686e-36 -2.824441153216691e+23 1.1220662599953357e-05 0.7137254901960784 0.7490196078431373 0.06666666666666667
v 3.3007781505584717 -1.3706376552581787 2.320439577102661 0.7294117647058823 0.8117647058823529 0.047058823529411764
v 2.8352679803796905e-35 1.027037015826019e+37 -1.575520444921518e+35 0.8352941176470589 0.7333333333333333 0.1450980392156863
v -0.9151607751846313 0.31535547971725464 -0.25106120109558105 0.6392156862745098 0.47058823529411764 0.38823529411764707
v 2.8069537723252112e+35 4.024514418552935e-14 4.942249827553856e+26 0.25098039215686274 0.20784313725490197 0.011764705882352941
v 3.507807824514249e+29 1.067803360516777e-14 -5.990583896636963 0.42745098039215684 0.10196078431372549 0.25098039215686274
v -2.4845801691807744e+16 2.738973472380233e-18 -25121.125 0.7450980392156863 0.7568627450980392 0.5725490196078431
v 0.0029319089371711016 9.126631630351767e-05 3.778656320719348e+30 0.984313725490196 0.3137254901960784 0.24313725490196078
v -1.3448530513984876e+26 7.5028597601481e+20 2.1981015662204484e+31 0.10980392156862745 0.7490196078431373 0.3411764705882353
v -0.7471708059310913 -5.0651458950996224e-36 1.6835344597821342e+24 0.6666666666666666 0.7490196078431373 0.24313725490196078
v 3.0939152240753174 -1.353661060333252 1.9736392498016357 0.6745098039215687 0.8 0.4823529411764706
v 8.68978542938372e+37 -4.7183845208560064e-29 7591474176.0 0.2980392156862745 0.7411764705882353 0.27058823529411763
v -0.866034746170044 0.10165981948375702 -0.48953965306282043 0.6431372549019608 0.4235294117647059 0.35294117647058826
v -2.417795419692993 -6.6718284230660174e-09 12085.1416015625 0.25098039215686274 0.44313725490196076 0.2901960784313726
v 1.66579323161165e+23 1.4894379304719483e+28 392779.0625 0.03529411764705882 0.14901960784313725 0.25098039215686274
v -1.4562431260856101e-08 1.2626007578252977e-15 8.887385213221717e-23 0.24313725490196078 0.28627450980392155 0.12549019607843137
v -2.2580050824184055e-36 -2.9552269579526578e+28 -1.0801086587630682e-11 0.9294117647058824 0.3607843137254902 0.24705882352941178
v -2.0117596929700821e-32 8.253668966062833e-06 9.047421912974582e+31 0.9372549019607843 0.5176470588235295 0.2901960784313726
v -1.2914151552306772e-18 -3992068030464.0 0.05279567837715149 0.7019607843137254 0.7490196078431373 0.3137254901960784
v 4.1350417137146 -1.606050729751587 2.5779054164886475 0.4 0.7607843137254902 0.788235294117647
v -4.2943383814522396e-29 -7.398440175165888e-06 -3.656888152857405e+19 0.1803921568627451 0.24313725490196078 0.40784313725490196
v -0.9539675712585449 0.1430240124464035 -0.26360976696014404 0.8549019607843137 0.6549019607843137 0.5372549019607843
v 1.2926725990906646e+20 7.066696672275441e-10 8.68710761706754e+30 0.25098039215686274 0.5333333333333333 0.047058823529411764
v -7.567689935810745e-39 5.911662035342499e-39 -3.4050995530165995e-13 0.17647058823529413 0.11372549019607843 0.25098039215686274
v -1.6417856657513497e-13 1.524935826229761e-27 1.6995673482380896e-32 0.7490196078431373 0.9607843137254902 0.20392156862745098
v -9.694632909375738e-27 95.73172760009766 23.574848175048828 0.8 0.5333333333333333 0.24313725490196078
v 1.1661069887480835e-09 3.487573013960294e-31 954363840.0 0.9647058823529412 0.9294117647058824 0.3254901960784314
v 1.1844500774759048e+29 -1.2257757353642474e-27 -2.1181110305591036e-28 0.30980392156862746 0.24705882352941178 0.5215686274509804
v 3.1229491233825684 0.8242826461791992 3.7524678707122803 0.6823529411764706 0.07058823529411765 0.01568627450980392
v 5.412951692322369e+23 -1226.0123291015625 -5.713037368482873e+29 0.5647058823529412 0.7411764705882353 0.13725490196078433
v -0.9995296597480774 0.030448010191321373 -0.0036562189925462008 0.8235294117647058 0.6627450980392157 0.5254901960784314
v 2.0413054508348863e-21 -3.4854534654931864e-19 0.0960511863231659 0.25098039215686274 0.6196078431372549 0.796078431372549
v -4.955513190907368e-07 1.352599555014656e+16 3.599783849612767e-35 0.8274509803921568 0.2 0.25098039215686274
v 16099377152.0 2.907475965348285e+30 7.412461664773951e-34 0.7490196078431373 0.9215686274509803 0.25098039215686274
v -1.4825951887104872e-31 -1.0527945296144939e-14 5.5129998344227715e-09 0.7137254901960784 0.49411764705882355 0.24705882352941178
v -2.6175213306377362e-15 3775.671142578125 15437887.0 0.6470588235294118 0.43137254901960786 0.24705882352941178
v -1.734815624487851e-10 5.627794779673734e-13 -7256807881834496.0 0.3568627450980392 0.24705882352941178 0.9803921568627451
v 2.9019761085510254 0.8800258636474609 3.2605366706848145 0.5764705882352941 0.7450980392156863 0.47843137254901963
v -1.1845950609323808e-10 599238064996352.0 2.3166002140584193e-19 0.10588235294117647 0.7450980392156863 0.18823529411764706
v -0.8506442308425903 -0.24736525118350983 0.4639126658439636 0.054901960784313725 0.047058823529411764 0.0392156862745098
v 1.2465679917442424e+30 1.578044844991043e-36 2.6322906705900095e-05 0.25098039215686274 0.8470588235294118 0.8980392156862745
v 0.012048131786286831 1.4813295339429568e-31 1.62072457173144e-19 0.22745098039215686 0.44313725490196076 0.25098039215686274
v 1.7774375121138483e+17 1.0429096625796676e+24 3205.578125 0.7490196078431373 0.33725490196078434 0.9607843137254902
v 5.6531070543914624e-37 382.9803161621094 -9.350092207950759e+29 0.8666666666666667 0.047058823529411764 0.24313725490196078
v -3.342151222440748e-09 2059525760.0 15107772.0 0.6823529411764706 0.7647058823529411 0.23921568627450981
v 9.941079217004554e+35 -5.070237159729004 -3.313913786057189e-23 0.34901960784313724 0.24705882352941178 0.24705882352941178
v 2.8682398796081543 0.9254016876220703 2.826777458190918 0.6039215686274509 0.22745098039215686 0.32941176470588235
v 1577.9794921875 1.8841619669852783e+30 -8.037300580225968e+24 0.7803921568627451 0.7411764705882353 0.984313725490196
v -0.7654036283493042 -0.06582663208246231 0.6401750445365906 0.6 0.4470588235294118 0.3254901960784314
v -2.3885519340183237e-07 -3.4091783657278475e-19 0.00010548249701969326 0.25098039215686274 0.047058823529411764 0.0
v -709858688.0 6.0922757660461255e+31 3.958339939330751e-23 0.25882352941176473 0.24705882352941178 0.25098039215686274
v 1.3619719252738048e+16 2.6049085424035706e+29 0.8277015686035156 0.7490196078431373 0.7725490196078432 0.5294117647058824
v 201607808.0 -25701380096.0 -1556530.875 0.30980392156862746 0.44313725490196076 0.23921568627450981
v 0.028677577152848244 4.636038084528198e+37 0.0008562690927647054 0.8862745098039215 0.8705882352941177 0.30980392156862746
v -2.357918852099735e-30 -2.9233612374664287e-34 -57737472.0 0.36470588235294116 0.24705882352941178 0.0392156862745098
v 2.904552936553955 0.8810567855834961 3.53964900970459 0.5764705882352941 0.4745098039215686 0.43529411764705883
v -4.740518227294189e+36 -74880.59375 2.4268918350974612e+26 0.5725490196078431 0.23921568627450981 0.596078431372549
v -0.8467310070991516 -0.21890553832054138 0.4848988354206085 0.050980392156862744 0.047058823529411764 0.047058823529411764
v 4.9889190272423695e-15 3.385673071273132e+29 0.2527189552783966 0.25098039215686274 0.6509803921568628 0.984313725490196
v 0.00013547790877055377 1.0177023603883676e-20 1.548723776604165e-25 0.33725490196078434 0.23921568627450981 0.25098039215686274
v -0.0038280636072158813 4.770685890775894e-08 2.327680884658752e+28 0.7490196078431373 0.47058823529411764 0.043137254901960784
v -1.4116823101532183e-37 5.311873631789121e-15 -2.5379151974061774e+38 0.2549019607843137 0.7137254901960784 0.7411764705882353
v 2.1646057074206584e+30 -2.4258648706055128e-30 1.0234365801149916e-34 0.5725490196078431 0.7764705882352941 0.22745098039215686
v 9.633832841775388e-27 -1.1656700494361876e+27 -2.1850689313485105e-10 0.7294117647058823 0.24705882352941178 0.2
v 2.991640567779541 1.4474350214004517 3.037334442138672 0.7254901960784313 0.6431372549019608 0.37254901960784315
v -1.8046764354976976e+28 2.3007936477661133 -3.1738749961467484e-30 0.5882352941176471 0.23921568627450981 0.4196078431372549
v -0.9316344261169434 0.32961758971214294 -0.15300147235393524 0.07450980392156863 0.058823529411764705 0.054901960784313725
v 3.3413035340245217e+33 5.941295556322556e-16 0.019690562039613724 0.25098039215686274 0.9725490196078431 0.14901960784313725
v -37502032.0 -2.3137168981868697e-33 5.795687519786824e+25 0.3176470588235294 0.12156862745098039 0.25098039215686274
v -0.011044085025787354 0.0015248729614540935 1.0775923805074467e+25 0.7490196078431373 0.7529411764705882 0.07450980392156863
v 1.1186699566678726e-08 1.129821281110168e+23 9.671355491890413e+32 0.15294117647058825 0.4549019607843137 0.24313725490196078
v 6.023414753066592e-28 1.1583496020867308e-27 4.124074533888662e-34 0.06666666666666667 0.5019607843137255 0.2784313725490196
v 6.0151895877566e-28 -1.6768129749508043e-30 8.788006008559579e+35 0.7490196078431373 0.24705882352941178 0.7215686274509804
v 2.8904635906219482 1.5558866262435913 2.3687329292297363 0.9921568627450981 0.12156862745098039 0.45098039215686275
v 3.0669326545416356e+18 1.696433517167476e+38 -8.188219232903635e-28 0.2549019607843137 0.7333333333333333 0.788235294117647
v -0.9113922715187073 0.3049640953540802 0.2763347923755646 0.06274509803921569 0.0392156862745098 0.03529411764705882
v -4.956505206266115e-10 1.0287568399961644e-34 0.24903114140033722 0.25098039215686274 0.41568627450980394 0.6745098039215687
v 600.51806640625 768.9734497070312 -4.5713852159678936e-05 0.5215686274509804 0.24705882352941178 0.25098039215686274
v -23.7188720703125 1.6724190391934068e-12 3.7747377673642967e+18 0.7490196078431373 0.6627450980392157 0.36470588235294116
v 3146968.0 3.4824634842500757e-10 1.402763084944862e+22 0.6980392156862745 0.5411764705882353 0.7450980392156863
v -6.636752531053874e+34 -1.0305016738118369e+18 7.203217228618541e-30 0.9176470588235294 0.0784313725490196 0.22745098039215686
v 1.8357216262843704e-32 4.4203753337576897e-35 -2.6842164862994447e-22 0.8 0.24705882352941178 0.0196078431372549
v 3.0286922454833984 -1.5318067073822021 1.9300209283828735 0.19607843137254902 0.09019607843137255 0.4196078431372549
v 0.006980865728110075 9376643751608320.0 1.1905526849335673e+34 0.17647058823529413 0.24313725490196078 0.7686274509803922
v -0.8189118504524231 0.4814597964286804 0.3123776316642761 0.6196078431372549 0.43529411764705883 0.34901960784313724
v 9.627489769149073e-16 1.0475163063850977e-34 7.326092705115668e+17 0.25098039215686274 0.9411764705882353 0.16470588235294117
v -1.050258594332145e-25 -845962595532800.0 7.496500548888814e-29 0.29411764705882354 0.16862745098039217 0.25098039215686274
v 8.392046197970236e-23 2.8971566684848204e-18 2.5494505866228284e-16 0.7490196078431373 0.08235294117647059 0.396078431372549
v 1.452734130193839e+25 4.732610995822923e+29 -4.712126151316409e-30 0.5882352941176471 0.803921568627451 0.7450980392156863
v 7.912280206023858e-12 9.728463510327856e-07 3.106154829151847e+20 0.7725490196078432 0.17647058823529413 0.28627450980392155
v -195764.59375 178625928232960.0 -1.6973879455526674e-21 0.9215686274509803 0.7372549019607844 0.3058823529411765
v 3.442915678024292 -0.11792385578155518 2.5059752464294434 0.788235294117647 0.8392156862745098 0.8509803921568627
v -5.3719712943761934e-17 2.03705589840301e+38 2.96522014985395e-17 0.10196078431372549 0.7490196078431373 0.7333333333333333
v -0.9887477159500122 0.003072337945923209 0.14956098794937134 0.6745098039215687 0.5137254901960784 0.37254901960784315
v 4.492003038474002e+23 1.8271850334944333e-30 6.685416155960411e-05 0.25098039215686274 0.3137254901960784 0.6823529411764706
v 6.505011968147896e+20 -6.829247996102683e-13 -1.4840323556181694e+28 0.4196078431372549 0.08627450980392157 0.25098039215686274
v -36942080.0 4.447220241117713e-19 -1.1760094895715385e+19 0.7450980392156863 0.4470588235294118 0.1803921568627451
v -2.6684599862614785e-15 1.8919512271567828e+30 4.964003681235663e+35 0.2784313725490196 0.9215686274509803 0.7450980392156863
v 2854.984130859375 0.00011564185115275905 -5.870116618731889e-38 0.4 0.20784313725490197 0.20784313725490197
v 4.9271372560195076e-24 1.0700466488868864e+16 2.024548278048342e-30 0.803921568627451 0.24705882352941178 0.6901960784313725
v 2.8033013343811035 1.5675880908966064 2.79966402053833 0.1803921568627451 0.00392156862745098 0.5254901960784314
v -5.807009537019181e+37 1.6037324712669943e-06 -4.858165193917519e-13 0.09411764705882353 0.7372549019607844 0.3568627450980392
v -0.9768904447555542 -0.11855317652225494 0.1778489053249359 0.8470588235294118 0.6745098039215687 0.6
v 0.0011691588442772627 1.8833966947370587e+22 2.597222302224863e+23 0.25098039215686274 0.7294117647058823 0.615686274509804
v -1.213730091938022e+21 12906700800.0 1.2600564604244301e+38 0.3137254901960784 0.3803921568627451 0.25098039215686274
v -1.2317551747922318e+30 1.92651094787516e+18 -0.11552095413208008 0.7450980392156863 0.39215686274509803 0.34509803921568627
v 3377764413472768.0 4.730765495001418e+29 2.3984944118765597e-27 0.8666666666666667 0.3058823529411765 0.7490196078431373
v 6.873463396326459e-24 56322.74609375 3.059587609004836e+20 0.9803921568627451 0.1607843137254902 0.2980392156862745
v -2.3509933190380865e+29 -6.366378329403233e-06 -3.952044921306354e-31 0.7254901960784313 0.7372549019607844 0.00392156862745098
v 2.986112117767334 0.02400529384613037 3.32633113861084 0.011764705882352941 0.7764705882352941 0.30980392156862746
v -1.5242030952692028e+29 513788903424.0 1.5109333482880369e+18 0.23529411764705882 0.7450980392156863 0.9686274509803922
v -0.8473705649375916 0.4225548207759857 -0.32157522439956665 0.050980392156862744 0.043137254901960784 0.043137254901960784
v -4.7866172647752884e-17 2.745610012696963e+37 0.00047926875413395464 0.25098039215686274 0.8705882352941177 0.12941176470588237
v 60962548.0 0.002933150390163064 5.654414348071659e+22 0.24705882352941178 0.403921568627451 0.25098039215686274
v -1.619444663719163e-25 4.2070283032339174e+21 1.072137907205637e+38 0.7490196078431373 0.592156862745098 0.5294117647058824
v 4.164273041669992e-17 26285610893312.0 1.6169539206079053e-19 0.7176470588235294 0.9647058823529412 0.7450980392156863
v 327621.96875 -2.8613338961117002e-27 5.308200927436462e-28 0.6431372549019608 0.054901960784313725 0.27058823529411763
v -2.544917293673646e+38 -6.471124025393937e-32 -0.00023675168631598353 0.6196078431372549 0.7490196078431373 0.6705882352941176
v 3.9658241271972656 -1.071048378944397 2.5423660278320312 0.807843137254902 0.30196078431372547 0.6862745098039216
v 1.803056819957066e+34 2.5862454536730917e+22 9.69696029170579e-32 0.9098039215686274 0.7450980392156863 0.3411764705882353
v -0.7911347150802612 -0.36620086431503296 -0.4899007976055145 0.047058823529411764 0.0392156862745098 0.03137254901960784
v 1.259029240558741e-32 1.682130946658755e-33 0.07297711819410324 0.25098039215686274 0.9568627450980393 0.9215686274509803
v 4.063689940099898e-34 846425311150080.0 -47.58629608154297 0.7098039215686275 0.8352941176470589 0.24705882352941178
v -2.5191888952879027e-20 2.348483475699771e+32 3.6527062023138937e+25 0.7450980392156863 0.5372549019607843 0.047058823529411764
v -4.262688902485941e-14 1.0771604461689242e+17 1.0806629029136428e-11 0.37254901960784315 0.01568627450980392 0.7490196078431373
v 38591082266624.0 2.704767961026447e-34 4.154167189269713e-34 0.5882352941176471 0.5294117647058824 0.33725490196078434
v 1.1774194344107422e-30 -4.670462831415735e+19 5578466304.0 0.8 0.24705882352941178 0.09411764705882353
v 3.0832509994506836 1.253523588180542 3.7906455993652344 0.07450980392156863 0.4549019607843137 0.788235294117647
v 5.073802185506793e-06 9388147.0 4.062383212825066e-33 0.20392156862745098 0.7490196078431373 0.396078431372549
v -0.8541348576545715 0.4661341905593872 -0.23059186339378357 0.07058823529411765 0.054901960784313725 0.054901960784313725
v -1.6382618934696403e+28 7.590112431898888e-07 5.701190948486328 0.25098039215686274 0.9725490196078431 0.403921568627451
v -1.982263711397536e-06 2.1640929737283994e+17 1.4770474431217814e-31 0.9490196078431372 0.10196078431372549 0.25098039215686274
v -1.6239722240574128e-14 1.1238725749047296e+16 1.7805010263867392e+16 0.7450980392156863 0.22745098039215686 0.25882352941176473
v -3.8095863855827333e+30 6386762240.0 -0.09348820894956589 0.7686274509803922 0.15294117647058825 0.7450980392156863
v 1.900339943698039e-38 -0.007326631341129541 -5.78317391871271e-35 0.34509803921568627 0.7647058823529411 0.28627450980392155
v -398779328.0 -2774592651264.0 -6.002354325744544e+26 0.9450980392156862 0.7450980392156863 0.4117647058823529
v 2.9036083221435547 0.8103458881378174 2.854731559753418 0.8549019607843137 0.5725490196078431 0.4117647058823529
v -2.7488983853941884e-13 7.018986682996438e+21 3.3461310924269814e+18 0.6549019607843137 0.23529411764705882 0.8431372549019608
v -0.7415128350257874 -0.6494848132133484 -0.16830983757972717 0.03137254901960784 0.023529411764705882 0.0196078431372549
v 6.89832878112793 -7703.857421875 72924384.0 0.25098039215686274 0.0 0.8549019607843137
v 1.5642783483421896e-20 5.916105552772873e-39 24822144.0 0.32941176470588235 0.00784313725490196 0.25098039215686274
v 1.8160881154472008e-07 2.172865867614746 6.844390869140625 0.7490196078431373 0.2235294117647059 0.2
v -2.6637780116455304e-15 -6.881877912866259e+18 -100210088.0 0.2627450980392157 0.0784313725490196 0.7490196078431373
v 2.488731178073779e+25 -166221283328.0 8.771178056394407e+28 0.9176470588235294 0.7647058823529411 0.1803921568627451
v 3.1576966076293584e-22 4.8450956244274905e+19 4.617472792104838e+20 0.5843137254901961 0.24705882352941178 0.22745098039215686
v 3.089430809020996 -1.8991351127624512 1.766049861907959 0.6901960784313725 0.6392156862745098 0.4117647058823529
v -1.772140752285991e+18 -12730335.0 23519.576171875 0.5372549019607843 0.24313725490196078 0.596078431372549
v -0.7831991910934448 -0.5234434008598328 -0.3355681300163269 0.9529411764705882 0.7568627450980392 0.5803921568627451
v -7440558080.0 -3.3789712080196384e-22 21.30834197998047 0.25098039215686274 0.25098039215686274 0.9372549019607843
v 9.95515306776701e-28 -5.542491660669996e+19 -1.6818328413964467e-13 0.1411764705882353 0.20392156862745098 0.25098039215686274
v 7.300409947919175e+36 1.8896764856331234e-25 8.685937677482294e+22 0.7490196078431373 0.4196078431372549 0.9058823529411765
v -1.4526581526666855e+25 -1.7976294712627538e-35 -6.612216060161702e-16 0.9803921568627451 0.19215686274509805 0.24705882352941178
v -1.136794781012446e+38 1.5873637257658324e+26 944243.9375 0.2549019607843137 0.6627450980392157 0.23529411764705882
v 1.834622979876733e-32 -1.0404728698862305e+18 -4.6277878123944475e+27 0.9176470588235294 0.7490196078431373 0.9372549019607843
v 3.1730613708496094 -1.87813138961792 1.580603837966919 0.24705882352941178 0.8235294117647058 0.2235294117647059
v -5.251530078515983e+27 963144712192.0 1.542870428687425e-24 0.788235294117647 0.24313725490196078 0.01568627450980392
v -0.5876593589782715 0.6314436197280884 -0.5059006214141846 0.6705882352941176 0.48627450980392156 0.3843137254901961
v 711368990785536.0 -4.242062630055443e-07 2.0111829001689807e+21 0.25098039215686274 0.5647058823529412 0.984313725490196
v -4.1538372392398542e+34 -3.633313370853504e+24 -104622869970944.0 0.2196078431372549 0.2980392156862745 0.25098039215686274
v 0.2606220245361328 16.351436614990234 6.369836105505899e-28 0.7490196078431373 0.41568627450980394 0.4392156862745098
v -7.162901738411165e-07 1.2641298854049281e-21 1.757002525080718e-38 0.01568627450980392 0.3568627450980392 0.24313725490196078
v 4.332832304498879e-06 8.510899806725101e-36 -7.056488751172631e-29 0.39215686274509803 0.4588235294117647 0.3058823529411765
v -1.0997788530820147e+20 11982784512.0 1926305284096.0 0.07450980392156863 0.7450980392156863 0.7058823529411765
v 2.928036689758301 1.040916919708252 2.121234178543091 0.5176470588235295 0.7529411764705882 0.22745098039215686
v -8.812985845707434e+26 4.156270061421173e+20 364482635235328.0 0.5176470588235295 0.7450980392156863 0.5333333333333333
v -0.7259320616722107 -0.18833421170711517 -0.6614777445793152 0.058823529411764705 0.047058823529411764 0.047058823529411764
v -23035484.0 -2.494162840964833e-37 9.818523387318764e+18 0.25098039215686274 0.7176470588235294 0.596078431372549
v 2.5326219145233486e-36 -6.094313531407668e+31 -4.495898191178211e-36 0.7450980392156863 0.9098039215686274 0.24705882352941178
v 5.864727514557563e-31 -3.1543689882340686e-09 1.5143646397632117e-30 0.7490196078431373 0.7725490196078432 0.9254901960784314
v -2.3163834787774116e+26 3.1750702607049236e+37 3.0112163682273467e+31 0.34901960784313724 0.29411764705882354 0.7490196078431373
v 1.2086181457211425e+19 -2.856543977376773e-25 1.4575699450677206e+33 0.9176470588235294 0.3843137254901961 0.19215686274509805
v nan -8.479888324631558e+28 1.7999221157257455e-34 0.792156862745098 0.24705882352941178 0.8705882352941177
v 3.0456643104553223 -1.496699571609497 1.949080467224121 0.6313725490196078 0.32941176470588235 0.3568627450980392
v -1.8973462579624463e-16 -38276425580544.0 -1.8254393232425116e+27 0.6705882352941176 0.24313725490196078 0.054901960784313725
v -0.7864092588424683 0.10856414586305618 -0.6080906391143799 0.9058823529411765 0.7529411764705882 0.6
v -2.4073403892543865e-07 -0.1141338050365448 6.04109396403886e+26 0.25098039215686274 0.5019607843137255 0.26666666666666666
v 141356.21875 1.749474176637733e-10 -1.3802258523913978e+19 0.7725490196078432 0.7058823529411765 0.24705882352941178
v 8.981134671897585e+19 2450.077880859375 1.757420299677065e+30 0.7490196078431373 0.5215686274509804 0.8196078431372549
v -1.451945301300387e+25 -7.064493305431203e+21 7.342804102439149e+27 0.8509803921568627 0.09803921568627451 0.7450980392156863
v 8.675870828072669e+25 1.8146941197991207e-12 4.378329954270471e-31 0.2196078431372549 0.3254901960784314 0.2196078431372549
v 1.915668435569145e-26 -6.441731642461285e-14 -1.6484475509059848e-06 0.8117647058823529 0.24705882352941178 0.5529411764705883
v 2.8388028144836426 1.5191434621810913 3.079334259033203 0.8784313725490196 0.9686274509803922 0.5058823529411764
v -19231.876953125 0.0005579037824645638 -2613008896.0 0.8980392156862745 0.7450980392156863 0.2627450980392157
v 0.15896010398864746 -0.9039561748504639 0.39698225259780884 0.027450980392156862 0.023529411764705882 0.01568627450980392
v 8.056114401710767e-29 -8.798417091580237e-20 4.66869387526144e+16 0.25098039215686274 0.596078431372549 0.32941176470588235
v -1.7072250595639646e-14 2.38343899908995e+29 -1.5868325983898153e+37 0.4588235294117647 0.5882352941176471 0.24705882352941178
v 7.550294254879618e-33 -4.462475676715891e-29 3.9929638796584775e-31 0.7490196078431373 0.3137254901960784 0.9803921568627451
v -50237624.0 -1.100341803035436e+20 -1.2012287952580599e-27 0.5490196078431373 0.37254901960784315 0.7490196078431373
v -2.4805720305546065e-34 -1.1415433683947422e+26 2.678076469979806e-32 0.6823529411764706 0.9058823529411765 0.3254901960784314
v 7.718612608622901e-26 -2.2934487233695644e-30 -9.888966401648794e-37 0.8941176470588236 0.24705882352941178 0.8862745098039215
v 2.962700605392456 1.4360733032226562 2.1325366497039795 0.6431372549019608 0.20784313725490197 0.29411764705882354
v 1.0967345791481227e-35 7806923.0 1.5379604436103987e+18 0.1411764705882353 0.7450980392156863 0.6274509803921569
v -0.9693465828895569 -0.023254195228219032 -0.24459436535835266 0.9529411764705882 0.7843137254901961 0.6901960784313725
v 8.160557740666263e-08 -7.250238508202557e-35 1092472602624.0 0.25098039215686274 0.35294117647058826 0.6509803921568628
v -3.748908284251229e-06 -12909549568.0 -1.235607232559191e-24 0.7215686274509804 0.03137254901960784 0.25098039215686274
v 1.382893799473095e-09 -1.1731554550237829e-14 -2.43799104575294e-14 0.7450980392156863 0.30196078431372547 0.6705882352941176
v 3215343360.0 -8.878033241899175e-08 -3.58616291654035e+24 0.3764705882352941 0.4392156862745098 0.7490196078431373
v -6.2260272005562e+21 2.099746120053866e+36 nan 0.4980392156862745 0.792156862745098 0.3686274509803922
v -1.4464123157076284e+25 5.735708327847533e-05 2340776050688.0 0.5647058823529412 0.7490196078431373 0.3215686274509804
v 3.111738681793213 -1.094831943511963 1.7825089693069458 0.23137254901960785 0.44313725490196076 0.11764705882352941
v 5.207566739453526e-30 2.9707146131226637e-32 2120183808.0 0.9215686274509803 0.7450980392156863 0.6
v -0.8763530254364014 0.13772423565387726 0.4615597724914551 1.0 1.0 1.0
v 4.459401300627482e+21 -515368800.0 0.0003031764063052833 0.25098039215686274 0.9803921568627451 0.6901960784313725
v -4.928384441238302e-16 -0.04693787172436714 -822829842432.0 0.43529411764705883 0.9882352941176471 0.24705882352941178
v -6.546222982087291e-15 -3.191633346499856e-10 -1245381001216.0 0.7450980392156863 0.592156862745098 0.22745098039215686
v 1.0408371461543507e-17 7.367506058821104e-32 -0.0014422201784327626 0.6823529411764706 0.13333333333333333 0.7490196078431373
v -3061825280.0 5.696746256944607e-07 nan 0.8941176470588236 0.44313725490196076 0.22745098039215686
v -1.1036220420452778e+20 -1.1126760636929881e-22 -2.1065652310621392e+26 0.7725490196078432 0.7490196078431373 0.08627450980392157
v 3.0429937839508057 -1.5102267265319824 2.022686004638672 0.5490196078431373 0.5490196078431373 0.33725490196078434
v -9.574530810634032e-29 -2.3961380162094686e-34 4.749899239191575e+21 0.3176470588235294 0.7490196078431373 0.33725490196078434
v -0.5773385763168335 -0.8113183379173279 -0.09188428521156311 0.03137254901960784 0.0196078431372549 0.011764705882352941
v -1.2374571064476487e-38 nan 6.038693094411469e+17 0.25098039215686274 0.18823529411764706 0.34901960784313724
v 6.898010027567244e+32 -807047680.0 -6.642513899289396e-16 0.8274509803921568 0.6784313725490196 0.24705882352941178
v -1.0268977589461405e-32 -1.5647352074628962e-31 6.131233748261274e+16 0.7490196078431373 0.7803921568627451 0.9529411764705882
v 5.668888466914065e+22 nan -8.687823377373505e-11 0.9411764705882353 0.01568627450980392 0.7490196078431373
v -4.0474083998984124e-25 11.900325775146484 6.349275898158304e-36 0.2 0.00392156862745098 0.2901960784313726
v -2.8905204024961495e+25 3.226913242555749e-37 2.796898179724394e-08 0.00392156862745098 0.7490196078431373 0.8588235294117647
v 3.6963658332824707 -0.5448434352874756 2.570728302001953 0.8823529411764706 0.5333333333333333 0.011764705882352941
v -5.324066291166462e+33 6.342404314936014e-27 253489552.0 0.3176470588235294 0.23921568627450981 0.8980392156862745
v -0.9493629932403564 0.05450081825256348 -0.3094182014465332 0.0196078431372549 0.01568627450980392 0.00784313725490196
v 12.35854434967041 -0.001768095651641488 1208349857153024.0 0.25098039215686274 0.8862745098039215 0.43137254901960786
v 7.392961469774698e-37 1.5606232230415625e+34 25052644.0 0.3607843137254902 0.8823529411764706 0.24705882352941178
v 1.1139854905195534e-06 6.001466735049734e-29 1.191313790710255e+24 0.7490196078431373 0.3607843137254902 0.29411764705882354
v 4.3634665325420485e-11 4.922592628344529e-24 2.3623033867645593e+29 0.4 0.3803921568627451 0.7490196078431373
v 2.557402108415178e-15 2.0647832687719753e-24 0.0031804887112230062 0.8313725490196079 0.09803921568627451 0.43529411764705883
v -4.306876381318349e+17 -1.2977247120837837e+17 -1.5437346069710963e-19 0.3254901960784314 0.24705882352941178 0.043137254901960784
v 4.073666572570801 0.8260583877563477 1.291017770767212 0.6392156862745098 0.2980392156862745 0.11372549019607843
v -1.7225836832379961e-22 2.1619538627781068e-29 -33088025395200.0 0.7333333333333333 0.23921568627450981 0.08235294117647059
v -0.2823575735092163 -0.14058732986450195 -0.9489517211914062 0.050980392156862744 0.0392156862745098 0.03137254901960784
v 30309804.0 6.728589908192253e-33 2.4276350875887206e+17 0.25098039215686274 0.7450980392156863 0.8235294117647058
v -7.629394076502649e-06 -845135881437184.0 3.62292525986662e+24 0.19607843137254902 0.20784313725490197 0.25098039215686274
v -3.157565515721217e-07 -1.4383053894562181e-05 -3.8621663881436114e-31 0.7450980392156863 0.7333333333333333 0.48627450980392156
v -3.7101579226486754e+27 2.7572233187413197e+19 -1.432227576559999e+25 0.1450980392156863 0.06666666666666667 0.7490196078431373
v -1.69252795372693e-12 5.50932804255574e-24 6.792616881429636e-33 0.7137254901960784 0.6784313725490196 0.5333333333333333
v 1.8839855976109123e-29 3.945272663252396e-31 1.017507181306722e-19 0.23137254901960785 0.24313725490196078 0.23529411764705882
v 3.393007516860962 0.1169126033782959 2.208113670349121 0.13725490196078433 0.25882352941176473 0.2901960784313726
v -2.5524006019850276e-08 8.753299875488551e-32 1.6309470511263523e-28 0.9647058823529412 0.23921568627450981 0.12941176470588237
v -0.7279977798461914 -0.1804889589548111 -0.6613947153091431 0.8588235294117647 0.6509803921568628 0.5137254901960784
v -6.235808982835495e-24 3.724141487386857e-17 nan 0.25098039215686274 0.17254901960784313 0.5843137254901961
v 127.99999237060547 3303187152896.0 9.723339688990104e+32 0.34509803921568627 0.9882352941176471 0.24705882352941178
v -1.2249812275655358e-11 -4095569821696.0 6.303685495367972e-06 0.7490196078431373 0.45098039215686275 0.6784313725490196
v -2.2560928593236e-36 -25660264448.0 -1.7610961832737484e+21 0.023529411764705882 0.058823529411764705 0.7490196078431373
v 4.019529853928849e+25 -2.5303327906616213e-27 261268178993152.0 0.807843137254902 0.4549019607843137 0.3333333333333333
v 7.013890860018068e+21 -2.9039161974581765e+25 1066232840192.0 0.1411764705882353 0.7490196078431373 0.14901960784313725
v 4.133012771606445 0.7120761871337891 1.2447936534881592 0.5215686274509804 0.3411764705882353 0.0392156862745098
v -1.1406861281947777e-27 1091588.0 19756228804608.0 0.058823529411764705 0.24705882352941178 0.0
v 0.10096851736307144 0.47230616211891174 -0.8756324052810669 0.796078431372549 0.6313725490196078 0.5176470588235295
v 2.501350713066454e-20 -2.2617910641022004e-23 -1.2514535165326608e-36 0.25098039215686274 0.7176470588235294 0.7019607843137254
v -6.18969982749202e+26 -3.899631822902778e+33 -2.760783317489733e+19 0.7450980392156863 0.803921568627451 0.24705882352941178
v -4.6778719826227133e-29 -234122224.0 2.69415949105678e-07 0.7450980392156863 0.3607843137254902 0.6470588235294118
v -196792.5625 -2.1691577353766256e-11 -26299886206976.0 0.1568627450980392 0.6509803921568628 0.7450980392156863
v -4074978802663424.0 1487.77294921875 -1.1333073632040447e-30 0.19607843137254902 0.6588235294117647 0.5372549019607843
v -6.893674023364854e+18 -6070636698927104.0 2.663690120898174e+36 0.8235294117647058 0.7411764705882353 0.3137254901960784
v 3.9698057174682617 -0.09562325477600098 1.81796133518219 0.15294117647058825 0.058823529411764705 0.8862745098039215
v 1.5569465716680497e-08 157504403144704.0 1.0642102157385607e-25 0.2901960784313726 0.7490196078431373 0.023529411764705882
v -0.16090086102485657 -0.8937889337539673 -0.41863125562667847 0.10980392156862745 0.09411764705882353 0.09803921568627451
v -11156061184.0 3.999371104442952e+32 -1.7101017100770598e-37 0.25098039215686274 0.6745098039215687 0.2823529411764706
v 0.00013260194100439548 5.5482654161297736e+19 -1.0634929792547893e-14 0.01568627450980392 0.6588235294117647 0.24705882352941178
v -3.4635872044942885e-19 -1.0492513732953886e-29 1.5625392041335228e-22 0.7490196078431373 0.996078431372549 0.6039215686274509
v -6.368390126510973e+37 -1.0770504091068006e+17 12693515264.0 0.19607843137254902 0.06666666666666667 0.7490196078431373
v -3.2815451663237355e+22 3.38790262548368e+22 1080128373260288.0 0.7294117647058823 0.39215686274509803 0.3058823529411765
v -4.499262383689811e-36 2.079616072873201e+19 -6.405964530241556e+19 0.9921568627450981 0.7490196078431373 0.37254901960784315
v 3.1772236824035645 -1.3700497150421143 1.6519185304641724 0.2196078431372549 0.7490196078431373 0.7803921568627451
v 1535441633280.0 -10599905886208.0 1.2940389486698166e-24 0.4 0.24313725490196078 0.22745098039215686
v -0.07095269113779068 0.15528488159179688 -0.9853183627128601 0.8784313725490196 0.7176470588235294 0.5843137254901961
v -7719.880859375 nan -1.1326008064636072e-29 0.25098039215686274 0.5019607843137255 0.6901960784313725
v 3.777892961115735e+22 -1.0678107297034181e-14 2.265441980853211e-05 0.7568627450980392 0.1411764705882353 0.25098039215686274
v -0.006408721208572388 -24.840200424194336 0.5883368849754333 0.7450980392156863 0.403921568627451 0.5137254901960784
v -6.495835908693972e-19 1.7461660037964012e-38 -3.56601105977461e-07 0.4666666666666667 0.5450980392156862 0.7450980392156863
v 216303370240.0 2.730039433060837e+19 7.103551106312887e-30 0.16862745098039217 0.7215686274509804 0.5019607843137255
v -2.271467565151397e-05 -0.09103497862815857 -5.536261109993923e-18 0.7647058823529411 0.24705882352941178 0.01568627450980392
v 2.878021717071533 1.2322776317596436 2.152055501937866 0.6196078431372549 0.6235294117647059 0.32941176470588235
v 4.575636990394473e+19 -1.1231951025214349e-30 2.518777504276204e-12 0.49411764705882355 0.24313725490196078 0.17254901960784313
v -0.5851426124572754 0.5782632231712341 -0.5685241222381592 0.7568627450980392 0.5882352941176471 0.5019607843137255
v -9.102243321638936e+34 -0.0017528313910588622 1.557964870601201e+33 0.25098039215686274 0.8470588235294118 0.9450980392156862
v 2.74414806821223e+32 -0.011749796569347382 -1.4135274761842122e+22 0.7137254901960784 0.6862745098039216 0.24705882352941178
v 7.524537588130568e+24 2.9270169734954834 1.8714254539641173e-23 0.7490196078431373 0.8 0.24313725490196078
v 5.411329368968397e+16 6.891250149981422e+18 3.9184376225793304e+36 0.058823529411764705 0.13725490196078433 0.7490196078431373
v -1.3939045857114252e-05 5.89121529337433e-10 -3.3816771332613276e-16 0.4 0.7254901960784313 0.3843137254901961
v -1.183470564220028e+29 -1.2444703807216084e-18 5.6012592802607493e-36 0.7019607843137254 0.7490196078431373 0.9725490196078431
v 3.517479419708252 -1.3860554695129395 1.427687644958496 0.2823529411764706 0.5019607843137255 0.34901960784313724
v -3.3711253692134174e-18 3.6917831340194237e-37 -5.143972803267616e-09 0.47843137254901963 0.24313725490196078 0.8313725490196079
v -0.001531656482256949 0.0835333913564682 -0.9965038299560547 0.8235294117647058 0.6588235294117647 0.5019607843137255
v -1.5966033956862545e+36 6.824186986272876e-33 -2.9712395554551186e-38 0.25098039215686274 0.47843137254901963 0.1803921568627451
v -1.1117945682522197e+34 8.875695552996657e+20 -1.5471339753611118e-25 0.48627450980392156 0.6666666666666666 0.24705882352941178
v -2.3787531189603528e-15 -49624.74609375 5.628851701962034e+19 0.7490196078431373 0.38823529411764707 0.7803921568627451
v 2.2112405009942656e+20 -5.434786735231123e-12 3042.979248046875 0.2627450980392157 0.17254901960784313 0.7490196078431373
v -1911784030076928.0 1.3307998188011293e+23 -4.1614134531778655e-27 0.47058823529411764 0.807843137254902 0.28627450980392155
v 4.6035866894154014e-33 9.129664367010252e-32 -9.876293827416673e-31 0.611764705882353 0.23921568627450981 0.5098039215686274
v 4.561910629272461 0.12084543704986572 1.2408790588378906 0.8156862745098039 0.25098039215686274 0.058823529411764705
v -2.949709046980018e+18 -7.736576828192703e+36 3.1994417952226135e+33 0.23921568627450981 0.23921568627450981 0.7137254901960784
v -0.25815242528915405 -0.020785948261618614 -0.9658805727958679 1.0 1.0 1.0
v 6.016489210693341e+35 -6.757587470929138e-06 9.663766653391466e+26 0.25098039215686274 0.8784313725490196 0.24313725490196078
v 17108.921875 2.372803243688491e-30 -0.011700326576828957 0.2980392156862745 0.7019607843137254 0.24705882352941178
v -1.4209476583497834e-21 109742584.0 -5.0586154968371595e+36 0.7450980392156863 0.3764705882352941 0.27450980392156865
v -2.2619952426656744e+23 -2.1204287376517042e-14 4.5852112513328e+26 0.4 0.36470588235294116 0.7490196078431373
v 15021308928.0 -1.0781739810962409e-28 -1.541679143182413e-38 0.9019607843137255 0.47843137254901963 0.24705882352941178
v -6425622016.0 946.2133178710938 -0.0007028638501651585 0.9529411764705882 0.7490196078431373 0.8
v 3.6667959690093994 -1.3301262855529785 1.455502986907959 0.7098039215686275 0.8235294117647058 0.5372549019607843
v -3.6143053367420912e+34 2980.00146484375 4.382569307459505e-11 0.8862745098039215 0.7411764705882353 0.4196078431372549
v -0.6636043787002563 0.10441078990697861 -0.7407615780830383 0.9411764705882353 0.7254901960784313 0.6
v -1.2296839407207745e+25 -1.6968427871688618e-06 -6.050556685114296e-33 0.25098039215686274 0.9098039215686274 0.00392156862745098
v 3.844682437828318e-24 -197154.015625 4.597587540866733e+26 0.4 0.8941176470588236 0.24705882352941178
v -3.354625319653835e-23 -2.5639398937293834e-10 -3.0862573617986037e-31 0.24313725490196078 0.9215686274509803 0.7607843137254902
v -2.7892674836493825e-09 3.483029142881122e-10 1.1239264495088719e-05 0.8980392156862745 0.25882352941176473 0.7450980392156863
v -4.806443437699315e-11 1.0621176592719989e+33 8.228941790523283e-24 0.8156862745098039 0.5568627450980392 0.43529411764705883
v -7.220909945284832e+24 -8275328000.0 2.6545407794517665e-28 0.36470588235294116 0.7490196078431373 0.7294117647058823
v 4.021910667419434 0.602043628692627 1.30399751663208 0.07058823529411765 0.14901960784313725 0.596078431372549
v 5.945209503173828 -6.253574845076875e-35 474616.28125 0.027450980392156862 0.7450980392156863 0.9098039215686274
v 0.178303524851799 0.23716981709003448 -0.9549650549888611 0.7215686274509804 0.5607843137254902 0.4627450980392157
v -5.094770951887894e+35 -1.0232803759890885e-07 -1.4829261401623017e-36 0.25098039215686274 0.9098039215686274 0.36470588235294116
v -1.1047770921593048e-28 -2.6090014778619196e-18 -1.784406862270771e-07 0.984313725490196 0.6784313725490196 0.24705882352941178
v 5.034087471238269e-32 -272121200640.0 -3.7665025431911294e+27 0.7450980392156863 0.08627450980392157 0.9372549019607843
v -5.397349679916646e+16 1.1195524534151013e-36 -7.75633002833308e+33 0.43137254901960786 0.1607843137254902 0.7490196078431373
v 4.919237228324918e-34 1396285312.0 nan 0.08627450980392157 0.3568627450980392 0.4196078431372549
v 410875985920.0 -1.310594241845897e+38 -8.582007779082208e-31 0.7450980392156863 0.7490196078431373 0.35294117647058826
v 2.981881856918335 0.2658878564834595 3.5039684772491455 0.8196078431372549 0.027450980392156862 0.40784313725490196
v -2.6368021174411004e-34 -2.667791175602508e-38 -21.843366622924805 0.996078431372549 0.7411764705882353 0.9254901960784314
v 0.16336213052272797 -0.25269949436187744 -0.9536539316177368 0.7058823529411765 0.5450980392156862 0.4470588235294118
v -2.1843996364623308e-05 -6.3877180454807725e-12 -2.3190464793709025e-34 0.25098039215686274 0.611764705882353 0.13725490196078433
v -16.833433151245117 7.004100077701025e-10 2.3749064384340418e+29 0.3843137254901961 0.6039215686274509 0.24705882352941178
v -5930443866112.0 -1.9128234551857304e-09 -3.274345352639021e+18 0.23921568627450981 0.807843137254902 0.8274509803921568
v -2.3670164260587148e-30 3.769984092940263e-29 -3.410072641384481e+18 0.6941176470588235 0.24705882352941178 0.7490196078431373
v -1.9644914199591317e-17 1.5055778929661056e+29 -3.450930547028839e-16 0.807843137254902 0.9058823529411765 0.5176470588235295
v -6735154038964224.0 -1.5291815273159622e-19 4.198288383605586e-09 0.043137254901960784 0.7450980392156863 0.6901960784313725
v 4.210700511932373 -0.09920132160186768 1.7314049005508423 0.4196078431372549 0.9019607843137255 0.9137254901960784
v 9.798847841686316e+32 -6.332649248735889e-13 -7.154120285454144e+31 0.08627450980392157 0.24313725490196078 0.9686274509803922
v -0.9745912551879883 0.07455572485923767 -0.21121883392333984 0.5803921568627451 0.4470588235294118 0.3333333333333333
v -6.162824138300493e-05 nan 9.395136013139812e+36 0.25098039215686274 0.3411764705882353 0.4823529411764706
v -2.1672780029093975e-15 -0.04694359749555588 -7.250657049485946e+24 0.06274509803921569 0.03137254901960784 0.25098039215686274
v 3.1526000010461137e+32 -180331701338112.0 3.863545315781987e-19 0.24705882352941178 0.13333333333333333 0.23921568627450981
v -803922176.0 1.9792617930747434e-23 5.686651827597036e-34 0.058823529411764705 0.7725490196078432 0.24313725490196078
v 2.0888705262039897e-12 -1.593395631680733e-16 1.4425189999523914e+30 0.41568627450980394 0.9215686274509803 0.2235294117647059
v 5.1898833643904054e-18 -1.9915902238877657e-19 3.087014185352782e+34 0.9333333333333333 0.24705882352941178 0.4980392156862745
v 4.206602096557617 1.9117991924285889 1.193432092666626 0.3254901960784314 0.8549019607843137 0.5294117647058824
v -1.8962807305240206e-25 1.2066858602066332e+37 24479.60546875 0.7137254901960784 0.24313725490196078 0.6235294117647059
v 0.5960698127746582 0.3105768859386444 -0.7404341697692871 0.6 0.4627450980392157 0.3607843137254902
v 4.676688194025724e+25 nan 0.14096449315547943 0.25098039215686274 0.8156862745098039 0.7215686274509804
v -2.2613607878100566e-22 5.540961580288783e+19 -8.790077901955693e+20 0.24313725490196078 0.36470588235294116 0.25098039215686274
v -2.6547449134828316e-14 -1.3677429649128304e-27 1.256120208291872e-20 0.7490196078431373 0.8470588235294118 0.03529411764705882
v 2.4760742427249962e-24 3.1760019838960914e+37 -7.168508509978946e+24 0.35294117647058826 0.2549019607843137 0.7490196078431373
v 2.1699177921163937e-07 5899975393280.0 1.9130856619705826e+22 0.7607843137254902 0.9647058823529412 0.49411764705882355
v -2.1746320022497656e-11 30462222.0 1.3899642581342598e-16 0.47843137254901963 0.7490196078431373 0.0
v 4.324652671813965 0.08585166931152344 1.3870595693588257 0.19607843137254902 0.20784313725490197 0.06274509803921569
v -6.958340727651533e-23 -7.3515167236328125 0.0009164660004898906 0.07450980392156863 0.7490196078431373 0.8627450980392157
v -0.595561146736145 -0.5906429290771484 -0.5444701313972473 0.9294117647058824 0.7686274509803922 0.611764705882353
v -2.4589272650679445e-35 -2.5209809934034766e-11 -3.68879707566993e-32 0.25098039215686274 0.49411764705882355 0.12941176470588237
v 4.3867638396413457e+30 2.498019794374153e+35 -24509.71484375 0.6705882352941176 0.792156862745098 0.24705882352941178
v -5.923762583893575e-37 -2.73820617260127e+37 5.251594720817733e-22 0.24705882352941178 0.4196078431372549 0.25098039215686274
v -6.370143033760969e+37 -400805504.0 nan 0.07450980392156863 0.12549019607843137 0.7490196078431373
v 5.712741044106018e-11 1.3085526201125672e-34 nan 0.6313725490196078 0.4117647058823529 0.23529411764705882
v -391221.46875 -2.304972497313429e-07 21.781387329101562 0.9137254901960784 0.24705882352941178 0.09019607843137255
v 3.1679766178131104 1.8324863910675049 1.9073729515075684 0.06274509803921569 0.4588235294117647 0.8156862745098039
v -11311.8583984375 7.0705746111343615e-06 2.5390886378869025e-38 0.7490196078431373 0.24313725490196078 0.06666666666666667
v -0.25447624921798706 0.6640660166740417 -0.7030348777770996 0.7098039215686275 0.36470588235294116 0.34901960784313724
v -3.084772794812598e+30 -1.490121144354833e-32 -1.3098339871420858e-22 0.25098039215686274 0.4196078431372549 0.5686274509803921
v -4.4113817688245675e-35 -1.629725201524812e-19 3.600816137986768e-35 0.35294117647058826 0.6901960784313725 0.24705882352941178
v -1607869661184.0 -0.02521979622542858 -9.509122731051657e+22 0.24313725490196078 0.7490196078431373 0.8784313725490196
v 3.720661056002388e+27 -3.0836757086548373e+34 1.351669427426816e-12 0.2549019607843137 0.4745098039215686 0.7490196078431373
v 1.6440213169440324e+32 147157984.0 7.426089272345746e-27 0.7333333333333333 0.5294117647058824 0.6039215686274509
v 3.2440488170317694e-19 6.914982811160742e+37 -2.4575499388967086e-37 0.6588235294117647 0.24705882352941178 0.5019607843137255
v 4.864388465881348 1.5128514766693115 1.5046391487121582 0.596078431372549 0.3137254901960784 0.5882352941176471
v 2.7230658537758877e-21 -0.05206279829144478 9.330958958380938e-32 0.8823529411764706 0.24313725490196078 0.6235294117647059
v 0.21710015833377838 0.2329891324043274 -0.9479365348815918 0.4392156862745098 0.35294117647058826 0.28627450980392155
v 2.107520381334183e+29 nan 1.9366866226954303e+24 0.25098039215686274 0.12941176470588237 0.40784313725490196
v 7.64084412800825e-19 -2.7370831295892017e-12 2.3691300397521956e+29 0.5568627450980392 0.7333333333333333 0.24705882352941178
v 3.9140333451570686e+28 -2223.515380859375 -1.5113256783202966e-12 0.24313725490196078 0.3764705882352941 0.058823529411764705
v 1.4148072866083202e+22 -3338912676184064.0 -2.14505046312747e+17 0.9254901960784314 0.4588235294117647 0.7490196078431373
v 155362892185600.0 7.039274025086902e+30 962686912.0 0.1843137254901961 0.8352941176470589 0.4666666666666667
v -25095618.0 -1.9750776465342582e+29 -59456.53125 0.8705882352941177 0.7490196078431373 0.807843137254902
v 4.426499366760254 -0.09998190402984619 1.7212188243865967 0.3058823529411765 0.792156862745098 0.4392156862745098
v 3.736991260541465e+33 4.032096399628698e+16 -2.485394666778788e+17 0.7215686274509804 0.23529411764705882 0.5568627450980392
v -0.6504032015800476 -0.11801522970199585 -0.7503653764724731 0.8941176470588236 0.7254901960784313 0.5529411764705883
v -1.1794438774618308e-19 7.8427042629023e+25 7.360437658693857e+25 0.25098039215686274 0.5725490196078431 0.06666666666666667
v -8.325340966037845e+32 -8.867588369979948e+20 8.311901224181947e-17 0.9294117647058824 0.8274509803921568 0.24705882352941178
v -0.1159672737121582 -551974030278656.0 3.1149653929001204e-24 0.24705882352941178 0.9803921568627451 0.9176470588235294
v -9.484704586807574e+29 -7.563738686632857e+30 3.7412922506672005e-29 0.12941176470588237 0.3803921568627451 0.7490196078431373
v -69204464.0 8.559833654208248e+35 5.132364390336457e-22 0.0 0.0392156862745098 0.611764705882353
v 6719713631535104.0 -13646410.0 1.2535749647213379e-06 0.09019607843137255 0.7529411764705882 0.5333333333333333
v 4.085716247558594 -2.3088459968566895 1.8329288959503174 0.6705882352941176 0.043137254901960784 0.596078431372549
v 96069987860480.0 1.6016083625023152e-36 -7.669291992782066e+27 0.07058823529411765 0.7490196078431373 0.615686274509804
v 0.8783132433891296 0.16766518354415894 -0.44772109389305115 0.19607843137254902 0.16862745098039217 0.12941176470588237
v 8.780596982602268e-36 1.606981809606648e+36 5.385235473763139e+26 0.25098039215686274 0.596078431372549 0.050980392156862744
v 1.1176142017481527e+31 -12924010496.0 -3.4266255140627415e+18 0.8431372549019608 0.6392156862745098 0.24705882352941178
v 5.180976586416364e-06 -1.9642810089402343e-23 3.337216586820808e-26 0.7490196078431373 0.4 0.611764705882353
v -6.082287137354142e+31 1.1303831501996788e+23 97202.03125 0.3686274509803922 0.7215686274509804 0.22745098039215686
v 5420575.0 -3.325647836610664e+23 0.8100851774215698 0.20784313725490197 0.1568627450980392 0.5058823529411764
v 420539977957376.0 -1.883379046256019e+21 -4.507878303527832 0.09411764705882353 0.7529411764705882 0.12156862745098039
v 4.003096580505371 -2.195906639099121 1.5800995826721191 0.1450980392156863 0.5843137254901961 0.3607843137254902
v 5.914307553398532e-22 -8167.978515625 22.529685974121094 0.1568627450980392 0.24313725490196078 0.49019607843137253
v -0.010456631891429424 0.12539248168468475 -0.9920521378517151 0.37254901960784315 0.2980392156862745 0.23529411764705882
v 0.9951072931289673 -6.535532203184096e-35 -1.204243703770902e-26 0.25098039215686274 0.25098039215686274 0.8588235294117647
v 3.909326312815066e-37 -5.926452740633447e-39 -51828444102656.0 0.6039215686274509 0.7607843137254902 0.24705882352941178
v -4.136252463855881e-17 8.239426407455964e-31 2.6910922781160797e-35 0.7490196078431373 0.7843137254901961 0.3411764705882353
v -1.0162247443957094e-20 -6424640000.0 1.1464250183749254e-33 0.47058823529411764 0.5647058823529412 0.7372549019607844
v 1.2711039831825768e-29 -2.25976234665918e-31 3.646369635322376e-17 0.38823529411764707 0.7529411764705882 0.6039215686274509
v -1.2362973872436463e-24 1.8581429233015187e-38 -2.4192847725146294e-09 0.10980392156862745 0.7529411764705882 0.0784313725490196
v 4.5475358963012695 -0.6763713359832764 2.3825080394744873 0.1411764705882353 0.4235294117647059 0.0784313725490196
v 2.005755887299156e-16 0.0032844350207597017 0.24632596969604492 1.0 0.23529411764705882 0.615686274509804
v 0.6337378025054932 -0.43299221992492676 -0.6410102248191833 0.403921568627451 0.3176470588235294 0.23529411764705882
v -1.5722273588180542 2.180397405643455e-21 -2.0160190791178714e-30 0.25098039215686274 0.7176470588235294 0.42745098039215684
v 809.4441528320312 -9.270095387378412e-33 4.5247705087868094e+23 0.596078431372549 0.8980392156862745 0.24705882352941178
v -2.2027654276164616e-19 -7.016070958022086e+24 -5.496182370580585e+30 0.24313725490196078 0.07058823529411765 0.5137254901960784
v -1.518232633770163e+31 -1.3397749974171648e+16 1.8060165169759234e+24 0.3568627450980392 0.1568627450980392 0.7490196078431373
v -9.487662877560865e-10 3.4674288765536483e+21 5.971163884940984e+30 0.611764705882353 0.7529411764705882 0.5725490196078431
v -6.898678450538676e+18 -2.8646242513017985e+38 -1.525403380393982 0.7725490196078432 0.24705882352941178 0.6431372549019608
v 4.215979099273682 -0.9008641242980957 2.0600955486297607 0.615686274509804 0.03137254901960784 0.9450980392156862
v -124286.765625 -3.2829912541496856e+25 -8.131788838596775e+24 0.23529411764705882 0.24705882352941178 0.6313725490196078
v 0.6529271006584167 0.5880467891693115 -0.477375328540802 0.4980392156862745 0.4117647058823529 0.3058823529411765
v -1.2174665540343656e+23 2.007698054145988e+28 -6.800022410498926e-28 0.25098039215686274 0.5490196078431373 0.8313725490196079
v -3.3900495258198937e-12 -5.550875656734114e+19 -1.0534874872686426e-14 0.47843137254901963 0.7333333333333333 0.24705882352941178
v -6.229775378992154e+25 -3.9109900740186276e-07 2.863782633255596e-08 0.24705882352941178 0.3764705882352941 0.5411764705882353
v 3.9817336354372763e+36 -6127.6533203125 3.5187349567422643e-07 0.4196078431372549 0.07450980392156863 0.7450980392156863
v 24104058.0 1.8945668084302877e+35 nan 0.807843137254902 0.5647058823529412 0.5372549019607843
v 2.1662473898009793e-11 -2816752295608320.0 -1.8539666630565383e+32 0.9686274509803922 0.7490196078431373 0.07058823529411765
v 4.274929046630859 -1.1656711101531982 1.9006483554840088 0.5058823529411764 0.37254901960784315 0.027450980392156862
v 2.08315759904548e-20 nan 0.7314156889915466 0.6823529411764706 0.7411764705882353 0.7450980392156863
v 0.1455523818731308 -0.20772837102413177 0.9672968983650208 0.3411764705882353 0.25098039215686274 0.1607843137254902
v -1.0577187118900094e-22 3.3319993019104004 7.32369575482119e+28 0.25098039215686274 0.4117647058823529 0.6666666666666666
v 0.2054658979177475 -2.315553240768045e-33 1.2154982173685133e+32 0.35294117647058826 0.12941176470588237 0.25098039215686274
v -243.5673828125 1.0276092637556984e-23 3.612786102452723e-17 0.7490196078431373 0.4470588235294118 0.2627450980392157
v -2.424135665377148e-27 5.434890818639682e-12 -4.453105002363028e-36 0.18823529411764706 0.18823529411764706 0.24705882352941178
v -471981.96875 -2721012252672.0 2.1661624714217216e+31 0.9411764705882353 0.44313725490196076 0.26666666666666666
v -5.3734911485692205e-12 2.4990346638080592e+33 -2.6916061197517252e-27 0.7647058823529411 0.7490196078431373 0.20392156862745098
v 3.5047872066497803 -1.5332930088043213 2.574336528778076 0.9098039215686274 0.8431372549019608 0.3411764705882353
v -1.7325072146197103e+23 4.0169885921903126e-23 -87822123925504.0 0.0 0.24705882352941178 0.6980392156862745
v -0.05620038881897926 -0.02428111806511879 0.9981241822242737 0.27450980392156865 0.21176470588235294 0.1607843137254902
v -9.79691289093226e+27 1.3042708964158146e+38 3.1235511262046585e+19 0.25098039215686274 0.3215686274509804 0.8235294117647058
v 2.4247101170585853e+23 -1.4130210546540956e-37 3.1860225083607755e+37 0.5058823529411764 0.08627450980392157 0.25098039215686274
v -0.023882031440734863 5.681845616905608e-33 65582336.0 0.7490196078431373 0.058823529411764705 0.023529411764705882
v -3.712867675566127e+27 1.7643079534955054e+21 6.630037103976341e-16 0.8941176470588236 0.11372549019607843 0.24313725490196078
v -5.957294019428262e-35 3.819967791604202e+36 2.7944224927203805e-32 0.4588235294117647 0.10196078431372549 0.41568627450980394
v 6.355404313762235e+37 -2.2167326055554718e+20 481575829504.0 0.7450980392156863 0.7490196078431373 0.3803921568627451
v 3.046861410140991 -1.5163938999176025 1.8124511241912842 0.047058823529411764 0.47843137254901963 0.29411764705882354
v -1.394246864776297e-24 -1.7156455411475617e-15 -82321092902912.0 0.8352941176470589 0.7372549019607844 0.984313725490196
v -0.8689855337142944 0.44298040866851807 0.22052763402462006 0.6980392156862745 0.5058823529411764 0.4392156862745098
v 5505746993152.0 -3.279717864884434e-22 4119757568.0 0.25098039215686274 0.8588235294117647 0.9490196078431372
v -4.959896518049724e+33 -211400957886464.0 -0.023405008018016815 0.8627450980392157 0.00392156862745098 0.25098039215686274
v -1.4902489024680515e+29 2.0538810599160715e-19 3.1783556093002013e-16 0.24313725490196078 0.7019607843137254 0.5137254901960784
v 5.9457229099826275e+28 390603.03125 -8.595324260560404e+17 0.08235294117647059 0.32941176470588235 0.24705882352941178
v 3.0237091953520445e-34 80.61571502685547 1.0881425401058427e+18 0.8549019607843137 0.596078431372549 0.2627450980392157
v 0.00018262671073898673 2.2730632554319746e+33 2.828879979658444e-13 0.8156862745098039 0.7490196078431373 0.5058823529411764
v 3.47847318649292 -1.513676404953003 2.4795751571655273 0.0392156862745098 0.5843137254901961 0.7450980392156863
v 0.0003046969068236649 -1.7485933278051487e+29 7.50172503268118e+37 0.8156862745098039 0.7411764705882353 0.5411764705882353
v -0.721729040145874 0.6916809678077698 0.02616535685956478 0.5372549019607843 0.36470588235294116 0.28627450980392155
v -1653.9317626953125 7.73704606930662e-27 5.28571835902369e+29 0.25098039215686274 0.9333333333333333 0.14901960784313725
v 1.132544664994609e-37 9.525270092684743e+29 -6.908542169351455e+18 0.023529411764705882 0.11372549019607843 0.25098039215686274
v -0.002383604645729065 -9.914365318698115e+37 56343804.0 0.7490196078431373 0.043137254901960784 0.8
v 1.596334400228886e+37 6.240438038466096e+37 7.655117288661147e+33 0.9333333333333333 0.4980392156862745 0.24705882352941178
v -1.055118364505286e-14 9.009708037410746e-07 0.20269106328487396 0.9019607843137255 0.5725490196078431 0.36470588235294116
v -3208609536.0 -5.13486930926732e-13 -1.6159001224912306e+19 0.7254901960784313 0.7490196078431373 0.2901960784313726
v 3.070507526397705 -1.4645161628723145 1.940805435180664 0.5725490196078431 0.058823529411764705 0.3254901960784314
v 4.002457819475966e-36 -135425.734375 4.0695266653691596e-21 0.6549019607843137 0.7450980392156863 0.01568627450980392
v -0.5920047760009766 -0.2941683828830719 0.7503300309181213 0.6274509803921569 0.4549019607843137 0.3176470588235294
v -4.901933858825203e-10 -2.712039725200977e-34 0.0025242799893021584 0.25098039215686274 0.0 0.7725490196078432
v -9.111876094185892e-22 1.6281960806143253e-19 -5.885333930527477e-31 0.592156862745098 0.33725490196078434 0.25098039215686274
v -1.6412931499467005e+37 50808.2421875 3.1415221411000036e+36 0.7490196078431373 0.4196078431372549 0.49411764705882355
v 1.092624168225198e-11 -1.2136793159373539e+32 5.03300870985374e-21 0.26666666666666666 0.5294117647058824 0.23921568627450981
v -2.8403490687619508e-30 2.20178244310972e+30 1021726656.0 0.4823529411764706 0.08235294117647059 0.29411764705882354
v -2.5916716304386274e-18 1.793405116197391e-18 163478241280.0 0.9803921568627451 0.24313725490196078 0.7607843137254902
v 2.9079713821411133 0.5060199499130249 3.4952704906463623 0.6941176470588235 0.6941176470588235 0.4235294117647059
v -4.050378109425309e-33 2.7593883096005315e+26 5.550315267261543e-22 0.9137254901960784 0.7411764705882353 0.35294117647058826
v -0.9989002346992493 -0.04618261381983757 -0.008089696988463402 0.07450980392156863 0.054901960784313725 0.047058823529411764
v 1616208273080320.0 -2.7029851480619982e-05 0.0010180341778323054 0.25098039215686274 0.047058823529411764 0.6862745098039216
v 2.7059069661361436e+35 -3.6316465345882184e+24 -2.468570597794534e-24 0.9137254901960784 0.4117647058823529 0.25098039215686274
v 7.4632698826121e-37 1.4402116663754149e+20 6.70137930395739e+23 0.7490196078431373 0.7803921568627451 0.0392156862745098
v -0.0029347380623221397 -4.521397492809894e+23 24896710.0 0.6666666666666666 0.7411764705882353 0.7411764705882353
v 2.5947689718842455e+37 -3.3134198162976247e-10 6.840857700219444e-33 0.054901960784313725 0.24313725490196078 0.23529411764705882
v -6.327775176027066e-22 -1.146262446939661e-12 6.5997368859392015e+31 0.00392156862745098 0.24705882352941178 0.2196078431372549
v 3.2286224365234375 0.47902512550354004 3.759399652481079 0.21568627450980393 0.3607843137254902 0.11764705882352941
v 2.5708262508717007e-21 8.667541129270262e-10 1797.9764404296875 0.2823529411764706 0.7450980392156863 0.8823529411764706
v -0.99451744556427 -0.10304312407970428 0.017809582874178886 0.8431372549019608 0.6705882352941176 0.5176470588235295
v -3.1915554319370334e-14 -4.167540339494735e-07 0.004950826521962881 0.25098039215686274 0.03137254901960784 0.4470588235294118
v -9.789382339705561e+26 -6.094610443588965e+31 3.5227012733053897e+21 0.13333333333333333 0.4392156862745098 0.25098039215686274
v 6.094249442792376e-36 1.3817820978068366e+23 14703.8125 0.7490196078431373 0.3137254901960784 0.47843137254901963
v -3.4628415029363343e+18 1.3287111499629039e-15 4.270654688728187e+17 0.12549019607843137 0.0392156862745098 0.24313725490196078
v 25901950.0 2.840881917051613e-18 68069053431808.0 0.3686274509803922 0.996078431372549 0.23529411764705882
v -6.841124514382742e+18 3.762368746673032e-24 2.989641288094704e+34 0.03137254901960784 0.24705882352941178 0.25882352941176473
v 2.9397170543670654 0.5318899154663086 3.0204849243164062 0.0392156862745098 0.8156862745098039 0.4823529411764706
v 1.1062065663920583e+24 -4.958551676460395e+24 1.3813112673233263e-05 0.2980392156862745 0.24313725490196078 0.09411764705882353
v -0.6230760812759399 -0.15971501171588898 0.7656809687614441 0.5764705882352941 0.43137254901960786 0.3176470588235294
v 5.787175567805848e-32 -2.900359983182164e-31 0.0009217917686328292 0.25098039215686274 0.6823529411764706 0.5058823529411764
v 16808835809280.0 -1.7072370535504977e-13 6.970266031025574e-10 0.17254901960784313 0.37254901960784315 0.25098039215686274
v -1.0538332702713857e-20 2248079.75 28957605888.0 0.7490196078431373 0.5529411764705883 0.7725490196078432
v 12599274.0 -4.605210340987475e-33 -2.4005461050463154e-27 0.5764705882352941 0.08235294117647059 0.24705882352941178
v 230226.984375 5.228631328772046e-38 1.0158988373847139e-34 0.8313725490196079 0.3137254901960784 0.21568627450980393
v 9.187970943926151e-33 9.390797535043745e-34 2.832043170928955 0.6470588235294118 0.24705882352941178 0.596078431372549
v 2.767009735107422 1.3185343742370605 2.464754581451416 0.8666666666666667 0.03529411764705882 0.4
v 1.4593258009514443e-16 3.4796962553513424e+32 6.053681112364583e-36 0.29411764705882354 0.24313725490196078 0.7725490196078432
v -0.739590585231781 -0.18005156517028809 0.6485269665718079 0.6196078431372549 0.47058823529411764 0.34901960784313724
v -1.3697049724245364e-32 5.166108676170252e+24 3573762560.0 0.25098039215686274 0.0784313725490196 0.5019607843137255
v -9.341550432826163e+17 13211290042368.0 -6.96998903038093e-10 0.14901960784313725 0.43529411764705883 0.25098039215686274
v -1.9708244523768615e-23 1.1006841821602324e+21 6.492424667140904e+35 0.7490196078431373 0.0 0.00784313725490196
v -8.661762250668769e+17 5.570947259059267e-09 -1586549760.0 0.047058823529411764 0.8 0.7450980392156863
v 2.575369530111014e-16 1.4626006175501755e-31 1.5638320463971697e-36 0.06274509803921569 0.9411764705882353 0.24313725490196078
v 2.2991455436824735e-33 -713065693184.0 25198704.0 0.6431372549019608 0.24705882352941178 0.058823529411764705
v 2.802319049835205 1.3006470203399658 2.721601724624634 0.7529411764705882 0.5686274509803921 0.37254901960784315
v -315094336.0 0.0017414125613868237 -1.8729331140613522e-17 0.8627450980392157 0.24313725490196078 0.7411764705882353
v -0.8625064492225647 0.2415953278541565 -0.4446507692337036 0.06666666666666667 0.054901960784313725 0.054901960784313725
v 5.38597916791586e-16 -2.900377615597426e-31 0.0007675200467929244 0.25098039215686274 0.33725490196078434 0.4235294117647059
v 2.6199447478485915e-32 -5.539997528493549e+19 1.0390921259341088e-17 0.16862745098039217 0.07058823529411765 0.25098039215686274
v -5.799736929621088e-25 1.335311639607839e+31 -0.0001261914148926735 0.7450980392156863 0.2549019607843137 0.12156862745098039
v -5.954546651755869e+28 1644574408704.0 -5.665153821610147e-06 0.17254901960784313 0.5254901960784314 0.24313725490196078
v 7573727.5 8.453432398525251e-10 -1.597230212842705e-35 0.7764705882352941 0.7607843137254902 0.2196078431372549
v 2.2999592061784333e-33 3.4696648511792954e-15 -0.5166052579879761 0.6392156862745098 0.24705882352941178 0.7058823529411765
v 2.877521514892578 1.295335054397583 2.855365514755249 0.5294117647058824 0.7372549019607844 0.34901960784313724
v -0.004585225135087967 1.1702453879900922e+28 7.940606125491303e+19 0.49019607843137253 0.24313725490196078 0.1843137254901961
v -0.8929436206817627 0.1786719411611557 -0.413192480802536 0.09411764705882353 0.08235294117647059 0.08627450980392157
v -2.9957120382392745e+25 -4.689914762379656e-30 0.002291882410645485 0.25098039215686274 0.37254901960784315 0.6784313725490196
v -2.008146122531848e-37 845461158100992.0 -2.316614616480655e+26 0.5098039215686274 0.3058823529411765 0.25098039215686274
v -1.638615561437844e-24 6.356357390645368e+31 -142046208.0 0.7450980392156863 0.10196078431372549 0.4745098039215686
v 3.9962479178972395e+36 7.230721307289036e+24 -9.792985541729679e-24 0.8352941176470589 0.8823529411764706 0.24313725490196078
v 1.8456656059507813e-34 -57.80150604248047 2.5606693153295027e+34 0.17254901960784313 0.2784313725490196 0.21568627450980393
v 2.2992355424687083e-33 1.0965925291701034e+32 6.789550166623536e-21 0.6431372549019608 0.24705882352941178 0.6862745098039216
v 2.910684108734131 1.2982323169708252 2.909088373184204 0.5882352941176471 0.24313725490196078 0.32941176470588235
v 5.5685739737629235e+25 -375297.5 -1.3785144503505451e-28 0.3803921568627451 0.24313725490196078 0.6549019607843137
v -0.9167652130126953 0.37042510509490967 -0.1494215875864029 0.043137254901960784 0.03529411764705882 0.03137254901960784
v -0.18822763860225677 8.326241386608819e+25 418711904.0 0.25098039215686274 0.9137254901960784 0.4549019607843137
v -4.655914994587139e-26 0.011732335202395916 2.722916076641768e-12 0.6588235294117647 0.396078431372549 0.25098039215686274
v -1.880726477332395e-13 1.0300657218463224e-13 9.065746049896808e+21 0.7490196078431373 0.7843137254901961 0.5215686274509804
v -0.18792694807052612 400723360.0 7.328162995454822e+27 0.047058823529411764 0.3137254901960784 0.24705882352941178
v -3.513747113908193e-14 2.5808358827816846e-07 5.393125837956367e+24 0.047058823529411764 0.07450980392156863 0.2196078431372549
v -382.3633728027344 -1.806919542023127e+17 0.0304261464625597 0.6431372549019608 0.24705882352941178 0.4392156862745098
v 2.932704448699951 1.2995684146881104 2.9403553009033203 0.8509803921568627 0.4 0.30980392156862746
v -1.9825722750003185e-20 1.9345720907388078e-14 -5.673424459847341e-27 0.17254901960784313 0.24313725490196078 0.19607843137254902
v -0.9201705455780029 0.3906465172767639 0.026103399693965912 0.07058823529411765 0.054901960784313725 0.050980392156862744
v -3.2414076869921534e-23 8.386734716786938e+25 57974064.0 0.25098039215686274 0.8784313725490196 0.2
v 4.03049434105629e-11 211423338692608.0 1.397054472107584e-09 0.9647058823529412 0.996078431372549 0.24705882352941178
v 6.365490855719398e-21 2.106366469016987e-28 3.1702501702964963e-28 0.7490196078431373 0.28627450980392155 0.49411764705882355
v -9.931662555702102e-24 -0.00036437800736166537 2.367532179829052e+29 0.5215686274509804 0.7764705882352941 0.24313725490196078
v 5.730562900133615e-24 1.6898071058494638e-21 4.601964296070167e+24 0.6196078431372549 0.8313725490196079 0.2549019607843137
v -2.1926364124085748e+20 -1.3728414780514698e-36 3.58619602340775e-38 0.5411764705882353 0.7490196078431373 0.07058823529411765
v 4.2542924880981445 -1.3867347240447998 2.532809257507324 0.28627450980392155 0.8549019607843137 0.12941176470588237
v 1.1089025458498757e-38 7.795228135592647e-25 6.899265013460276e-12 0.3176470588235294 0.24313725490196078 0.8352941176470589
v -0.872026801109314 -0.25815001130104065 -0.415846049785614 0.050980392156862744 0.0392156862745098 0.027450980392156862
v 3.7656161402448995e+26 -1.0348953338734646e-07 1.661240816116333 0.25098039215686274 0.0 0.32941176470588235
v -2.722732000436753e-29 2.379786909746758e+29 -3191183872.0 0.10588235294117647 0.34901960784313724 0.25098039215686274
v 5.1885081120417453e-08 29513.12109375 5.803235005124583e+24 0.7490196078431373 0.41568627450980394 0.596078431372549
v -191.95033264160156 7.570378711697091e+30 -8.29010600765791e-17 0.6313725490196078 0.9058823529411765 0.7450980392156863
v -2.0229062481271887e-35 -0.003891154658049345 -1.5596695733868007e-38 0.4 0.9686274509803922 0.24705882352941178
v 4.8173432069633704e-27 -3.219390304477622e-19 2.652180655611802e-23 0.7294117647058823 0.23921568627450981 0.2196078431372549
v 4.306512832641602 -2.215878486633301 2.4515581130981445 0.34509803921568627 0.3137254901960784 0.023529411764705882
v -358087360.0 -258659825221632.0 4.768539065607852e-31 0.37254901960784315 0.7450980392156863 0.49411764705882355
v -0.5876922011375427 -0.6513698101043701 -0.479932576417923 0.07450980392156863 0.047058823529411764 0.03529411764705882
v 9.32101286557976e-31 nan 9.495450019836426 0.25098039215686274 0.6274509803921569 0.4745098039215686
v 9399724032.0 5.904462163832798e-39 -6.881170633299405e-10 0.9333333333333333 0.20392156862745098 0.25098039215686274
v -251256635392.0 2.5940702128861446e-30 2.044434821277813e-30 0.7490196078431373 0.7294117647058823 0.07058823529411765
v -6.5134745012809e-19 1.1564229733331982e+26 -3.47305129100306e-10 0.0196078431372549 0.6941176470588235 0.7450980392156863
v 7.406761142192408e-05 903330339487744.0 nan 0.7450980392156863 0.9607843137254902 0.22745098039215686
v 1.8397626819889097e-32 8.82138590266279e+27 133279055872.0 0.6862745098039216 0.24705882352941178 0.6901960784313725
v 2.839933156967163 1.4462647438049316 2.717395782470703 0.49019607843137253 0.03529411764705882 0.4392156862745098
v 9.119214321743812e-38 -3.028850058945081e-15 -2.3210086828004805e+24 0.24313725490196078 0.7490196078431373 0.9647058823529412
v -0.9450677037239075 -0.07327482104301453 0.3185558021068573 1.0 1.0 1.0
v -20786987401216.0 1.0287377841307116e-34 2.8613128079131167e+24 0.25098039215686274 0.6666666666666666 0.7803921568627451
v -7.71844627735262e-15 2.605056033135195e-18 -6.65196572818957e-16 0.0196078431372549 0.20392156862745098 0.25098039215686274
v -0.0006217397749423981 0.001759089413098991 58061783826432.0 0.7490196078431373 0.6666666666666666 0.7490196078431373
v 5.945947222390564e+28 -7.5817383831611e+30 1.1098878260895617e-08 0.33725490196078434 0.611764705882353 0.24313725490196078
v -6.991497916169133e+35 8.690240187165101e-33 -1.3940608978864258e-38 0.0784313725490196 0.403921568627451 0.2823529411764706
v -4.717642135047756e-30 5.259032792581664e-11 1142955520.0 0.6666666666666666 0.24313725490196078 0.3333333333333333
v 4.479568004608154 0.2681460380554199 1.0403978824615479 0.5725490196078431 0.8274509803921568 0.16862745098039217
v -4.9651661803344446e-33 -3.38242597812082e+23 -5.103985028731978e+36 0.07450980392156863 0.7450980392156863 0.3686274509803922
v -0.6327751874923706 -0.16947254538536072 -0.755562424659729 0.9372549019607843 0.7843137254901961 0.6274509803921569
v -1.5805414558927152e-18 1.7214314484537275e+33 1.248585789214986e+20 0.25098039215686274 0.7098039215686275 0.6627450980392157
v -56181.6484375 -9.302228916290832e+26 -4.6145727861497896e-33 0.2235294117647059 0.11372549019607843 0.25098039215686274
v 0.2392587661743164 5.0467053818248545e-28 1.5677821630362389e-24 0.7490196078431373 0.7647058823529411 0.9725490196078431
v -1.4134858373287429e-37 1.1267997260481726e+23 2.711225558296726e-12 0.2196078431372549 0.3058823529411765 0.7490196078431373
v -3.2971504918212426e-23 4.839263174358438e-38 2.577619765091415e-35 0.8509803921568627 0.3254901960784314 0.3411764705882353
v -4.728972506895202e+29 9.796661885983499e-19 -6.513740750040565e-19 0.06274509803921569 0.7411764705882353 0.6431372549019608
v 2.8985109329223633 1.2534652948379517 3.307619333267212 0.5333333333333333 0.6235294117647059 0.403921568627451
v -1.875660229279266e-16 -1.2359256365420609e-24 0.08386100083589554 0.6980392156862745 0.24313725490196078 0.2
v -0.7807862162590027 -0.6151498556137085 -0.10937779396772385 0.8392156862745098 0.6549019607843137 0.5568627450980392
v -7.342402310846284e+19 -7.6616159396991e-29 122.47357940673828 0.25098039215686274 0.8666666666666667 0.6901960784313725
v -9.009086544459837e+20 12902238208.0 7.410948441082769e+27 0.30980392156862746 0.8588235294117647 0.24705882352941178
v 1.6339331726984458e-18 262044640.0 -6.528566906934131e+37 0.7450980392156863 0.4823529411764706 0.6470588235294118
v 1.1462767361081205e-05 -4.9439802252068814e-24 -3.47620543461602e-10 0.11372549019607843 0.4235294117647059 0.24313725490196078
v 3.0411112047869307e+24 2.412701993450267e+20 -9.748623109434226e-37 0.8705882352941177 0.4588235294117647 0.30196078431372547
v -1.1034389953494856e+20 2.5818933691884168e+26 29393058.0 0.07450980392156863 0.7450980392156863 0.0784313725490196
v 3.2676258087158203 -0.13192415237426758 2.954738140106201 0.2980392156862745 0.8352941176470589 0.23137254901960785
v 2.5827406101869237e+32 1.0582193965547049e-07 -7.998714344610777e-22 0.2980392156862745 0.7490196078431373 0.00392156862745098
v -0.5669378042221069 -0.6418169736862183 -0.5163840055465698 0.8666666666666667 0.6823529411764706 0.5254901960784314
v 6.33203142696992e-11 6.429339949117356e-36 2.793172582116199e-09 0.25098039215686274 0.8352941176470589 0.29411764705882354
v -1.788085082120546e-30 -5.540681864530677e+19 12263.5859375 0.27450980392156865 0.023529411764705882 0.25098039215686274
v -1.9398859587628176e-23 6.249317831406952e-24 4.217572582162462e+33 0.7490196078431373 0.49019607843137253 0.9372549019607843
v -1.745330685531954e-10 -7.060201374986319e+21 1.6172288289146085e-19 0.403921568627451 0.2196078431372549 0.7450980392156863
v 1.314107060508943e-34 2.8831867449063964e-10 3.305915899230428e+26 0.9725490196078431 0.9490196078431372 0.2823529411764706
v -2.949427891911694e+28 -6353490360139776.0 -4.539408288439674e+23 0.32941176470588235 0.7411764705882353 0.9372549019607843
v 3.0373783111572266 -0.01716911792755127 3.1795525550842285 0.27058823529411763 0.12156862745098039 0.26666666666666666
v -250397599989760.0 5.0862193959593655e-15 7.520649146743871e+34 0.30980392156862746 0.7411764705882353 0.7725490196078432
v -0.7307165861129761 -0.6350582242012024 -0.2505079507827759 0.03137254901960784 0.027450980392156862 0.0196078431372549
v -282.4835510253906 -3.8146433711458427e-13 3052280741888.0 0.25098039215686274 0.25882352941176473 0.5333333333333333
v 1.2907352324540572e-14 -1.7906315008531237e-07 -2.2533166292268552e-36 0.24705882352941178 0.9686274509803922 0.24705882352941178
v -8.185674503542517e+27 -6557.34326171875 4.821941512744843e-09 0.7490196078431373 0.16862745098039217 0.8941176470588236
v -2.42115317026527e-27 -5.56990231714849e-09 -0.00036255246959626675 0.10196078431372549 0.9058823529411765 0.7450980392156863
v -6.209296363131612e-27 0.09476230293512344 1.2424619316607388e+21 0.8705882352941177 0.0196078431372549 0.33725490196078434
v -2.518766168851178e+38 -6.578070997387579e-15 -1.061818237710651e-27 0.22745098039215686 0.7490196078431373 0.2901960784313726
v 4.322254180908203 0.4664161205291748 1.1183313131332397 0.984313725490196 0.8431372549019608 0.08627450980392157
v 0.0005960310809314251 3.1537111856998375e-15 5.251061925583782e+18 0.8392156862745098 0.7450980392156863 0.48627450980392156
v -0.5166743397712708 -0.42624393105506897 -0.7425387501716614 0.047058823529411764 0.0392156862745098 0.03137254901960784
v 0.26805850863456726 6.77667276992867e-33 0.013298997655510902 0.25098039215686274 0.4627450980392157 0.18823529411764706
v 2.557381779624444e-15 12301.4248046875 1.4144003863819873e+22 0.4196078431372549 0.06666666666666667 0.25098039215686274
v -0.0009708739817142487 1.7453406670268832e-37 1877479522304.0 0.7490196078431373 0.9294117647058824 0.20392156862745098
v -2.480709786619301e-24 1.9865208360920807e+36 -195641.984375 0.8745098039215686 0.4627450980392157 0.7450980392156863
v 0.0004290770448278636 281958093422592.0 -1.9073373248529126e-26 0.5215686274509804 0.8352941176470589 0.4666666666666667
v -4.5056258869148425e+23 1.580170232743438e-19 -1.8317728329284362e+22 0.3411764705882353 0.7450980392156863 0.48627450980392156
v 2.8021912574768066 1.2617530822753906 2.265930414199829 0.054901960784313725 0.8862745098039215 0.3843137254901961
v 2.2771160689147904e+17 -0.8916028738021851 -2.1832989271488e+27 0.40784313725490196 0.24313725490196078 0.4470588235294118
v -0.8509292602539062 0.1400095373392105 -0.5062773823738098 0.0784313725490196 0.06666666666666667 0.07058823529411765
v -1.6835102495473664e+16 -4.802458464795179e-27 359259.84375 0.25098039215686274 0.5019607843137255 0.7019607843137254
v 9.682401011890937e+31 -7.001445534449147e-10 24423.6171875 0.9647058823529412 0.9372549019607843 0.24705882352941178
v -9.33563569560647e-06 7.005792617617147e-28 3.970111307674144e+37 0.7490196078431373 0.6980392156862745 0.19215686274509805
v 3.616827656741914e-35 411200978944.0 -5.888950620125569e+28 1.0 0.792156862745098 0.7372549019607844
v 5.404503659997362e+23 5.923807205745821e-22 -1.6643961164511052e-32 0.1411764705882353 0.03529411764705882 0.23921568627450981
v 2.9427212731027467e-31 -1.0293813213700388e-33 -5.771844068763605e+19 0.5372549019607843 0.24705882352941178 0.20784313725490197
v 2.9522933959960938 1.0472350120544434 2.0923876762390137 0.043137254901960784 0.5254901960784314 0.20784313725490197
v 2.491230232866555e-24 2.4597115258558375e-36 7.055612968542846e-06 0.18823529411764706 0.7450980392156863 0.6039215686274509
v -0.8013126850128174 0.1464541256427765 -0.5800424814224243 0.9333333333333333 0.6941176470588235 0.6196078431372549
v -3603.937744140625 1457477888.0 21170900992.0 0.25098039215686274 0.8313725490196079 0.20392156862745098
v 0.00048828122089616954 -2.7320626230092904e-12 -1.0579236529232976e-14 0.6039215686274509 0.21568627450980393 0.25098039215686274
v -8.563451914940575e-22 5028895.0 0.0026250630617141724 0.7490196078431373 0.5764705882352941 0.2235294117647059
v -2.3748407030926003e+29 -7.912816984580816e-23 2.4723964162650083e+35 0.7529411764705882 0.01568627450980392 0.7490196078431373
v -4.599277262623885e+26 0.0066613247618079185 nan 0.9019607843137255 0.9058823529411765 0.43529411764705883
v -1.1036355000676018e+20 -4.142582002257533e-14 -38976.38671875 0.5254901960784314 0.7450980392156863 0.9176470588235294
v 3.1969289779663086 1.012343168258667 1.740484356880188 0.5137254901960784 0.21176470588235294 0.3137254901960784
v 6.045458903615561e-16 -2.2785557589657283e+28 -1.586225140222186e+36 0.6431372549019608 0.7411764705882353 0.4
v -0.2783074676990509 0.018906904384493828 -0.96030592918396 0.9254901960784314 0.8274509803921568 0.7490196078431373
v -0.2473047971725464 -1.5039882071338283e-15 2031183.625 0.25098039215686274 0.3607843137254902 0.15294117647058825
v 2.3275116284608244e+22 206522417152.0 -1.2972098656143409e-18 0.08627450980392157 0.8 0.24705882352941178
v 8.105280936538144e+27 -969643.9375 -1.0218181162313655e-10 0.7450980392156863 0.6980392156862745 0.9058823529411765
v 1.5114474314194992e-28 4.959603745230433e+35 1.7877720786938954e-35 0.4196078431372549 0.32941176470588235 0.7490196078431373
v 1.2504649008968083e-12 -2.688474750255146e-27 nan 0.08627450980392157 0.45098039215686275 0.2980392156862745
v -2.825577321330684e+22 6.833597147219429e-28 1.796549924860253e+37 0.00392156862745098 0.7490196078431373 0.24313725490196078
v 2.885890007019043 0.7462393045425415 3.26033091545105 0.996078431372549 0.5647058823529412 0.8784313725490196
v 1.6023760468818165e+31 7.719114235975827e+18 -1.2967560956939571e+36 0.1411764705882353 0.23921568627450981 0.8901960784313725
v -0.6846538782119751 -0.40650948882102966 -0.604978621006012 0.043137254901960784 0.03529411764705882 0.027450980392156862
v -9.439587846876425e-23 -0.11511112749576569 2985895.75 0.25098039215686274 0.9450980392156862 0.8509803921568627
v -0.07358139008283615 -0.04693804681301117 -0.0014634786639362574 0.34509803921568627 0.8901960784313725 0.24705882352941178
v -2.357112557014619e-31 -201649136.0 -6.162403226595004e-11 0.7411764705882353 0.9607843137254902 0.06274509803921569
v 2.996586799621582 -3.176626935642004e+37 49650508.0 0.6392156862745098 0.2235294117647059 0.7490196078431373
v 1.8683059278581753e-27 1.293847319988501e-28 -2.245334160550798e-37 0.7764705882352941 0.4117647058823529 0.3607843137254902
v 7.365485971779215e-32 108015688.0 1.4394681453704834 0.00392156862745098 0.24705882352941178 0.4392156862745098
v 4.206845760345459 0.5417661666870117 1.215122938156128 0.9490196078431372 0.09411764705882353 0.33725490196078434
v -9.489889857361968e+26 3.6130863925731838e-12 4.466908961174167e+26 0.8352941176470589 0.23529411764705882 0.803921568627451
v -0.7128677368164062 -0.24045062065124512 -0.6587890982627869 0.050980392156862744 0.043137254901960784 0.0392156862745098
v 1642005376.0 1.1073763339830973e-31 129593440.0 0.25098039215686274 0.9176470588235294 0.8745098039215686
v 149581077676032.0 770.156982421875 -1.7027012937619046e-13 0.8745098039215686 0.5803921568627451 0.24705882352941178
v -0.000344322994351387 -1.1946013061982933e-29 90.06493377685547 0.7490196078431373 0.4392156862745098 0.4549019607843137
v 3.9871506233647016e+36 -1.326511828915358e-15 2.0734249854958326e-17 0.3764705882352941 0.4117647058823529 0.23921568627450981
v 1.0793070881476297e-09 2.3350114436649013e+27 1.1106781991482163e+18 0.6745098039215687 0.1843137254901961 0.2901960784313726
v -0.09350180625915527 -3.208399583816244e+36 9.930633581096287e-33 0.7294117647058823 0.7490196078431373 0.6627450980392157
v 4.139991760253906 -0.20505714416503906 1.820601224899292 1.0 0.3215686274509804 0.8235294117647058
v -296303418408960.0 -4.965852245643543e+22 -7.093738302928893e-14 0.17647058823529413 0.7490196078431373 0.8901960784313725
v -0.1484055519104004 -0.6144711971282959 -0.774855375289917 0.8823529411764706 0.7137254901960784 0.5529411764705883
v -1.0212419750660511e+30 -2.4174847169130924e-14 1.1929389845760453e+30 0.25098039215686274 0.9098039215686274 0.6705882352941176
v 1102257051402240.0 9.269194664832094e-33 9.007914946861777e-36 0.6392156862745098 0.6392156862745098 0.24705882352941178
v -1.8335730678323544e-25 -2.114948418270229e-18 53223498973184.0 0.7490196078431373 0.9647058823529412 0.42745098039215684
v -2.3090689200553214e-33 -2.9425856210546618e-31 -1.1288615496596321e-05 0.3607843137254902 0.3686274509803922 0.7490196078431373
v 0.0001279143471037969 -1.0523070356917255e+22 -2.909558579734789e-22 0.4588235294117647 0.8431372549019608 0.2784313725490196
v -4.51979421134255e+23 0.23589196801185608 7.32710529287259e+22 0.5725490196078431 0.7490196078431373 0.34509803921568627
v 3.3403916358947754 -0.9620208144187927 1.5890064239501953 0.8117647058823529 0.8470588235294118 0.054901960784313725
v -8.437753551500075e-33 -3.101505380645464e-12 2.4698103970877128e-06 0.9921568627450981 0.7450980392156863 0.22745098039215686
v -0.717921793460846 -0.07789726555347443 -0.6917517185211182 0.9254901960784314 0.7686274509803922 0.596078431372549
v -4.219758091590608e-38 -1893.96875 1.7084174075421288e-09 0.25098039215686274 0.7450980392156863 0.788235294117647
v -2179522.25 5.539394116512226e+19 0.04682232066988945 0.7333333333333333 0.2784313725490196 0.25098039215686274
v -3.515672719287935e+24 -8.131529722584839e+19 8.914393561099132e-07 0.7490196078431373 0.9137254901960784 0.5764705882352941
v 6.070464809978966e+31 1.4263979437600938e-06 775784.5 0.5450980392156862 0.6274509803921569 0.7450980392156863
v 130049528.0 1.019819120321678e-22 0.05161784961819649 0.5019607843137255 0.792156862745098 0.3254901960784314
v 420386869084160.0 7.648141934444325e-31 1.3943812730979443e-30 0.011764705882352941 0.7529411764705882 0.37254901960784315
v 3.546950578689575 -0.9549746513366699 1.541398286819458 0.08627450980392157 0.12549019607843137 0.1411764705882353
v -3.666985578008271e+35 0.005470223259180784 -1.1868510230431254e+29 0.7372549019607844 0.7372549019607844 0.6627450980392157
v -0.5182989239692688 -0.017834339290857315 -0.8550136089324951 0.8901960784313725 0.7215686274509804 0.5450980392156862
v 4.648293708955264e+29 -3.8768115237161616e-13 1154.1424560546875 0.25098039215686274 0.06274509803921569 0.6078431372549019
v 9.636645662459166e-28 -2.606670069305439e-18 -1.1533208539459328e-33 0.7568627450980392 0.7568627450980392 0.24705882352941178
v -0.06835222244262695 1.5863585777011002e-19 3.892736827326715e-13 0.7490196078431373 0.7176470588235294 0.6705882352941176
v -2.3247865241053085e+26 -8.682725372022304e-11 6.358454281106384e+37 0.5058823529411764 0.5333333333333333 0.24313725490196078
v 3.2342127659083366e+17 -3.3015070546820012e+35 3.348571229986999e-20 0.16470588235294117 0.6549019607843137 0.5411764705882353
v 2.007363136452474e-20 -8.325024161310683e-26 -0.0019569729920476675 0.20784313725490197 0.7411764705882353 0.03137254901960784
v 3.340034008026123 -0.1700584888458252 2.9569034576416016 0.7098039215686275 0.9725490196078431 0.596078431372549
v -471.4869384765625 6.172652491535124e-32 -4359284064256.0 0.47058823529411764 0.7490196078431373 0.7686274509803922
v -0.47083228826522827 -0.8783750534057617 0.082305908203125 0.9176470588235294 0.7137254901960784 0.5725490196078431
v -2.339049266775195e-11 nan 29961152888832.0 0.25098039215686274 0.18823529411764706 0.9490196078431372
v 8.133744545946175e-12 3.632919071698928e+24 -1.1174081304530529e-36 0.6039215686274509 0.24313725490196078 0.25098039215686274
v 6.239256483624544e+30 1.0744218670753088e-30 582458802176.0 0.7490196078431373 0.2549019607843137 0.8196078431372549
v 2.209084402672662e+20 1.895103501231428e+30 -12649145344.0 0.047058823529411764 0.01568627450980392 0.7490196078431373
v 0.00011396360787330195 4.241805221602263e+17 9.173813656704308e+31 0.011764705882352941 0.3411764705882353 0.5058823529411764
v -2.694549953367245e+16 -5.384539012642139e-29 7.072164034949147e-14 0.6235294117647059 0.24705882352941178 0.9803921568627451
v 4.040534973144531 1.5523104667663574 1.2976343631744385 0.9372549019607843 0.06274509803921569 0.2627450980392157
v 1.302709937095642 -3.758759362787467e-12 -8.614073817465171e-19 0.40784313725490196 0.24313725490196078 0.06666666666666667
v -0.41548341512680054 0.7742190361022949 0.47744983434677124 0.6274509803921569 0.48627450980392156 0.3803921568627451
v -1.3205695950091467e-06 -1.4692959610757787e-15 -2.394604544964039e-29 0.25098039215686274 0.32941176470588235 0.41568627450980394
v 6.550052152769518e-33 -3.0087037086486816 3356883087785984.0 0.8470588235294118 0.5294117647058824 0.24705882352941178
v -534433518059520.0 -3.6281392161787985e-32 -2.238179398647808e+16 0.7450980392156863 0.9607843137254902 0.6
v 6.0509709587108845e-28 -8.686508456978714e-11 -191.00819396972656 0.07058823529411765 0.18823529411764706 0.7490196078431373
v 1.3937963652464857e-35 -6.072202678900719e-33 945753920.0 0.7215686274509804 0.5176470588235295 0.23137254901960785
v -4.307184244574126e+17 -4.391682147979736 3804335196602368.0 0.8431372549019608 0.7490196078431373 0.5019607843137255
v 3.7374424934387207 -1.737562656402588 1.388594150543213 0.5294117647058824 0.7764705882352941 0.1450980392156863
v -5.499176549852709e-34 2.294258756526716e-32 -3307.842529296875 0.2823529411764706 0.7490196078431373 0.7215686274509804
v -0.5514225363731384 -0.7046874761581421 -0.4464850127696991 0.8862745098039215 0.7098039215686275 0.5490196078431373
v -5.589363543018683e-30 -2.520976483122439e-11 0.11374381929636002 0.25098039215686274 0.06274509803921569 0.6509803921568628
v 4.447178768184894e+34 -5.923916390413019e-39 -2.2516829618459822e-36 0.8117647058823529 0.6901960784313725 0.24705882352941178
v -3.41675020951826e+26 -2.429125920272228e+26 -37565692.0 0.23921568627450981 0.027450980392156862 0.47843137254901963
v -6.660641992547415e-16 1640635301888.0 -9.220361528221946e+26 0.6941176470588235 0.2980392156862745 0.7490196078431373
v 2.7408705136622302e-05 1616015536422912.0 nan 0.6901960784313725 0.11372549019607843 0.44313725490196076
v 2.947190267525703e-31 48904.0390625 1.29809196174211e+37 0.1450980392156863 0.24705882352941178 0.6
v 3.9627394676208496 0.6039109230041504 1.324506402015686 0.19607843137254902 0.9529411764705882 0.6666666666666666
v -3.5409239396581376e+17 -5.824155625904138e-25 4.3701860411678416e+26 0.5450980392156862 0.23921568627450981 1.0
v -0.5236659646034241 -0.16114240884780884 -0.8365446925163269 0.8509803921568627 0.6470588235294118 0.5058823529411764
v 6.646866617231714e+31 -1869.9835205078125 1.3745643351585565e+29 0.25098039215686274 0.054901960784313725 0.12549019607843137
v -2047.9998779296875 0.011738271452486515 -1568307.0 0.5490196078431373 0.8235294117647058 0.24705882352941178
v 1.5248256920663044e+28 -182074.984375 3.1529922652765e+20 0.7450980392156863 0.7764705882352941 0.5019607843137255
v 210964347617280.0 1.7147155917385248e-10 1.2060389015906642e-27 0.8901960784313725 0.29411764705882354 0.7490196078431373
v -1.1082853998497746e-26 -359549.875 2.0653707923002144e+25 0.9411764705882353 0.5294117647058824 0.19215686274509805
v 1.2971010913637901e-18 36250398720.0 -0.6611405611038208 0.615686274509804 0.24705882352941178 0.8745098039215686
v 3.112339973449707 1.0484728813171387 1.8770591020584106 0.30196078431372547 0.29411764705882354 0.984313725490196
v -2.9227216032356883e-34 2.121544142978565e-33 -5.0792144334855724e-14 0.6078431372549019 0.24313725490196078 0.807843137254902
v -0.7654460072517395 -0.5504878163337708 -0.33325013518333435 0.5490196078431373 0.4235294117647059 0.3215686274509804
v -1.2461356556230885e-29 846.9893798828125 3061331712.0 0.25098039215686274 0.8784313725490196 0.9294117647058824
v 0.08240117132663727 2.2627227723011154e-36 4.418911195596398e+20 0.7647058823529411 0.7803921568627451 0.24705882352941178
v -9.460266494443255e-27 -0.001420847955159843 -1.7300907181359468e+31 0.7411764705882353 0.7215686274509804 0.17647058823529413
v 2.1595066358510387e+17 4.441178226031916e-36 -5.884849717071845e+28 0.49411764705882355 0.48627450980392156 0.7490196078431373
v -2.51509660209287e+26 9.862438655109337e+33 -1.5689070729934763e-38 0.3215686274509804 0.5333333333333333 0.5764705882352941
v 3.016983461615945e-28 -5.68608541869943e-14 -3577745768448.0 0.8274509803921568 0.24313725490196078 0.47058823529411764
v 3.5919857025146484 1.8462722301483154 1.528257966041565 0.8509803921568627 0.7764705882352941 0.7411764705882353
v -7.345179152407066e-13 1.8367375762690097e-12 1.0675121128494207e-38 0.17254901960784313 0.24313725490196078 0.29411764705882354
v 0.11055943369865417 0.3269423246383667 -0.9385548830032349 0.8549019607843137 0.6666666666666666 0.5411764705882353
v 1.880786193453332e-09 nan -2.061816861753552e-34 0.25098039215686274 0.0 0.5058823529411764
v 1.0325706946832089e-31 3.0084164142608643 2.755210948279796e-09 0.01568627450980392 0.7294117647058823 0.24705882352941178
v -2.3457537833144875e-29 -8.039331727804756e-29 -3.1050515176118855e+21 0.7450980392156863 0.09019607843137255 0.9490196078431372
v -823252877312.0 -2.7692630411024766e-09 -0.00018031720537692308 0.6274509803921569 0.47843137254901963 0.7490196078431373
v -5.145748762133789e-36 1.9040521212639429e+31 3.434098483924389e+29 0.22745098039215686 0.5254901960784314 0.45098039215686275
v -1.0780190960307405e+17 801073070080.0 -1.1829112560004838e+21 0.9529411764705882 0.7450980392156863 0.12549019607843137
v 2.969989776611328 0.6405789852142334 2.9742679595947266 0.6039215686274509 0.9333333333333333 0.3568627450980392
v -3.7322527179172867e-29 0.0009431783691979945 -1.1672419667055036e-29 0.01568627450980392 0.24313725490196078 0.011764705882352941
v -0.15623660385608673 0.1201225146651268 -0.9803880453109741 1.0 1.0 1.0
v 9.503804066766073e-27 nan 0.006802081596106291 0.25098039215686274 0.18823529411764706 0.2627450980392157
v -1.602348199010277e-25 -12317.927734375 2.0333886295923505e-20 0.3686274509803922 0.7764705882352941 0.24705882352941178
v -146031616.0 -9.642416642918761e-08 4.5717205021666985e-10 0.24313725490196078 0.984313725490196 0.9921568627450981
v 9.721654543111627e+32 3.8634570485597906e+33 3043.43408203125 0.8980392156862745 0.45098039215686275 0.7490196078431373
v 1.2438828302624358e+17 1.405905169922546e+36 -2.7269162637968666e-28 0.7686274509803922 0.06274509803921569 0.23529411764705882
v -3.2286764408292956e-19 -2.2521743880606672e-27 1290657988608.0 0.5725490196078431 0.24705882352941178 0.18823529411764706
v 4.044031143188477 0.9893600940704346 1.3595187664031982 0.9686274509803922 0.1450980392156863 0.996078431372549
v 167770177536.0 -0.03179888054728508 -1.6202069413199872e+16 0.7803921568627451 0.23921568627450981 0.788235294117647
v 0.1417013555765152 0.03915293887257576 -0.9891348481178284 0.09803921568627451 0.07450980392156863 0.07058823529411765
v 4.7755911509739235e-06 nan 0.0008479654206894338 0.25098039215686274 0.07058823529411765 0.6627450980392157
v -355927982080.0 -769.4866333007812 411898970112.0 0.9176470588235294 0.6901960784313725 0.24705882352941178
v -3.288213217922253e+16 -0.15457819402217865 -9.674771773119827e+34 0.24313725490196078 0.8470588235294118 0.5137254901960784
v 0.011690212413668633 3.74671133604822e-29 -5.911362171173096 0.8470588235294118 0.49019607843137253 0.7490196078431373
v 1.4592796331074766e+34 10800919552.0 6.330476585806476e+30 0.27450980392156865 0.21176470588235294 0.5529411764705883
v -1.6437133592145788e-16 -2.5383659042388356e+36 -9277958144.0 0.396078431372549 0.24705882352941178 0.23529411764705882
v 4.188924312591553 1.7843773365020752 1.2197662591934204 0.8627450980392157 0.5254901960784314 0.7058823529411765
v -9.117683719844522e-15 16726817792.0 2.0557978472609219e+18 0.00392156862745098 0.24313725490196078 0.26666666666666666
v -0.7568959593772888 0.6530337929725647 0.025599351152777672 0.6862745098039216 0.49019607843137253 0.40784313725490196
v 2.580253114220173e+28 275699889864704.0 -7.285458568922849e-35 0.25098039215686274 0.592156862745098 0.43529411764705883
v -524287.96875 -1.6308827373945034e-19 12401832.0 0.4470588235294118 0.7254901960784313 0.24705882352941178
v -9.700213964789539e-39 -5.736664920874546e-09 -2.726347889444964e+23 0.7450980392156863 0.10588235294117647 0.43529411764705883
v -3.870645255377629e-26 3.0981242020293527e+34 1.9768538740476467e-23 0.41568627450980394 0.050980392156862744 0.7490196078431373
v 3.709714491151317e-08 5.948978838713484e-32 1.6861171582049887e-33 0.7764705882352941 0.43529411764705883 0.4980392156862745
v nan 1.4142665007032182e-38 3.8221774047997314e-06 0.29411764705882354 0.7411764705882353 0.33725490196078434
v 4.156312942504883 0.614875316619873 1.2436707019805908 0.27058823529411763 0.7372549019607844 0.043137254901960784
v 2.2538536756148687e+33 6.599722499721948e+28 -3.372048758526685e+20 0.9568627450980393 0.7411764705882353 0.6431372549019608
v 0.1876288205385208 -0.5631394982337952 -0.8047791719436646 0.058823529411764705 0.043137254901960784 0.047058823529411764
v -594805994291200.0 4.905406240141019e-05 7.05259949214056e+33 0.25098039215686274 0.4627450980392157 0.4588235294117647
v 9.981160376530087e+20 -5.818621434356464e+25 2.9548589575715973e-31 0.6980392156862745 0.796078431372549 0.24705882352941178
v 1.0476079122925153e-34 -9.899979826653246e+19 139228335833088.0 0.7372549019607844 0.403921568627451 0.3215686274509804
v -2.5504821783966e+38 -389877.5625 -2.889774462282669e+25 0.08235294117647059 0.14901960784313725 0.7490196078431373
v 2.070098782686544e+18 -1.0392503534950669e+33 1.8421057283061449e+19 0.30980392156862746 0.7529411764705882 0.5215686274509804
v -2.758726571038815e+19 -0.19192767143249512 -8.815112626845388e-26 0.09411764705882353 0.7529411764705882 0.047058823529411764
v 4.327947616577148 -2.5572807788848877 2.149932861328125 0.4 0.44313725490196076 0.5019607843137255
v -3.431378211935597e+28 1.7716073781200424e+37 5.539635833148476e+20 0.5686274509803921 0.24313725490196078 0.45098039215686275
v 0.4576551020145416 0.6599957942962646 -0.5957829356193542 0.6352941176470588 0.5137254901960784 0.396078431372549
v 1.459756049371208e-07 -2.6047656476180236e-08 -6.563632256968904e-31 0.25098039215686274 0.5176470588235295 0.8117647058823529
v 4.057731824222159e+36 6.104121788367365e+31 1.4462906824888924e+25 0.14901960784313725 0.7176470588235294 0.24705882352941178
v 0.0005352534353733063 -0.0008197165443561971 1.856596273796301e-27 0.7490196078431373 0.0196078431372549 0.3607843137254902
v 3.001101016998291 -2.7535773381836145e+19 3.178554525144711e+37 0.5215686274509804 0.23529411764705882 0.7450980392156863
v -29188996202496.0 781470007296.0 1.1604188934413534e-28 0.7764705882352941 0.6274509803921569 0.5372549019607843
v -7.399213950668648e+27 1.0978329561425566e-29 4.6041994158457675e-33 0.8235294117647058 0.7490196078431373 0.8392156862745098
v 4.3678388595581055 -0.08017873764038086 1.6822011470794678 0.807843137254902 0.9098039215686274 0.06274509803921569
v 3740783607808.0 -3.3004790307017418e-12 -1440283325628416.0 0.3607843137254902 0.7490196078431373 0.8980392156862745
v -0.7981173396110535 -0.06639263778924942 -0.598832905292511 0.058823529411764705 0.047058823529411764 0.0392156862745098
v -1.6279312898652393e-33 1.7841389946046096e-30 -6.209195498020416e-23 0.25098039215686274 0.4392156862745098 0.15294117647058825
v -39344240.0 12326.662109375 -5.770042590705819e-34 0.792156862745098 0.7568627450980392 0.24705882352941178
v -5.92317926591395e+20 -1.7826308207347097e-09 -7.342430754174155e+24 0.23921568627450981 0.43529411764705883 0.6039215686274509
v -9.273471918019445e+26 -6.952493580847374e-10 1.9719571152587086e+36 0.09019607843137255 0.28627450980392155 0.7490196078431373
v 1.0181413094301824e+36 2.5929615218858883e+30 3677935.75 0.5764705882352941 0.1803921568627451 0.5333333333333333
v 8.091966720603592e-20 2.6013271213834742e-33 4.6241114236289516e-14 0.3254901960784314 0.7450980392156863 0.7764705882352941
v 3.2859044075012207 -0.19921565055847168 3.148000717163086 0.5215686274509804 0.6980392156862745 0.2784313725490196
v 1.1222368838546883e+19 -9.765813534321765e+24 4.0043901961588304e+35 0.36470588235294116 0.7490196078431373 0.1411764705882353
v -0.36637747287750244 -0.016372540965676308 -0.9303222298622131 0.8627450980392157 0.6509803921568628 0.4980392156862745
v 2162499125248.0 nan -3.836308332220599e-22 0.25098039215686274 0.38823529411764707 0.5764705882352941
v -4.2203588179745566e-08 2.6090293952075933e-18 1.2107713929465098e-27 0.8156862745098039 0.7529411764705882 0.24705882352941178
v 3.133223458462453e-09 -1.4483171077657052e+23 4.0266414989359483e-32 0.7450980392156863 0.01568627450980392 0.7294117647058823
v -8.635098406500434e+17 2.176543667520292e-11 3.3036966331591365e-16 0.08627450980392157 0.30196078431372547 0.7450980392156863
v 9.500730784012293e-19 3.4258094063082714e+34 7.885922743275827e+22 0.06274509803921569 0.23529411764705882 0.5254901960784314
v -7.684519642672963e-26 -0.0008712487760931253 -2.320386539992104e-30 0.5450980392156862 0.24705882352941178 0.27450980392156865
v 3.808363199234009 -1.9106558561325073 1.4020049571990967 0.47058823529411764 0.32941176470588235 0.27450980392156865
v 5.159812519622354e+35 3.1561765032245475e-36 -343583223709696.0 0.09411764705882353 0.24313725490196078 0.8470588235294118
v 0.19741591811180115 0.13142426311969757 -0.971470296382904 0.8588235294117647 0.6627450980392157 0.5098039215686274
v 0.07409530878067017 -4.0335446094275085e-10 -3.1083100472430526e-32 0.25098039215686274 0.6274509803921569 0.6862745098039216
v 9156.021484375 -2.8700537768600043e-06 -0.002923792228102684 0.6313725490196078 0.792156862745098 0.24705882352941178
v -2.9050437294027557e-36 -1.803723663484913e-11 0.0003531891561578959 0.24313725490196078 0.611764705882353 0.5372549019607843
v 5.771789301842744e-34 -1.6856835209373006e-13 1.1254761119665969e-36 0.08627450980392157 0.8196078431372549 0.7411764705882353
v -2.4595990175124705e-11 8.991016811994749e-38 5.432088115416218e-22 1.0 0.09803921568627451 0.48627450980392156
v -25695272960.0 -0.003394699888303876 -5.533284825303976e-39 0.6941176470588235 0.7490196078431373 0.07058823529411765
v 4.242363929748535 0.07754254341125488 1.4907686710357666 0.6862745098039216 0.807843137254902 0.7333333333333333
v 856.9661865234375 1.0407341793746554e+33 -0.00017618699348531663 0.2980392156862745 0.7490196078431373 0.9686274509803922
v 0.1481451839208603 -0.009116576984524727 -0.9889236092567444 0.0784313725490196 0.054901960784313725 0.054901960784313725
v -6.879893987843388e-08 7.999513149948016e+28 1.1694741406164008e+33 0.25098039215686274 0.5686274509803921 0.6235294117647059
v -1.576997303315102e-33 -1.5922877168492589e-22 1.4758766507483624e-31 0.24705882352941178 0.6823529411764706 0.24705882352941178
v -311991205888.0 -1.6611350517337087e-08 1.1292342172453118e-08 0.24313725490196078 0.396078431372549 0.8980392156862745
v -6.066185805271544e-28 -6.733657143161154e-13 1562047.75 0.15294117647058825 0.4392156862745098 0.7490196078431373
v 9.36338295787209e-08 5.151498125479613e+29 2.0677313741777924e+28 0.01568627450980392 0.7058823529411765 0.6078431372549019
v -3.3178447303562435e-16 354.7226867675781 -1.2346281293011305e+26 0.12156862745098039 0.7529411764705882 0.14901960784313725
v 4.151315689086914 -1.529233694076538 1.589653730392456 0.37254901960784315 0.9176470588235294 0.6588235294117647
v 61404340224.0 6.583587299456573e-14 1998861539213312.0 0.00392156862745098 0.24705882352941178 0.09803921568627451
v 0.5325170755386353 -0.8097608685493469 -0.24639971554279327 0.12156862745098039 0.10980392156862745 0.11372549019607843
v -3.4085667266481323e-06 6.824893752251308e-33 -1.746935251402317e-22 0.25098039215686274 0.9254901960784314 0.7411764705882353
v -2.8661086162173888e-06 -7.175231644396263e-07 205792067584.0 0.0 0.9294117647058824 0.24705882352941178
v 2.1314215097678378e-36 -2138713324781568.0 69.81884002685547 0.24705882352941178 0.29411764705882354 0.8352941176470589
v -2.161922297257001e+17 0.7463074922561646 2.8859532192478e+25 0.4823529411764706 0.17254901960784313 0.7490196078431373
v -3.589137460988245e-36 2.872911409212975e-06 6.288202664430883e-16 0.8392156862745098 0.8941176470588236 0.4235294117647059
v 1567833.375 3.1574317813087838e-12 4.0757947712877363e+18 0.0 0.7529411764705882 0.6078431372549019
v 4.080672740936279 -0.39190196990966797 1.858393907546997 0.7372549019607844 0.7803921568627451 0.5137254901960784
v -1.1245735286498419e-26 2.132357384508847e+29 -8.249350742081804e+30 0.40784313725490196 0.7450980392156863 0.6078431372549019
v 0.8588827848434448 -0.08346327394247055 -0.5053257942199707 0.7019607843137254 0.5882352941176471 0.4549019607843137
v 0.016387179493904114 -4.01417031202609e-33 -1.5139663679049009e-24 0.25098039215686274 0.3058823529411765 0.0196078431372549
v -7.895575055029691e+20 4.5908869651611894e-05 -1535.5283203125 1.0 0.9490196078431372 0.24705882352941178
v -2.5868856403601224e+21 -47876860.0 9.202189434454407e-22 0.24705882352941178 0.5607843137254902 0.44313725490196076
v -3.80548691812842e+30 -9.195635901777482e-33 2.3050202844280065e+26 0.7333333333333333 0.30196078431372547 0.7490196078431373
v 1.1794734391073178e+17 -1661853568.0 2.6959550147864775e-09 0.00784313725490196 0.21176470588235294 0.5098039215686274
v 4.5147429740004914e+23 4537492480.0 -1.4640205412575719e-33 0.08627450980392157 0.7529411764705882 0.6039215686274509
v 4.435009956359863 -1.6958365440368652 1.8712307214736938 0.9058823529411765 0.6588235294117647 0.43529411764705883
v 5.270355792499942e+27 -1.639340584843201e-29 -27422.27734375 0.4666666666666667 0.7490196078431373 0.26666666666666666
v 0.8589098453521729 -0.3913748562335968 -0.33030208945274353 0.1411764705882353 0.1411764705882353 0.13725490196078433
v 3.0152705961412896e-13 -1.7428469813653088e-29 0.29359009861946106 0.25098039215686274 0.7529411764705882 0.09803921568627451
v -42362482982912.0 -2.488576899211844e-24 0.0007313219830393791 0.7333333333333333 0.5725490196078431 0.24705882352941178
v -4.5978854201094745e-17 1.1621753415506345e-28 1.1299627900029918e-10 0.24313725490196078 0.11372549019607843 0.37254901960784315
v 0.011720922775566578 3.8825250389849033e+33 3.5154659590290423e+21 0.803921568627451 0.5098039215686274 0.7450980392156863
v -1.2971384165888145e+30 4275991740416.0 -2.8259992831266154e-25 0.011764705882352941 0.01568627450980392 0.5529411764705883
v -1.8504212322327023e+27 -124231.4375 -1.4336133444916188e-19 0.592156862745098 0.7490196078431373 0.7333333333333333
v 4.678860664367676 0.24825143814086914 1.2598845958709717 0.7764705882352941 0.6078431372549019 0.24705882352941178
v -3.859950815512272e+32 -1.7840434907157032e-08 -1.9756814727568396e-19 0.29411764705882354 0.23921568627450981 0.8235294117647058
v -0.9826458692550659 -0.13228611648082733 -0.1300283968448639 0.11764705882352941 0.11372549019607843 0.13725490196078433
v 1.129923317614529e-36 nan -1.8177328387067054e-38 0.25098039215686274 0.24705882352941178 0.5686274509803921
v 2.7105052696550477e-20 1.0687439059014082e-14 -0.0014656445709988475 0.054901960784313725 0.996078431372549 0.24705882352941178
v -3.785939929629625e+35 -3.3915915750070264e+37 2.7713025610268933e+30 0.24705882352941178 0.8352941176470589 0.7764705882352941
v 3137971.75 -4.4555314104854915e-08 12156.3984375 0.9568627450980393 0.9803921568627451 0.7450980392156863
v -9.7697621082112e+16 8.662727926442678e+23 1.5015394776899128e-19 0.7568627450980392 0.0196078431372549 0.5176470588235295
v 3289093505024.0 -2.173119791450444e-21 -5.856965618933215e+37 0.8470588235294118 0.7490196078431373 0.06274509803921569
v 3.5265538692474365 -1.6339294910430908 2.5184662342071533 0.6078431372549019 0.7372549019607844 0.9450980392156862
v 394598383616.0 4.420146557181034e+25 1.5243566116559284e+25 0.5294117647058824 0.7411764705882353 0.43137254901960786
v -0.7329378128051758 0.0342448391020298 0.6794331669807434 0.7686274509803922 0.611764705882353 0.5137254901960784
v 4.373300798985449e-27 -4.492726619464246e-30 250.7675018310547 0.25098039215686274 0.9254901960784314 0.21568627450980393
v 1.9275482103135334e-17 -5.9244092435397715e-31 -95.90250396728516 0.8784313725490196 0.8862745098039215 0.24705882352941178
v -1940.9453125 9.267807966059264e-36 0.0023505836725234985 0.7490196078431373 0.8156862745098039 0.4117647058823529
v 9.03486149033601e-36 -1.550889506505884e+37 6685410801483776.0 0.9058823529411765 0.49019607843137253 0.24705882352941178
v 2.698519114323867e-25 2316.234130859375 58584316.0 0.12941176470588237 0.49411764705882355 0.38823529411764707
v 2.2055211053893655e+20 -1.6925426988764758e-12 -1.7699744395252444e-17 0.788235294117647 0.7490196078431373 0.5686274509803921
v 3.224858283996582 -1.5543004274368286 2.250946521759033 0.9529411764705882 0.21176470588235294 0.22745098039215686
v -3.6063994491672485e-35 4.07595398468779e+36 20098707456.0 0.6274509803921569 0.24313725490196078 0.2627450980392157
v -0.9662999510765076 -0.1317588835954666 -0.22114218771457672 0.9568627450980393 0.7843137254901961 0.6862745098039216
v 1.2436877916410793e-10 61758.94921875 3462.137451171875 0.25098039215686274 0.4627450980392157 0.24705882352941178
v -1.2924833425742577e-10 -52920703778816.0 -6440523264.0 0.5098039215686274 0.12941176470588237 0.25098039215686274
v -21541542690816.0 1.6765745317989014e-16 -1.3457768233138268e-10 0.7450980392156863 0.0784313725490196 0.6392156862745098
v 3.528580516008264e-38 -3.3975854898601887e-13 1.8705898520680377e-29 0.7098039215686275 0.13333333333333333 0.24705882352941178
v 1.6334018067880567e-37 5.367267502838502e-13 1.1977331855903119e+24 0.8588235294117647 0.36470588235294116 0.3176470588235294
v -48947.1484375 -1.7969614714787412e+22 5.653450596554421e-09 0.7647058823529411 0.7490196078431373 0.8235294117647058
v 3.0292768478393555 -1.5783971548080444 1.779136061668396 0.21568627450980393 0.8980392156862745 0.4823529411764706
v 2.601952646423691e+38 1.8925821781158447 7.799699098180589e-29 0.615686274509804 0.7450980392156863 0.0196078431372549
v -0.9489765763282776 0.3107871413230896 -0.05343092978000641 0.7803921568627451 0.6039215686274509 0.5215686274509804
v 5.1884735519197734e+23 1.1190308235597968e-08 1.6277996601542466e+32 0.25098039215686274 0.7019607843137254 0.788235294117647
v 7.404514267760022e-16 1.4194036603880145e+22 25740431360.0 0.3607843137254902 0.12941176470588237 0.25098039215686274
v -2068.515625 4.522519539960639e-26 0.27555274963378906 0.7490196078431373 0.8313725490196079 0.5725490196078431
v 1.0660574562058964e-14 97910.296875 -5.496044141523834e-37 0.6745098039215687 0.1803921568627451 0.24705882352941178
v -1.3572516074832823e-15 5.434616691034312e-20 -8.979844315390625e-37 0.6352941176470588 0.0 0.25882352941176473
v 9.477185823788208e+29 7.898957781893303e+23 -1.0683200577952458e-25 0.8117647058823529 0.7490196078431373 0.2549019607843137
v 3.4309122562408447 -1.5576480627059937 2.4604313373565674 0.9450980392156862 0.6745098039215687 0.396078431372549
v -2.9569355319836177e-07 -0.027618316933512688 1.5322613656059904e+16 0.5725490196078431 0.7411764705882353 0.9882352941176471
v -0.5979122519493103 -0.18871815502643585 0.779029130935669 0.6392156862745098 0.35294117647058826 0.2823529411764706
v -2.3286841353677342e+36 65296113664.0 40121697042432.0 0.25098039215686274 0.4392156862745098 0.8823529411764706
v 1.3132402769181742e-35 -1.4189194108380815e+22 -2.6987517198729216e+16 0.24705882352941178 0.054901960784313725 0.25098039215686274
v -6.075958251953125 1.172005538035658e-38 6.226451884723405e+16 0.7490196078431373 0.807843137254902 0.30980392156862746
v -5.945893387412659e+28 2.281000888615381e-05 5.757661862721881e+25 0.047058823529411764 0.9490196078431372 0.24313725490196078
v -2.8792409428879395e-11 4.374769872602718e+25 266968481792.0 0.7333333333333333 0.2549019607843137 0.2901960784313726
v -6.792807961085445e-13 -3.0028950437355206e-09 1.0818082540886564e-12 0.5882352941176471 0.24313725490196078 0.596078431372549
v 2.92999005317688 0.303699254989624 3.4208498001098633 0.8784313725490196 0.050980392156862744 0.4470588235294118
v -1.95763738553012e-10 -1.3635212070539637e-08 -1.3277060502452162e-19 0.0196078431372549 0.7450980392156863 0.35294117647058826
v -0.88581383228302 -0.4459933340549469 -0.1281554400920868 0.9333333333333333 0.7725490196078432 0.6
v -8.554044452373331e+35 6.872985430195355e-33 8.204999969162134e+18 0.25098039215686274 0.06274509803921569 0.6666666666666666
v -2.682901060847841e-29 3.7934043038436734e-29 3.429235479789175e+18 0.00392156862745098 0.0392156862745098 0.25098039215686274
v -1.391329755756403e-24 2.484868083988293e+24 -8.950442865977325e+26 0.7450980392156863 0.2823529411764706 0.5607843137254902
v 5.8140447971517765e+25 -3.0320875053623376e+31 7.545501436181061e+30 0.5607843137254902 0.9294117647058824 0.24313725490196078
v 1.1654461516430617e-32 -0.0010363382752984762 -2.8023326880806513e-31 0.10588235294117647 0.25098039215686274 0.23137254901960785
v -4.601467629015197e+26 724083802112.0 -1.294091506527627e-24 0.6 0.24313725490196078 0.3686274509803922
v 3.3595163822174072 0.2264310121536255 2.2001161575317383 0.027450980392156862 0.3568627450980392 0.28627450980392155
v 0.01736385002732277 -2.2896480524502848e-20 57279.44140625 0.1411764705882353 0.7450980392156863 0.14901960784313725
v -0.363195538520813 -0.37091103196144104 0.8547011613845825 0.6352941176470588 0.4588235294117647 0.3176470588235294
v -1.3360533846590483e-24 -1.0968543297652534e-33 0.04486502707004547 0.25098039215686274 0.7686274509803922 0.03137254901960784
v -1101.5897216796875 -4.583123518386856e-05 49978304.0 0.08627450980392157 0.32941176470588235 0.25098039215686274
v -6.485137361446365e-20 57.27172088623047 8.366675727281186e+25 0.7490196078431373 0.08235294117647059 0.7176470588235294
v 826431307776.0 3.731415540244586e-29 104957290217472.0 0.2784313725490196 0.38823529411764707 0.24705882352941178
v -3.848000686302291e+34 7.771698257238693e+29 -4.79378369113967e-27 0.26666666666666666 0.08627450980392157 0.24705882352941178
v -4.1493020651995173e-17 -1.0760083264831719e+21 9.258963930938382e+33 0.6235294117647059 0.24313725490196078 0.3686274509803922
v 2.939772844314575 0.3357599973678589 3.4781808853149414 0.5098039215686274 0.8156862745098039 0.3764705882352941
v 1.8525397224269474e-34 -0.9501999616622925 -11976568.0 0.9058823529411765 0.7411764705882353 0.8705882352941177
v -0.8768397569656372 -0.4706158936023712 -0.09835006296634674 0.06274509803921569 0.047058823529411764 0.03529411764705882
v 7.90602254039529e-26 -5.3533638865300935e-21 0.0018058556597679853 0.25098039215686274 0.6901960784313725 0.42745098039215684
v -3.020765129463539e-14 -2.3813409461089407e+29 2.6441816926525653e-15 0.10980392156862745 0.4117647058823529 0.25098039215686274
v -7.137873625495672e-12 2.68496693300109e+20 979193856.0 0.7490196078431373 0.4392156862745098 0.8745098039215686
v -1.6681020847439902e-16 -3.021066914580532e-28 5.274776976831172e-15 0.7333333333333333 0.996078431372549 0.7411764705882353
v 5.115261821381478e-32 -3.668585157878823e-10 -2.0361539682427396e-23 0.34509803921568627 0.2 0.24705882352941178
v -3.477809110744784e+21 3.0639764645457035e-06 -8.745761448381018e-09 0.9176470588235294 0.7490196078431373 0.0
v 3.638890266418457 -0.4452625513076782 2.5435547828674316 0.6196078431372549 0.6039215686274509 0.34509803921568627
v 9.685732511496163e-35 1.8503583022622273e-26 5.312744407642931e+16 0.07058823529411765 0.7490196078431373 0.6313725490196078
v -0.1224440485239029 -0.6189594864845276 0.7758199572563171 0.22745098039215686 0.1411764705882353 0.043137254901960784
v 12129426432.0 2.7202226444341883e-32 1.690240447604907e-10 0.25098039215686274 0.07058823529411765 0.7568627450980392
v 7.171744030542168e-27 6.670102821172653e-16 3290850394112.0 0.5254901960784314 0.0 0.25098039215686274
v -4.651460533562562e-34 1.4751359401899314e-22 1.7132396897287663e+33 0.7490196078431373 0.7019607843137254 0.7803921568627451
v 206252064768.0 5.312989174180655e-15 -6542495580160.0 0.32941176470588235 0.6352941176470588 0.7450980392156863
v 5.613147858123457e-19 2.986870343229235e-28 4.315978442518674e-31 0.3803921568627451 0.4235294117647059 0.2627450980392157
v 1.883933838243657e-29 1.2032516864547554e-19 2.2435949588516207e+21 0.5725490196078431 0.24705882352941178 0.4588235294117647
v 3.014899730682373 1.1428909301757812 1.9964771270751953 0.5294117647058824 0.7372549019607844 0.3176470588235294
v -71000260608.0 -3444.002197265625 1.6764099331802174e-13 0.6235294117647059 0.7372549019607844 0.12941176470588237
v -0.873771607875824 -0.06958653777837753 0.4813324213027954 0.023529411764705882 0.01568627450980392 0.00784313725490196
v -8.67227530837025e-24 -9.312959833705051e-17 7.079401125349267e+27 0.25098039215686274 0.8666666666666667 0.08235294117647059
v -4.2647070229682935e-32 1.4199780945204856e+22 5.713537575502414e-06 0.10588235294117647 0.1450980392156863 0.25098039215686274
v -8208160.0 8.730526578847071e-18 -1.0041213804046079e-32 0.24313725490196078 0.7333333333333333 0.2980392156862745
v -0.0001834148570196703 5.314767519853415e-15 8.242031593945308e-17 0.5098039215686274 0.8627450980392157 0.23921568627450981
v 2.514367671128107e-25 5.180239505062446e-31 -1.917789731847091e-26 0.8549019607843137 0.8705882352941177 0.40784313725490196
v -105030279495680.0 5.466888597162453e+35 3.8814737271564685e-25 0.596078431372549 0.23921568627450981 0.06666666666666667
v 3.558551549911499 0.10140395164489746 2.029550790786743 0.8627450980392157 0.5764705882352941 0.15294117647058825
v -2.1632815507335188e-26 2.130488840901279e-10 -2.1951946253000356e-36 0.11372549019607843 0.7490196078431373 0.09411764705882353
v -0.9825037121772766 0.13838382065296173 -0.12464488297700882 0.054901960784313725 0.047058823529411764 0.043137254901960784
v -1.6102869245089675e-35 7.16102431650877e-30 8.856851962946166e-08 0.25098039215686274 0.9725490196078431 0.5647058823529412
v -9112333.0 1.4806786627209065e-31 -3065.555908203125 0.5254901960784314 0.054901960784313725 0.25098039215686274
v -2.886266609538361e-23 1.7697007266318776e-30 1486570389504.0 0.7490196078431373 0.3333333333333333 0.4627450980392157
v 5.5386679990332424e+19 7.918913932745088e-23 -5.857190344345029e+28 0.996078431372549 0.49019607843137253 0.24313725490196078
v -1102.3045654296875 2.2945396900177 -1.3457319594006238e-15 0.1411764705882353 0.6705882352941176 0.30196078431372547
v 48974.92578125 3.2700361515813903e-13 4.5483678013050755e+33 0.9019607843137255 0.7450980392156863 0.48627450980392156
v 3.571074962615967 -0.3510315418243408 2.1747028827667236 0.15294117647058825 0.9215686274509803 0.4235294117647059
v -6.206279977050144e-06 1.0729879713402061e+18 -9.798356365468314e-18 0.5843137254901961 0.23921568627450981 0.8901960784313725
v -0.9133819937705994 0.10931900888681412 -0.3921513557434082 0.09411764705882353 0.08235294117647059 0.08235294117647059
v -1.8217957531706392e-22 4.725110710816157e-28 462196113408.0 0.25098039215686274 0.1411764705882353 0.984313725490196
v 6.095050976157633e+31 -2.314066975098224e-33 4.154130814743357e-17 0.8431372549019608 0.25882352941176473 0.25098039215686274
v -2.171276316057793e-18 -4103703543939072.0 8.510586620143406e+20 0.7490196078431373 0.14901960784313725 0.5647058823529412
v -4.368171449553593e-11 -26263261544448.0 5.615479828573116e+22 0.8196078431372549 0.2823529411764706 0.24705882352941178
v -3.386668366087499e+26 -36937464.0 -1.5582442745944493e-32 0.42745098039215684 0.47843137254901963 0.27450980392156865
v 3.013746454861916e-28 -994113935638528.0 -2.984915568049473e-07 0.6666666666666666 0.23921568627450981 0.396078431372549
v 3.318218231201172 0.06302475929260254 3.585468292236328 0.2627450980392157 0.8313725490196079 0.9803921568627451
v 4.683811990883779e-19 6.920265382922228e-19 185.7470245361328 0.6627450980392157 0.7450980392156863 0.10588235294117647
v -0.5792253017425537 -0.4493364691734314 -0.6801432967185974 0.0392156862745098 0.03137254901960784 0.0196078431372549
v 5.562054296848087e+35 1.784133916469014e-30 208.03927612304688 0.25098039215686274 0.7490196078431373 0.796078431372549
v 2.813610431241582e+30 -50414448.0 -6.648764473044541e-16 0.24313725490196078 0.7647058823529411 0.24705882352941178
v -6.289197984495586e-23 3.170925147140791e-38 7651.15625 0.7490196078431373 0.9607843137254902 0.43529411764705883
v -1.1433917279646266e-05 1.3925267605685576e-09 -0.046239499002695084 0.24705882352941178 0.9176470588235294 0.7450980392156863
v 2780578738864128.0 2.1873470916478066e-12 -3.008820505676642e-22 0.1843137254901961 0.17254901960784313 0.26666666666666666
v -4.680186935369539e-30 1.4433586005955052e+19 4.3161280587812686e+35 0.8 0.7490196078431373 0.9686274509803922
v 3.1295976638793945 -1.5185940265655518 1.5912227630615234 0.7372549019607844 0.5137254901960784 0.30196078431372547
v -244479.015625 8.943683801928732e+35 -6.900004759040012e-36 0.6627450980392157 0.24313725490196078 0.3764705882352941
v -0.8521624207496643 0.07502534985542297 -0.5178710222244263 0.9098039215686274 0.7294117647058823 0.5568627450980392
v 9.111008189417967e-24 -0.0004458355833776295 2041.142333984375 0.25098039215686274 0.25098039215686274 0.25882352941176473
v -5.693426476068539e+30 -2.38212126994657e+29 -9.053036774275824e-05 0.803921568627451 0.0 0.25098039215686274
v 261633.0 1.070386224455433e-05 1.6774230205840338e-18 0.7490196078431373 0.396078431372549 0.41568627450980394
v -2.661439565436398e-15 -1.848523873924257e+27 -51274248192.0 0.796078431372549 0.0784313725490196 0.7490196078431373
v 24.258176803588867 -3.3667659056521567e+37 1.0789644004248524e-31 0.043137254901960784 0.054901960784313725 0.32941176470588235
v -2.18890739673274e+20 -1.8356785738037715e-32 0.1506357342004776 0.8392156862745098 0.7490196078431373 0.21176470588235294
v 3.7988882064819336 -0.26897263526916504 1.918689250946045 0.21568627450980393 0.40784313725490196 0.9647058823529412
v -1.823030945265147e-21 1.4450107777008725e-08 -3.7589006491817257e+25 0.4588235294117647 0.7490196078431373 0.611764705882353
v -0.30943918228149414 -0.9481201171875 -0.07290857285261154 0.050980392156862744 0.043137254901960784 0.0392156862745098
v 4.6292931796132e+33 7.71173318686155e-27 0.003291969420388341 0.25098039215686274 0.6862745098039216 0.6745098039215687
v -39599678160896.0 -3.8083124800003144e+30 -6.369309426726258e+37 0.4980392156862745 0.9490196078431372 0.24705882352941178
v -9.809140229777248e-27 1.7393435317295086e-20 4.718737287559162e+30 0.7450980392156863 0.396078431372549 0.13725490196078433
v -1.7904135063417925e-07 -2.6915643068514304e+16 0.0003643047239165753 0.8509803921568627 0.8745098039215686 0.7450980392156863
v -1.2447103674288404e-39 299645.9375 6.841329367327711e-33 0.4392156862745098 0.5450980392156862 0.5215686274509804
v nan -1.0344028278892332e+34 -0.011734142899513245 0.5450980392156862 0.23529411764705882 0.3058823529411765
v 3.570990562438965 0.10203957557678223 1.9924474954605103 0.1843137254901961 0.47058823529411764 0.25882352941176473
v -5.271880870050315e-36 6.702954857829013e-10 -1277.96875 0.9882352941176471 0.7450980392156863 0.803921568627451
v -0.9831675887107849 -0.16711021959781647 0.07386238873004913 0.9137254901960784 0.7568627450980392 0.592156862745098
v 4.491096537938074e-31 2.76845787962583e-32 -6.688152735354665e-37 0.25098039215686274 0.7529411764705882 0.19607843137254902
v 2.783723005495835e+36 2.5439473238283455e-21 4.358997884867932e-11 0.27058823529411763 0.2980392156862745 0.25098039215686274
v -0.01035076379776001 115.00048065185547 1.491934199676928e+16 0.7490196078431373 0.6705882352941176 0.12549019607843137
v 5.917766760062145e-31 -1.7987643571051187e-35 -4.866015129791626e-24 0.9882352941176471 0.12549019607843137 0.7490196078431373
v -2.304786195245711e+26 -3.4149880434597435e-07 1.2317089958921698e-28 0.1450980392156863 0.9294117647058824 0.21568627450980393
v 2.860445886992291e-34 -3.2799245707763833e-18 -6.027967747412197e-35 0.8 0.24705882352941178 0.9098039215686274
v 3.803049087524414 -0.33360016345977783 1.898384928703308 0.3176470588235294 0.25882352941176473 0.9176470588235294
v -1.0310904114839339e-14 1.405081073347477e-37 1.9411531849209646e-23 0.7607843137254902 0.7411764705882353 0.44313725490196076
v -0.6362327933311462 -0.35807546973228455 -0.6833665370941162 0.054901960784313725 0.0392156862745098 0.03529411764705882
v -1.7259831560843133e+24 nan 3.3423300919821486e-05 0.25098039215686274 0.21568627450980393 0.5137254901960784
v 4.909587057530886e-38 9.25581460038386e-33 -3.605338462200698e-35 0.2196078431372549 0.2980392156862745 0.25098039215686274
v -18056.125 1.3771576387511734e-34 32633295732736.0 0.7490196078431373 0.00784313725490196 0.3764705882352941
v -2.261150986260427e-36 -0.001457343460060656 -1683102791368704.0 0.42745098039215684 0.00392156862745098 0.24313725490196078
v 4.67343239054467e-25 -5.131049647014204e-17 nan 0.0784313725490196 0.7411764705882353 0.23921568627450981
v 3.5428632827461115e-07 -6.510489123732135e-17 -1.629552269078e-21 0.792156862745098 0.24705882352941178 0.9294117647058824
v 3.0392251014709473 1.4450613260269165 3.124621868133545 0.4980392156862745 0.8549019607843137 0.4588235294117647
v 2012096346718208.0 3.983465846676276e-13 5.394475489988189e-20 0.06274509803921569 0.24705882352941178 0.19215686274509805
v -0.38561636209487915 0.6269474625587463 -0.6769319772720337 0.7803921568627451 0.5764705882352941 0.45098039215686275
v -1.1958190799310936e+35 3.512164235034228e+23 3.370966036441465e+18 0.25098039215686274 0.7843137254901961 0.5333333333333333
v -1.5446637891867782e+36 1.6282971517454216e-19 -3196790016.0 0.8117647058823529 0.30980392156862746 0.25098039215686274
v -1.0259664924750119e-22 106648.484375 1.4993834239404592e+21 0.7490196078431373 0.0784313725490196 0.9215686274509803
v -4.0590764015522885e-20 4.9292162989352176e-24 1.882360142830505e-29 0.29411764705882354 0.3254901960784314 0.7490196078431373
v -0.015266119502484798 -29.764760971069336 4.609627618008324e-28 0.5333333333333333 0.6470588235294118 0.32941176470588235
v 4.712584311994586e-30 44839988.0 -4.426730834971158e-24 0.5803921568627451 0.24705882352941178 0.5882352941176471
v 2.9028890132904053 1.1842622756958008 2.1171047687530518 0.3058823529411765 0.8509803921568627 0.24313725490196078
v -1321597138894848.0 193793.015625 1.1400070866547955e+27 0.2549019607843137 0.24313725490196078 0.7058823529411765
v -0.4590069651603699 0.21850405633449554 -0.8611437082290649 0.07450980392156863 0.06274509803921569 0.058823529411764705
v -3.9811196612020334e+31 -0.0004477442125789821 28609146880.0 0.25098039215686274 0.6039215686274509 0.8745098039215686
v -1.622592671578068e+32 1.560826864178025e+34 -2.1168097046812655e-14 0.6901960784313725 0.08627450980392157 0.25098039215686274
v -1.0753910828498192e-07 1.1836662849873392e-07 -1.5009120018224641e-24 0.7450980392156863 0.33725490196078434 0.30980392156862746
v -9.504566482445205e+29 -6577499668480.0 -7.736067425770057e+33 0.6352941176470588 0.7450980392156863 0.7411764705882353
v 183076185440256.0 5.654326987822604e-24 1.6737509576343382e-33 0.5803921568627451 0.7647058823529411 0.3764705882352941
v -6549917925376.0 13.158601760864258 -4.372882500547348e-09 0.6392156862745098 0.7490196078431373 0.8392156862745098
v 3.076098918914795 -1.222304344177246 1.6455261707305908 0.9607843137254902 0.38823529411764707 0.24705882352941178
v -2.4730553452260533e-28 25631.955078125 -2.644498851562976e+26 0.7176470588235294 0.7411764705882353 0.2235294117647059
v -0.8859389424324036 -0.3925313353538513 0.24704521894454956 0.8745098039215686 0.6941176470588235 0.5764705882352941
v -986.9902954101562 1.0437954764638865e-34 2256749226622976.0 0.25098039215686274 0.596078431372549 0.6941176470588235
v 2.742022054438077e+36 1.6297248137838998e-19 4.912636020429282e-24 0.9176470588235294 0.03529411764705882 0.25098039215686274
v 1.1450312252750641e-21 2.8742975881346222e-12 8.068021909821713e-19 0.7490196078431373 0.19607843137254902 0.7843137254901961
v -0.0007333560497500002 -95.41752624511719 1.2967451969052392e-18 0.1607843137254902 0.5529411764705883 0.7450980392156863
v 1.6545027067133011e-12 3.364821103495584e-14 -2.8332082226993496e-31 0.8156862745098039 0.8862745098039215 0.5098039215686274
v -2.7524250499977052e+19 -1.2721172812614338e+27 -1.2949786642318939e-12 0.8470588235294118 0.24705882352941178 0.9490196078431372
v 4.223725318908691 1.710991382598877 1.1873810291290283 0.2627450980392157 0.39215686274509803 0.4980392156862745
v -5.908864782354557e-17 -2.2245738860276537e-27 -11.296560287475586 0.9411764705882353 0.24313725490196078 0.15294117647058825
v -0.5119432806968689 0.12512318789958954 -0.849857747554779 0.8588235294117647 0.6627450980392157 0.5294117647058824
v 1.1807028305461248e+17 -6.387679447883432e-12 1.0982063969322553e-07 0.25098039215686274 0.4627450980392157 0.8156862745098039
v 333287.3125 -2.6056108645310648e-18 -2.8298161092999653e+22 0.796078431372549 0.9607843137254902 0.24705882352941178
v 1.0434321367129129e+18 2.0404226233949885e-05 -5.509055191345842e-22 0.7450980392156863 0.4823529411764706 0.9725490196078431
v 5.673846479743837e+22 -7.340770615306001e-32 7.232470865672277e+24 0.788235294117647 0.1843137254901961 0.7450980392156863
v 234038.984375 -2.4052579402923584 1.587502286799485e-36 0.00784313725490196 0.12941176470588237 0.3686274509803922
v -1.077766208356352e+17 3.7223834178110597e-31 -5.832188204601962e-11 0.23137254901960785 0.7450980392156863 0.22745098039215686
v 3.464101552963257 1.115959882736206 1.3785979747772217 0.4549019607843137 0.7607843137254902 0.4235294117647059
v -180655112192.0 -3.3722347347371246e-20 1.6326333876127894e-19 0.7294117647058823 0.7450980392156863 0.7843137254901961
v -0.9894959926605225 -0.07690790295600891 -0.12240415811538696 0.7607843137254902 0.5882352941176471 0.45098039215686275
v 224.74302673339844 2.7491518542815125e-32 3.403211826266112e+17 0.25098039215686274 0.9764705882352941 0.03529411764705882
v 1.615587037596135e-27 9.710271460524162e-27 7.589410226412374e+30 0.596078431372549 0.7725490196078432 0.24705882352941178
v -7.125662227725616e-26 -0.01169270183891058 -7.90856199972545e-11 0.7450980392156863 0.25098039215686274 0.3058823529411765
v -6.807638762602874e-13 -7.90806109995542e-23 -5.551203284819236e-37 0.36470588235294116 0.20784313725490197 0.7490196078431373
v -3.2383492152123885e+29 0.5310323238372803 -6.349383674825792e-38 0.8745098039215686 0.7411764705882353 0.5176470588235295
v 1.1787390913887493e-30 1.2724334104934698e-26 -0.004036010708659887 0.43529411764705883 0.24705882352941178 0.3058823529411765
v 2.9355711936950684 1.5357475280761719 3.0943727493286133 0.06274509803921569 0.8588235294117647 0.9607843137254902
v -2.275858415255272e-28 -2499.987548828125 3.0645122085421056e+16 0.45098039215686275 0.7411764705882353 0.5529411764705883
v -0.8835429549217224 -0.45021969079971313 0.12905080616474152 0.10196078431372549 0.07450980392156863 0.06666666666666667
v -2.0879961968910372e-29 nan 59545422397440.0 0.25098039215686274 0.7450980392156863 0.3607843137254902
v -2.1420260010174275e-10 3.0032901763916016 -50273312.0 0.7607843137254902 0.23529411764705882 0.25098039215686274
v -5.563708343196897e+37 -2.363810658323473e-08 6.454123569848239e+33 0.7450980392156863 0.8117647058823529 0.13725490196078433
v -6.223965881538305e+34 -1.2063603392983825e-27 -2.9977605140997728e-28 0.615686274509804 0.24313725490196078 0.7490196078431373
v -5.044715566848362e+21 -1.0205289048860598e+21 -1.8806339850829432e-23 0.18823529411764706 0.21176470588235294 0.2549019607843137
v -12520884.0 1.5682211694247986e+22 318366580736.0 0.5607843137254902 0.7490196078431373 0.5294117647058824
v 3.5264437198638916 -1.2369682788848877 1.4516220092773438 0.5803921568627451 0.2980392156862745 0.5882352941176471
v 1.6211255948750392e-10 -4.3959015964748674e-32 -4122919424.0 0.06666666666666667 0.7450980392156863 0.1568627450980392
v -0.6948350071907043 -0.4048144221305847 -0.5944153070449829 0.9450980392156862 0.796078431372549 0.6313725490196078
v 1.5243578142680773e-16 -1.4270157035871978e-35 -7.305665064265869e-32 0.25098039215686274 0.5098039215686274 0.25882352941176473
v -139300.171875 1.6291258833216231e-19 2.791043618444178e-09 0.2196078431372549 0.8274509803921568 0.24705882352941178
v -5.77305314664045e-10 127885816.0 -1.93592822913759e-31 0.7450980392156863 0.6196078431372549 0.9921568627450981
v 3293029072896.0 8.689427649644088e-11 1.8657678049697781e-29 0.7686274509803922 0.30980392156862746 0.24705882352941178
v -6.8930213622671814e-18 -1.4686605182215174e-35 6.814849795588884e-10 0.2901960784313726 0.792156862745098 0.36470588235294116
v 2.1087073263210097e-14 0.007326734717935324 -1.18376974889145e-11 0.7176470588235294 0.24705882352941178 0.3803921568627451
v 2.930739164352417 1.4134953022003174 3.1744003295898438 0.6784313725490196 0.058823529411764705 0.39215686274509803
v 3.822406131913851e+17 -2.5942448664814987e-39 -1.311112732748972e-30 0.7529411764705882 0.24313725490196078 0.0784313725490196
v -0.2646748125553131 0.3070785403251648 -0.9141389727592468 0.8274509803921568 0.6470588235294118 0.5254901960784314
v -2.915708011129506e+27 -2.5814863136019994e-08 -9.286223875318972e-38 0.25098039215686274 0.17254901960784313 0.11372549019607843
v -19020580864.0 3.635863633221694e+24 6241846.5 0.30196078431372547 0.9372549019607843 0.24705882352941178
v 2.4947462847694697e+33 -3.778999529771537e+25 -986227.9375 0.7411764705882353 0.050980392156862744 0.49411764705882355
v -1.089392898806496e-11 382.75653076171875 2.2565885956282727e-05 0.48627450980392156 0.9529411764705882 0.24313725490196078
v -6.909021423549822e-13 -5.462810648282357e-08 7.863616361010906e-24 0.9176470588235294 0.15294117647058825 0.3176470588235294
v -0.1867068111896515 136589766295552.0 -63686864896.0 0.7764705882352941 0.24705882352941178 0.26666666666666666
v 3.831052303314209 1.4690983295440674 1.3134095668792725 0.3568627450980392 0.0 0.06274509803921569
v 1.1935754628211726e-05 -1.8205362114473654e+35 -6.44003586670959e+18 0.19607843137254902 0.24313725490196078 0.403921568627451
v -0.8830826282501221 0.0721241682767868 -0.4636412560939789 0.0784313725490196 0.07058823529411765 0.07058823529411765
v 2.0521132095681597e+26 3.2616660594940186 15520812.0 0.25098039215686274 0.13333333333333333 0.5647058823529412
v -0.00022556506155524403 5.81133773745896e+25 25115748.0 0.596078431372549 0.8156862745098039 0.24705882352941178
v -1.8263000858305787e-22 -1327304146944.0 3.840797216980718e-05 0.7490196078431373 0.050980392156862744 0.5215686274509804
v -1.483524701221261e+28 -3.545363569519169e-35 -417888506740736.0 0.6784313725490196 0.49019607843137253 0.7490196078431373
v 5.761734318180323e-28 4.602202892303467 nan 0.7843137254901961 0.7254901960784313 0.26666666666666666
v -4.415229854744744e+20 -4.485926628112793 -1.8644082601108596e-24 0.6980392156862745 0.7450980392156863 0.5098039215686274
v 3.813502550125122 1.0043994188308716 1.3303018808364868 0.7254901960784313 0.34901960784313724 0.21176470588235294
v -2.748590894567234e-19 -1.974096680936767e-15 -1.6284544577164866e-16 0.6039215686274509 0.7254901960784313 0.1607843137254902
v -0.9499334692955017 0.034040141850709915 0.310592383146286 1.0 1.0 1.0
v 2.2219764334003027e-32 -483.4831237792969 3.6240376041496904e+18 0.25098039215686274 0.0784313725490196 0.6039215686274509
v 8.51311919124636e+19 -1.0681662294313807e-14 -3.5403937204137037e-07 0.37254901960784315 0.00392156862745098 0.25098039215686274
v 1.7958339621265812e-25 2.0720710231819813e-16 3.4041805981064344e+24 0.7450980392156863 0.7490196078431373 0.0
v 2.8618228498089593e-06 -1679998201102336.0 -3.6913764808504925e+27 0.43529411764705883 0.25882352941176473 0.24705882352941178
v -9.690193671834722e-37 1797216927744.0 -7.411401528736741e-29 0.9333333333333333 0.4588235294117647 0.5450980392156862
v -0.0933673083782196 -0.00019118026830255985 -1.8479141334587547e-28 0.7647058823529411 0.24705882352941178 0.3803921568627451
v 3.8321948051452637 1.8227994441986084 1.4781278371810913 0.42745098039215684 0.12941176470588237 0.5215686274509804
v -8.364822923675421e-23 -1.2261835277336576e+16 3.444500420624384e+16 0.08235294117647059 0.7490196078431373 0.0196078431372549
v -0.3075191080570221 0.192702978849411 -0.9318248629570007 0.043137254901960784 0.03529411764705882 0.03137254901960784
v -3.418614214460592e+31 -0.4701997935771942 4061067739136.0 0.25098039215686274 0.2235294117647059 0.8352941176470589
v 1.373912360579717e-32 -52864428802048.0 5.195635164779793e-18 0.1450980392156863 0.8156862745098039 0.24705882352941178
v 1.1269607543945312 -3.1449045470423714e-27 -6.174660088786865e-11 0.7411764705882353 0.8588235294117647 0.9764705882352941
v -1.5891123308246908e-22 7.871672524119385e-23 409294602240.0 0.7294117647058823 0.43137254901960786 0.7490196078431373
v 1.6116203423871545e-12 1.7430210164093296e-06 -1.1985199747912792e-27 0.23137254901960785 0.3803921568627451 0.26666666666666666
v -1.18256301982935e+29 -5.479474346177966e-33 -656392.9375 0.45098039215686275 0.24313725490196078 0.20392156862745098
v 4.030123710632324 1.5669217109680176 1.307349443435669 0.5803921568627451 0.2901960784313726 0.4
v -5.725438680656207e+29 -1.8014521654784295e+20 1.2356604745073177e-26 0.5764705882352941 0.24313725490196078 0.8901960784313725
v -0.9556480646133423 -0.08464787155389786 0.28208449482917786 0.4392156862745098 0.3411764705882353 0.26666666666666666
v 1.2257768915431391e+33 1.007569103424279e+35 -1.8635255068847754e-37 0.25098039215686274 0.996078431372549 0.0
v 1255895168.0 3.976960843226312e-23 -1.1585358633994008e+26 0.11372549019607843 0.8156862745098039 0.24705882352941178
v -4.803969722022572e-13 -2.802477501973044e-05 2.136804426566861e+16 0.7411764705882353 0.09803921568627451 0.9490196078431372
v -12564485.0 -6.152767961925595e-25 -8.778056809387823e+20 0.22745098039215686 0.45098039215686275 0.7490196078431373
v 5.925143341301009e-05 7.234530780050614e+36 nan 0.807843137254902 0.09019607843137255 0.41568627450980394
v -7.058994973236137e+21 -121625821184.0 3.412629682214137e-37 0.6078431372549019 0.7450980392156863 0.5411764705882353
v 3.502852201461792 0.9785721302032471 1.4191436767578125 0.3137254901960784 0.6745098039215687 0.8
v 4.247230547983696e-39 -2.988679858303188e-36 0.015182330273091793 0.7058823529411765 0.7333333333333333 0.8117647058823529
v -0.45783066749572754 0.09211989492177963 -0.8842539191246033 0.058823529411764705 0.043137254901960784 0.03529411764705882
v -1.4849196633771961e+22 -5.137481099939901e-24 -1.4118442105725925e-36 0.25098039215686274 0.32941176470588235 0.8470588235294118
v -2.475879930996808e+27 1.5993804378561745e+37 3.525469072898077e-38 0.24705882352941178 0.611764705882353 0.24705882352941178
v -3.5635844884009916e+30 -1.7679044869276378e-21 -2248143.75 0.7411764705882353 0.5490196078431373 0.396078431372549
v 5.768523631599366e-34 2.6948454471172096e+16 4.929965281915472e+35 0.7372549019607844 0.14901960784313725 0.7450980392156863
v -0.00010429274698253721 3.5386801855207886e+20 -3.025913669988716e-22 0.4392156862745098 0.5882352941176471 0.3843137254901961
v -1683536583065600.0 2.5037883905700197e+24 -232198307840.0 0.5372549019607843 0.7490196078431373 0.34509803921568627
v 3.900918483734131 -1.1438409090042114 1.5922635793685913 0.36470588235294116 0.18823529411764706 0.0
v 6.271390270468601e-28 -3.0255907274492445e-18 1.5102715797270692e+21 0.1607843137254902 0.24313725490196078 0.1843137254901961
v -0.05895186960697174 -0.7864052057266235 -0.6148913502693176 0.8941176470588236 0.7098039215686275 0.5450980392156862
v -2.8733992615825876e-11 -0.11462174355983734 3804.2861328125 0.25098039215686274 0.25098039215686274 0.18823529411764706
v 3.641927506305187e-30 -3.0058212280273438 -5.455268282847828e+19 0.28627450980392155 0.043137254901960784 0.25098039215686274
v -0.0282975435256958 -9.588087551883195e-29 -1136566144.0 0.7450980392156863 0.28627450980392155 0.3254901960784314
v -2.2631224035804127e+23 1644801163264.0 -1.2592473791379129e-21 0.3215686274509804 0.5058823529411764 0.7372549019607844
v 441529013370880.0 1.3225220990414227e+32 7.103551106312887e-30 0.22745098039215686 0.19215686274509805 0.5019607843137255
v nan 5.817567971409462e-14 -903025917952.0 0.7647058823529411 0.24705882352941178 0.00784313725490196
v 3.6967029571533203 -1.5729665756225586 1.41624116897583 0.5372549019607843 0.42745098039215684 0.20392156862745098
v -1.0891034439314967e-13 -0.17504964768886566 1.2086156296866944e+23 0.8509803921568627 0.7450980392156863 0.3607843137254902
v -0.915535032749176 -0.38842201232910156 -0.10451763868331909 0.9372549019607843 0.7764705882352941 0.6039215686274509
v -5.1515914093390615e+34 1.8087999256893805e-30 -4.950057404506532e-33 0.25098039215686274 0.8392156862745098 0.996078431372549
v -1.2229320916354167e-23 -2.167983526903808e+17 5.7743151221030245e+25 0.28627450980392155 0.5294117647058824 0.24705882352941178
v -8.898402579172557e+16 -5.754767899835012e-18 3.7728532504452914e-25 0.7490196078431373 0.24313725490196078 0.6980392156862745
v -8.633330254364017e+17 1.2429053672653524e+35 -2.377625997964152e-27 0.2823529411764706 0.11764705882352941 0.22745098039215686
v -5.586327946407119e-30 -2.8605551261051687e-10 52.85520935058594 0.7803921568627451 0.8666666666666667 0.4980392156862745
v -4.310914337771356e+17 1.027339158222818e-35 -13647979.0 0.7137254901960784 0.7450980392156863 0.13333333333333333
v 4.115715980529785 1.0162273645401 1.2672195434570312 0.38823529411764707 0.5647058823529412 0.28627450980392155
v -3.433162162428489e+24 3.8683167076669633e-05 -4.85133695602417 0.9411764705882353 0.7450980392156863 0.03137254901960784
v -0.8700023293495178 -0.2911974787712097 -0.39786937832832336 0.9725490196078431 0.796078431372549 0.6901960784313725
v -0.006812868174165487 -1.0151968848903792e-10 3.75075058279259e+36 0.25098039215686274 0.7058823529411765 0.984313725490196
v 8.2183966800409e+31 3.0042221546173096 -12681295872.0 0.7803921568627451 0.27058823529411763 0.25098039215686274
v -3.1043777247659644e-34 -2.7226776643858807e-31 2.466272917445167e-06 0.24313725490196078 0.6745098039215687 0.7686274509803922
v -0.011733727529644966 5.561376692497788e-09 -105066677665792.0 0.6 0.023529411764705882 0.7490196078431373
v 3.6491404807011544e-31 78164.484375 -1.0283399986791033e-33 0.611764705882353 0.4823529411764706 0.4980392156862745
v 2.076005789006998e-17 0.00019178952788934112 1.2462983770000768e-11 0.5176470588235295 0.7490196078431373 0.9254901960784314
v 3.9525609016418457 -1.0725927352905273 1.5976526737213135 0.4980392156862745 0.25882352941176473 0.5333333333333333
v -504.4894104003906 1.9513144714262374e-26 -3.561639820266058e-28 0.9490196078431372 0.7450980392156863 0.8666666666666667
v -0.6334584951400757 -0.46142950654029846 -0.6211385130882263 0.9372549019607843 0.7843137254901961 0.6196078431372549
v -7.483972374600575e-29 -9.891956367523089e-14 3.2525462878574274e-10 0.25098039215686274 0.7686274509803922 0.9294117647058824
v 3.233890100151626e-10 6.097444165710142e+31 -1.8554428786914238e+27 0.16862745098039217 0.6901960784313725 0.24705882352941178
v -3.5766075031101683e+22 -0.04251551255583763 -2481568088064.0 0.24313725490196078 0.5647058823529412 0.27450980392156865
v -191.92616271972656 6.46730127948819e-19 2.2914812966151074e+26 0.15294117647058825 0.396078431372549 0.7490196078431373
v 1.15192331998825e-19 6.298912012425717e-06 2.27671075871507e+31 0.8313725490196079 0.9019607843137255 0.592156862745098
v -24500.841796875 1.9805072703539123e-36 1.4038707342844306e+26 0.9764705882352941 0.24313725490196078 0.06274509803921569
v 3.0837509632110596 -1.4175163507461548 1.9578430652618408 0.8705882352941177 0.396078431372549 0.4980392156862745
v -1.2549547257231596e+29 -3.128540945867612e+33 -4.018598696875653e+24 0.788235294117647 0.24313725490196078 0.8117647058823529
v -0.6430418491363525 0.2281036078929901 -0.7310717105865479 0.9058823529411765 0.7529411764705882 0.592156862745098
v -0.45945659279823303 -1.6670405784680042e-06 -2.915120092232766e-35 0.25098039215686274 0.8392156862745098 0.6431372549019608
v 2.0921351944706151e-13 -5.5515358035154305e+19 -1.4063994149427137e-37 0.9294117647058824 0.6274509803921569 0.24705882352941178
v -5.579124957675615e+30 -3.8471800745121243e-10 5.7028675097212705e+32 0.7490196078431373 0.9647058823529412 0.5137254901960784
v 6.808527266283226e-13 -5.054733510043194e-21 0.0014599856222048402 0.09803921568627451 0.10980392156862745 0.7450980392156863
v -916.7147827148438 1.3115046742380559e-25 -7.094470497088378e-29 0.9921568627450981 0.047058823529411764 0.4627450980392157
v 8.107171980472936e-20 -3.4608453175858745e+20 7.049275236343135e-34 0.9019607843137255 0.24705882352941178 0.06274509803921569
v 4.81541633605957 1.8332607746124268 1.5648326873779297 0.3176470588235294 0.49019607843137253 0.14901960784313725
v -7.84827268823822e-21 7.256384620783762e-13 6.0757921835367e+20 0.7725490196078432 0.7450980392156863 0.6745098039215687
v 0.23138244450092316 0.2194247543811798 -0.9477947354316711 0.4588235294117647 0.35294117647058826 0.27058823529411763
v -1.9098993497834726e-09 2.494662600022814e+34 6.15378955080373e+27 0.25098039215686274 0.21176470588235294 0.5882352941176471
v -4.63841260366562e-35 -769.9951782226562 -5.975271224975586 0.08627450980392157 0.9058823529411765 0.24705882352941178
v 3.037362028557311e-12 -7.55517485325117e+18 2.355086681294422e-36 0.24313725490196078 0.7098039215686275 0.1607843137254902
v -2.4912376655925255e+35 -7.799275918947994e-23 1.139790219895076e-05 0.23921568627450981 0.18823529411764706 0.7490196078431373
v 7.62581385060912e-06 6.488036043417491e+22 1.7115816819718303e+36 0.6431372549019608 0.5686274509803921 0.5843137254901961
v -420170778542080.0 -8.037830939338865e+32 -0.0017566828755661845 0.2627450980392157 0.24705882352941178 0.41568627450980394
v 4.34276008605957 0.8304315805435181 1.1045714616775513 0.7411764705882353 0.2901960784313726 0.06666666666666667
v 6.521152007195276e+19 1.499203264391492e-38 -5267388.0 0.3686274509803922 0.7411764705882353 0.16470588235294117
v 0.508077085018158 -0.06808249652385712 -0.8586165904998779 0.25882352941176473 0.20784313725490197 0.1607843137254902
v -1.4815332726641217e+32 -2.7268861231277697e-05 -1.0449142480465349e-35 0.25098039215686274 0.34509803921568627 0.2
v 17.46233558654785 -5.912823711769424e-39 -409136168960.0 0.03529411764705882 0.19607843137254902 0.25098039215686274
v -4.024764087520891e-35 -7.623805422683413e-14 6.689487055217064e+31 0.7450980392156863 0.3764705882352941 0.29411764705882354
v 1.7854227962743607e-07 -1.6838544718723175e-13 7.533236458871785e-29 0.6313725490196078 0.36470588235294116 0.7490196078431373
v -17918196711424.0 6.999925760523546e+21 2.925735088865622e-06 0.43529411764705883 0.7058823529411765 0.4
v -1644621332480.0 -0.00042064208537340164 -8.308967517223209e-05 0.5411764705882353 0.7490196078431373 0.03137254901960784
v 3.089547634124756 -1.054341197013855 1.6977849006652832 0.9568627450980393 0.49411764705882355 0.8509803921568627
v -3.0235606871040726e+29 -2436887808.0 1.4681332534887207e-25 0.2823529411764706 0.7490196078431373 0.9568627450980393
v -0.38521426916122437 -0.7386960387229919 -0.5531167984008789 0.9058823529411765 0.7333333333333333 0.5647058823529412
v 31026566922240.0 2.749119528186865e-32 207.52357482910156 0.25098039215686274 0.12549019607843137 0.6392156862745098
v -2.7665413578020686e+29 4.076559639280421e-20 4.973797074404051e+35 0.8784313725490196 0.7764705882352941 0.24705882352941178
v -1.5638011888039927e-28 -1994039.875 -2.5639888483712644e-15 0.7450980392156863 0.8235294117647058 0.7215686274509804
v 1.519252604484172e+31 -5.602780933447578e-37 2.7720259421215587e-09 0.5019607843137255 0.4117647058823529 0.7490196078431373
v -6.375513748935191e-06 0.00010357562860008329 3.9750498380898795e+32 0.9215686274509803 0.7215686274509804 0.23921568627450981
v -4.628628614989327e+26 93487.5078125 -1.1761765618587149e+23 0.788235294117647 0.24705882352941178 0.023529411764705882
v 4.249403476715088 -1.11991548538208 1.925283432006836 0.06274509803921569 0.23921568627450981 0.8980392156862745
v 2.555987265608243e-17 -7.079500985440745e-09 1.7383641673975726e+19 0.8784313725490196 0.24313725490196078 0.9882352941176471
v 0.6133919358253479 0.3411472737789154 -0.7122982740402222 0.611764705882353 0.47058823529411764 0.3607843137254902
v 2.2514136333029455e-07 -495092.25 17.02569580078125 0.25098039215686274 0.0 0.9450980392156862
v 1.174337457841133e+21 -5.541314303618974e+19 -12399992.0 0.07450980392156863 0.29411764705882354 0.25098039215686274
v -1.1694123362802855e-26 -1.819501006419884e+28 -18605537280.0 0.7450980392156863 0.9450980392156862 0.592156862745098
v 3294122999808.0 411198652416.0 -101686771712.0 0.996078431372549 0.27450980392156865 0.7450980392156863
v -0.00030015219817869365 116.9262466430664 -4.354383356409015e-33 0.5098039215686274 0.1803921568627451 0.6078431372549019
v 26273977991168.0 -1.1436929674816516e+26 1.5582603144771666e+19 0.09019607843137255 0.7529411764705882 0.7764705882352941
v 4.370879650115967 -2.3876452445983887 2.0712850093841553 0.050980392156862744 0.7137254901960784 0.8352941176470589
v -1.1015504660364566e-15 1.7226195732046807e+18 -2012158230528.0 0.8862745098039215 0.7450980392156863 0.19215686274509805
v 0.19699108600616455 0.35533207654953003 -0.9137470126152039 0.2196078431372549 0.12941176470588237 0.058823529411764705
v 3.1648036404137692e-27 232189.640625 1.2971871410577547e+21 0.25098039215686274 0.6980392156862745 0.5215686274509804
v -3.413255678097471e-09 847091635060736.0 1.0140743979204983e-20 0.3411764705882353 0.7137254901960784 0.24705882352941178
v -1.784003127739407e+31 5.637177990280035e-37 7.861107020207324e+35 0.7490196078431373 0.9333333333333333 0.7333333333333333
v 5.768631538307352e-34 9.37659305967308e-30 2.6404498772451997e-15 0.48627450980392156 0.4666666666666667 0.7490196078431373
v 1.2598062990858546e+36 8.215101817586859e-25 nan 0.9019607843137255 0.6588235294117647 0.5647058823529412
v 2.8803943934677297e-34 -2.1552545755365028e+31 1.6422185282273126e+28 0.5333333333333333 0.24705882352941178 0.7372549019607844
v 3.2520198822021484 1.749671220779419 1.7946441173553467 0.27450980392156865 0.1568627450980392 0.09803921568627451
v -6.044653650024858e+16 6.901717638116803e+17 2.7953825957397814e-37 0.19607843137254902 0.24313725490196078 0.6549019607843137
v 0.5587422251701355 -0.7023236751556396 -0.4410766661167145 0.6235294117647059 0.4823529411764706 0.3803921568627451
v 12.171746253967285 -3.8856615949996176e-13 -2.0974599608501854e-30 0.25098039215686274 0.0 1.0
v -0.015541750006377697 -4.5893881178926677e-05 -9.273006322199025e+26 0.8823529411764706 0.7176470588235294 0.24705882352941178
v -18.1192626953125 -5.035752723555418e-30 -3.745644551414962e-29 0.7450980392156863 0.7803921568627451 0.23529411764705882
v 6.076793778429813e+31 -3.777800099007606e+30 1.0795916244310533e-11 0.49019607843137253 0.4235294117647059 0.7490196078431373
v -3.626049289585339e-20 7.875785740907304e-06 1.6941735514475198e-10 0.24705882352941178 0.5372549019607843 0.5372549019607843
v -4.403531402868928e+20 2.3378921636367862e+33 -1.8837551671936033e-36 0.7215686274509804 0.23921568627450981 0.8235294117647058
v 4.822492599487305 1.6473417282104492 1.6970270872116089 0.7647058823529411 0.027450980392156862 0.4980392156862745
v -9.487287746758343e+37 8.804189664845577e+30 1.282727897446441e-36 0.22745098039215686 0.7411764705882353 0.7176470588235294
v 0.47675639390945435 0.3903496265411377 -0.7876105904579163 0.3058823529411765 0.24705882352941178 0.19607843137254902
v 3.6581370934816657e-14 7.234719724904194e-30 -5.699177913766498e-33 0.25098039215686274 0.4392156862745098 0.9098039215686274
v 5.98325769549842e+28 -7.17519583304238e-07 -47.90447235107422 0.4666666666666667 0.9411764705882353 0.24705882352941178
v -1.6192639517154304e-19 -1.974258864555649e+25 2.771732932293576e+36 0.7490196078431373 0.5019607843137255 0.8196078431372549
v 2.536503506108935e-21 6566109511680.0 6.850987683439706e+18 0.6980392156862745 0.2823529411764706 0.7490196078431373
v 1.2039190701609426e+35 3.1115508363967857e+19 nan 0.6823529411764706 0.2784313725490196 0.5098039215686274
v 1683636172619776.0 -2.5672369635716836e+36 8.48100785726318e-20 0.7333333333333333 0.7490196078431373 0.807843137254902
v 4.264843940734863 -1.407081127166748 1.7086725234985352 0.00784313725490196 0.7803921568627451 0.14901960784313725
v -2.6213707748505196e-19 4.958453101671751e+24 17.405254364013672 0.24705882352941178 0.7490196078431373 0.4470588235294118
v -0.6190889477729797 -0.22954562306404114 -0.7510244846343994 0.8705882352941177 0.6705882352941176 0.5176470588235295
v 0.00010835588909685612 6.757382431388237e-10 -8.805065825512322e-29 0.25098039215686274 0.7843137254901961 0.043137254901960784
v 4.1057573980651796e-05 -4.4824517431152344e-08 -7.214647661666527e-35 0.19607843137254902 0.7843137254901961 0.24705882352941178
v -6.003837427215331e-10 8.045190690939484e-19 2.5802761835249438e-20 0.24705882352941178 0.5176470588235295 0.28627450980392155
v 3.618207793300145e+24 3274223124480.0 1.237473880584187e+35 0.6274509803921569 0.396078431372549 0.7490196078431373
v -1.225479260389503e-22 0.7565115690231323 1.0234660822681323e-34 0.8549019607843137 0.12549019607843137 0.4980392156862745
v -1.8466039368010652e+27 2.746291990322782e+23 -89217.09375 0.17254901960784313 0.7490196078431373 0.24705882352941178
v 4.768428802490234 0.39863884449005127 1.2388848066329956 0.2 0.06274509803921569 0.2980392156862745
v 5.662213347797899e-31 8.598590607663834e-28 8.417020581207154e+25 0.6549019607843137 0.23921568627450981 0.8352941176470589
v 0.8241055011749268 0.14293743669986725 -0.5481050610542297 0.17254901960784313 0.1450980392156863 0.11764705882352941
v -5.694924828268429e-34 -1.0216048752263724e-33 -9.011003502019321e-32 0.25098039215686274 0.5803921568627451 0.8745098039215686
v 1.2603197733664607e-26 1.6311374831737755e-19 -3.148244413154128e-22 0.24705882352941178 0.13725490196078433 0.25098039215686274
v 1.775775666823713e+36 -5.054451739984385e+35 -2.9162944770178e-07 0.23921568627450981 0.6078431372549019 0.30980392156862746
v -1.441384859287928e-34 -7.914979635415823e+36 1.297087442883683e-18 0.9254901960784314 0.5843137254901961 0.7450980392156863
v 7.580194562786994e-38 -6.889976172478935e-32 2.016617787904296e+22 0.4823529411764706 0.596078431372549 0.5411764705882353
v -3.3880320424173327e-13 -8.949712938550166e+18 -1.5075966161980644e-36 0.4549019607843137 0.7450980392156863 0.984313725490196
v 4.446969032287598 -1.124380350112915 2.248490571975708 0.3568627450980392 0.24313725490196078 0.23921568627450981
v -9.867098661026606e-15 402.5010681152344 3.483296494470594e+33 0.615686274509804 0.7450980392156863 0.43137254901960786
v -0.4654490053653717 -0.10206712037324905 0.8791698217391968 0.3137254901960784 0.23529411764705882 0.17254901960784313
v -4.1704699987392346e-35 1.1539497357659911e-08 206841917210624.0 0.25098039215686274 0.21568627450980393 0.1568627450980392
v 1.0832328083709624e+18 2.556136102897714e+38 -5.200101526497273e-18 0.9882352941176471 0.058823529411764705 0.25098039215686274
v -410480761896960.0 7.077164040706542e-36 272903295729664.0 0.7490196078431373 0.9490196078431372 0.7607843137254902
v -2.4218395716974496e-27 4.501052099667671e-36 7.528541415857687e+30 0.3411764705882353 0.5372549019607843 0.7450980392156863
v 0.058552492409944534 1.1554950153026305e+35 2.9110315323219514e-32 0.4745098039215686 0.40784313725490196 0.5254901960784314
v 0.18700069189071655 -7789634048.0 -1.5128118039392967e-18 0.9019607843137255 0.7490196078431373 0.4745098039215686
v 3.442000389099121 -1.727469801902771 2.4645543098449707 0.08627450980392157 0.34901960784313724 0.054901960784313725
v 3.277923361392269e-31 1.1712075433300294e-32 -1.8206710094870052e+22 0.5843137254901961 0.23921568627450981 0.8509803921568627
v -0.7928563952445984 -0.004154304042458534 0.609394371509552 0.7686274509803922 0.6196078431372549 0.5254901960784314
v -1.417584772103623e-35 -0.0004372312978375703 37.5504264831543 0.25098039215686274 0.5254901960784314 0.6352941176470588
v 2.8587305101165523e-19 -9.092817367400918e+23 1.1070068666011537e+20 0.08627450980392157 0.11372549019607843 0.25098039215686274
v -9.743627865808616e+22 3.082077278478296e-17 -1.186085291686863e+23 0.7411764705882353 0.8901960784313725 0.8392156862745098
v -1.5519160748204648e-25 -6114.04931640625 -1.8318024169302732e+27 0.8941176470588236 0.3215686274509804 0.24705882352941178
v -3.2992450711847887e-34 1.8591305206427933e-06 16117467709440.0 0.4392156862745098 0.21176470588235294 0.3137254901960784
v -11.946553230285645 -1.9523247516835058e+33 -7.452019945585991e+37 0.8274509803921568 0.7490196078431373 0.2196078431372549
v 3.0374526977539062 -1.7110042572021484 1.8177225589752197 0.7764705882352941 0.30980392156862746 0.47058823529411764
v -8.603648516416079e+29 -0.0013141637900844216 8.943859650285824e-13 0.1607843137254902 0.7411764705882353 0.39215686274509803
v -0.13569462299346924 -0.0891658365726471 0.9867302775382996 0.20392156862745098 0.14901960784313725 0.10588235294117647
v 263968064.0 1.0338805380121895e-14 3.318246721632338e+17 0.25098039215686274 0.7254901960784313 0.792156862745098
v -2.5549685723739275e+29 8.868952116242112e+20 -1.855284531840295e+27 0.10588235294117647 0.07450980392156863 0.25098039215686274
v -220973760512.0 1.142621559466046e-33 5.785552978515625 0.7490196078431373 0.011764705882352941 0.3843137254901961
v -3.968900262496764e-23 3.0340174345407704e+31 2.1636607436259503e-11 0.4117647058823529 0.8274509803921568 0.7411764705882353
v -5.7939229765520776e-36 3.1127748510122834e+33 2.473674807403222e-15 0.12549019607843137 0.3803921568627451 0.3411764705882353
v 6.964770982165192e-10 7.420125153257343e-33 -1.7394248541524604e-10 0.9176470588235294 0.7490196078431373 0.48627450980392156
v 3.5384697914123535 -1.7187074422836304 2.528799533843994 0.07450980392156863 0.7529411764705882 0.8431372549019608
v -1.2056949873449553e-20 3.893782518638034e-11 4.2607450723153306e-07 0.8509803921568627 0.7372549019607844 0.16862745098039217
v -0.7399200797080994 0.0957610011100769 0.6658439636230469 0.7607843137254902 0.6 0.5058823529411764
v 1.5755482855872582e-12 -2.4242831700438394e-11 26.157512664794922 0.25098039215686274 0.6 0.5686274509803921
v 1.4045055049707313e-20 2.380744038985506e+29 -6230466.5 0.9215686274509803 0.32941176470588235 0.25098039215686274
v -1.1760644655824363e-33 4.4199072135597817e-07 3.929899167933388e-37 0.7490196078431373 0.8666666666666667 0.8235294117647058
v -6.062776427787492e-28 -2.125033039346389e-14 2.1694954860373983e-11 0.9137254901960784 0.6509803921568628 0.23921568627450981
v 185.14353942871094 -2016696467456.0 -1.616037978962899e-35 0.054901960784313725 0.1803921568627451 0.38823529411764707
v -13040191799296.0 -2.6268849840452813e-31 0.02932753786444664 0.09019607843137255 0.7450980392156863 0.7647058823529411
v 3.553908586502075 -0.2630012035369873 2.7396652698516846 0.30980392156862746 0.8823529411764706 0.1450980392156863
v -1.1669294217870954e+36 1.6889921754263535e-18 -4.584345316260379e-35 0.3843137254901961 0.7490196078431373 0.5333333333333333
v -0.39276909828186035 -0.9142522215843201 -0.09937432408332825 0.03529411764705882 0.027450980392156862 0.023529411764705882
v -3.2019466351185756e+18 -3.460015852199591e-19 3.1577425073522134e+21 0.25098039215686274 0.12549019607843137 0.23921568627450981
v -1239216512.0 -1.6289941806584682e-19 -3.0710012378798284e-25 0.5254901960784314 0.3411764705882353 0.25098039215686274
v 0.0005592145025730133 39.62377166748047 1.861340490215323e-37 0.7490196078431373 0.9764705882352941 0.8980392156862745
v 0.011727586388587952 -7.403701379418995e+27 -400440896.0 0.36470588235294116 0.3568627450980392 0.7372549019607844
v 19043211804672.0 84293112.0 -6.351819310922992e-35 0.06274509803921569 0.4196078431372549 0.2784313725490196
v -103004011233280.0 -9.074479985201708e-24 1.5525888992169085e-24 0.4980392156862745 0.7450980392156863 0.6509803921568628
v 3.5453920364379883 -0.27670788764953613 2.3216960430145264 0.054901960784313725 0.6313725490196078 0.4980392156862745
v 37943252.0 3.606113023124635e-05 -2.6336970261355242e-20 0.3568627450980392 0.7490196078431373 0.8627450980392157
v -0.485731303691864 -0.8502086400985718 -0.20300309360027313 0.9490196078431372 0.7647058823529411 0.615686274509804
v -3.293116724135521e+38 -1.6968028830888215e-06 2.94193423533327e+21 0.25098039215686274 0.3764705882352941 0.803921568627451
v 3.1646219296298938e+29 -3.004287004470825 2.669835637804237e+16 0.2823529411764706 0.33725490196078434 0.25098039215686274
v 8.658495839829642e+24 6.8658126059495395e-12 0.0037548691034317017 0.7490196078431373 0.7529411764705882 1.0
v -1.7890312165036448e-07 -3.18165950852491e+37 4.2803747151151104e+17 0.2196078431372549 0.08627450980392157 0.7333333333333333
v 2075735621632.0 -10.824889183044434 2.3893011635029114e+31 0.47058823529411764 0.25882352941176473 0.30196078431372547
v -1.879237407659078e+30 -1.4422227144241333 -4.969578367150851e-24 0.12156862745098039 0.7450980392156863 0.7725490196078432
v 3.55075740814209 -0.2457653284072876 2.5127663612365723 0.06274509803921569 0.19607843137254902 0.4117647058823529
v -9.272013887367859e+26 -1.0548273410348699e-20 9.654572796160506e-24 0.27450980392156865 0.7490196078431373 0.48627450980392156
v -0.8177056908607483 -0.5642502903938293 -0.11392513662576675 0.8862745098039215 0.7098039215686275 0.5372549019607843
v 9.990308841978947e-24 -4.1861747490656853e-07 1.1087514379514947e+22 0.25098039215686274 0.10980392156862745 0.12156862745098039
v 8.408936992054805e-06 -1.6290819393515813e-19 -2.8057121685543343e+22 0.9529411764705882 0.23529411764705882 0.25098039215686274
v -9.482509029093516e-20 1.3962260899456361e+28 0.007187873125076294 0.7490196078431373 0.396078431372549 0.5098039215686274
v 6.3928933055531445e+37 2.2822639948572032e-05 -0.09295794367790222 0.6196078431372549 0.3843137254901961 0.24313725490196078
v -1.3290615719085963e-08 -20373372.0 -3.946055758073871e-36 0.7607843137254902 0.00392156862745098 0.2196078431372549
v 9.198687778985804e-33 2.118189889562045e+27 2.564789269854373e-09 0.6745098039215687 0.24705882352941178 0.6784313725490196
v 2.9106147289276123 1.3601555824279785 2.895437002182007 0.5568627450980392 0.596078431372549 0.34901960784313724
v 4.7268237292051925e-27 1.3014896214099459e+25 1.1288725278419449e-25 0.5019607843137255 0.24313725490196078 0.6549019607843137
v -0.915920078754425 0.394497275352478 -0.07390740513801575 0.11764705882352941 0.09803921568627451 0.09803921568627451
v -1.0338542799908246e-14 6.728532602842651e-33 1865473.125 0.25098039215686274 0.44313725490196076 0.2549019607843137
v 1.2568914514052583e-35 -5.6490291637564e-37 -3.796086310955097e+30 0.6274509803921569 0.3176470588235294 0.25098039215686274
v -6.367867966004722e-19 1.890555857586058e+28 1.1280956845100183e-18 0.7490196078431373 0.4745098039215686 0.6
v -2.261263090137573e-36 7.763914267983762e+33 -4.8170693397252785e-27 0.8823529411764706 0.17647058823529413 0.24313725490196078
v 6.110677531959158e+34 -4.062876804886066e+21 2.5883432509916886e+37 0.6274509803921569 0.7803921568627451 0.25882352941176473
v 1.4717640662125755e-31 -442424.25 -1.4439280676015187e-05 0.6823529411764706 0.24705882352941178 0.48627450980392156
v 2.876492738723755 1.3819324970245361 2.8275046348571777 0.6627450980392157 0.2823529411764706 0.3764705882352941
v -7.597845728804095e-19 -2.8621346720609154e+20 15283885056.0 0.8235294117647058 0.24313725490196078 0.3568627450980392
v -0.8363264799118042 0.22107920050621033 -0.5016790628433228 0.047058823529411764 0.043137254901960784 0.0392156862745098
v -5550072167137280.0 -3.267438943155373e-25 3.1728668545838445e-06 0.25098039215686274 0.8784313725490196 0.6039215686274509
v 1.88984409967634e+32 -3.7907158260119303e-29 12564841.0 0.8666666666666667 0.08627450980392157 0.25098039215686274
v -5.329382768426427e-13 403343328.0 5.1524214389211136e+17 0.7490196078431373 0.4745098039215686 0.7019607843137254
v 4.371246420387109e-11 -105184680214528.0 -2.4768816765713697e-21 0.8549019607843137 0.054901960784313725 0.24705882352941178
v -3.11500749748271e-15 -4.6292649008385047e+24 1.5637400315348082e-36 0.6705882352941176 0.5647058823529412 0.2196078431372549
v 6.012636767615315e-28 12291.2626953125 -2.672843762618799e-23 0.7058823529411765 0.24705882352941178 0.6196078431372549
v 3.0770413875579834 1.5118255615234375 1.983306646347046 0.8196078431372549 0.615686274509804 0.3333333333333333
v -1.1385586357528166e+17 4013971712.0 -0.03240897133946419 0.10980392156862745 0.7490196078431373 0.611764705882353
v -0.8144124150276184 0.5193188786506653 -0.2589213252067566 0.06274509803921569 0.047058823529411764 0.043137254901960784
v 6.308014111056082e-09 4.250472778203194e-34 7.987063884735107 0.25098039215686274 0.7450980392156863 0.8901960784313725
v 1.2295286921926163e-07 -0.0007332948734983802 -1.7026024958389369e-13 0.45098039215686275 0.2235294117647059 0.25098039215686274
v -2.6441739464644343e-07 3.113686808386973e-10 1.482228057444227e+27 0.7490196078431373 0.5607843137254902 0.9176470588235294
v -3.8940778049165243e+33 1.3921311881048837e-09 -1.5060131742632443e+31 0.5607843137254902 0.03137254901960784 0.7490196078431373
v 1.0355951206328674e-16 -1.891330612936319e-27 5.432798468884151e-22 0.9176470588235294 0.09411764705882353 0.25882352941176473
v 1.8783636877326245e-29 -6.181227895671932e-18 -1578.007568359375 0.7529411764705882 0.24705882352941178 0.1568627450980392
v 2.9812841415405273 1.3841571807861328 3.000002384185791 0.4235294117647059 0.8431372549019608 0.3176470588235294
v -1.0938832541416937e+22 2.434505554889583e-33 6668862976.0 0.5529411764705883 0.23921568627450981 0.043137254901960784
v -0.8336419463157654 0.5522370338439941 0.008679279126226902 0.11764705882352941 0.10196078431372549 0.09803921568627451
v -2.4690772430085994e-12 -2.0118529207029413e-26 3.0446351502178004e-06 0.25098039215686274 0.9647058823529412 0.43137254901960786
v -7.653657621955138e+31 3.993841283232706e+36 -1.2665896168162797e-21 0.7333333333333333 0.8666666666666667 0.24705882352941178
v 8.628490430851885e+29 2.9741068898016704e-20 6.949441894888599e+24 0.7411764705882353 0.7294117647058823 0.4980392156862745
v -5.804111225468084e+25 -9.116002911468968e-05 -7.107524879756966e-07 0.03137254901960784 0.12156862745098039 0.24705882352941178
v -123.31591033935547 -8.913684072811725e+16 1.673750773963346e-33 0.7764705882352941 0.4549019607843137 0.3411764705882353
v 4.708706497190545e-30 -4.2506687479287056e-17 -5.856961055391055e+37 0.00784313725490196 0.24313725490196078 0.6431372549019608
v 3.067762613296509 0.2115020751953125 2.795983076095581 0.8 0.8627450980392157 0.3058823529411765
v 162.2437286376953 -1702967115776.0 6.613687802451687e-26 0.5254901960784314 0.7450980392156863 0.3058823529411765
v -0.9013003706932068 -0.3823500871658325 -0.2036319077014923 0.9372549019607843 0.7803921568627451 0.615686274509804
v 1.3938058105548964e+18 -7.661630986026791e-29 0.00016845916979946196 0.25098039215686274 0.6509803921568628 0.7529411764705882
v 1.1036179742927397e+34 3.616273773905711e-35 1.3492856656232448e+16 0.0392156862745098 0.9764705882352941 0.24705882352941178
v -2.631697485801221e-15 30739582.0 6.283502160969213e-17 0.7490196078431373 0.34509803921568627 0.5019607843137255
v -9.985267140083635e+35 6122.2861328125 6371380224.0 0.23529411764705882 0.058823529411764705 0.7490196078431373
v -1.5190602849274917e-16 3.5677166162699496e-35 2.678076763853394e-32 0.9411764705882353 0.29411764705882354 0.3176470588235294
v -24478.71875 1.429241621549986e+32 -3.7370543954834685e+33 0.6627450980392157 0.24705882352941178 0.7411764705882353
v 2.9125235080718994 1.2437169551849365 3.6411590576171875 0.13725490196078433 0.01568627450980392 0.4117647058823529
v 0.13500867784023285 -1.7470085556392915e-19 1.0438101267087533e+31 0.011764705882352941 0.24705882352941178 0.0196078431372549
v -0.6342092156410217 -0.12990526854991913 0.762170135974884 0.7803921568627451 0.5803921568627451 0.4392156862745098
v -1.2285439319370193e+26 4.506195527775516e-31 2.6651866846805206e-07 0.25098039215686274 0.2196078431372549 0.1607843137254902
v 9.045650513350711e-13 -2.6055895646302915e-18 0.0001827899250201881 0.20392156862745098 0.28627450980392155 0.25098039215686274
v -1034308.0 -1.529438128983507e+18 1885.6014404296875 0.7490196078431373 0.2196078431372549 0.7372549019607844
v -2.3228962862400755e+26 4.947912696819408e-24 -1.4763585100835063e+28 0.37254901960784315 0.4470588235294118 0.23529411764705882
v -40.111080169677734 -4.068916941226928e+19 3.2078883560405884e-23 0.5764705882352941 0.5764705882352941 0.20392156862745098
v -6703357859201024.0 1.7064838394488928e-31 -5.373764793148439e-07 0.6588235294117647 0.24705882352941178 0.1450980392156863
v 4.3040080070495605 -0.7197766304016113 2.5460317134857178 0.45098039215686275 0.7058823529411765 0.396078431372549
v -3.3401652626028624e-25 -4.4921518374056904e+23 2073657455149056.0 0.6862745098039216 0.24313725490196078 0.4666666666666667
v -0.33064958453178406 -0.32534006237983704 0.8859032988548279 0.6 0.4470588235294118 0.30196078431372547
v -4.158728199186399e-33 nan 6.685673542561332e-11 0.25098039215686274 0.20392156862745098 0.4549019607843137
v 1.0633823332454027e+37 -206354087936.0 -2.725421234181513e-12 0.5450980392156862 0.25098039215686274 0.25098039215686274
v -57084.25 391905.96875 2.2646851785606968e+38 0.7490196078431373 0.1450980392156863 0.027450980392156862
v -1.4124601989567342e-37 -3.090003664491438e-25 5.1806309356486935e-18 0.7568627450980392 0.07058823529411765 0.24313725490196078
v -2.150669440787507e+27 -1.1709631332089856e+17 -1.9367500233565753e-20 0.6823529411764706 0.011764705882352941 0.2823529411764706
v -4.727840272307269e+29 387.2169189453125 6.777575425028255e+25 0.42745098039215684 0.7411764705882353 0.9098039215686274
v 3.305184841156006 -0.07168316841125488 2.7965564727783203 0.03529411764705882 0.09411764705882353 0.1450980392156863
v 5.240584431391382e-24 -207105.265625 29225545728.0 0.07058823529411765 0.7490196078431373 0.23137254901960785
v -0.7743706107139587 -0.463024377822876 -0.4312291443347931 0.9450980392156862 0.7568627450980392 0.6
v 4.5889571889359094e+18 1.966390492340121e+22 1.5667808055877686 0.25098039215686274 0.12941176470588237 0.12549019607843137
v 2272.879150390625 -1.4123635654146344e-37 803459520.0 0.3568627450980392 0.4235294117647059 0.25098039215686274
v -5.087937134521755e-28 1.1011912452570278e+22 2.47579286236478e+24 0.7490196078431373 0.8156862745098039 0.00784313725490196
v 1.5867805842066024e-22 -0.3737618625164032 1.4002600461108138e-37 0.9803921568627451 0.803921568627451 0.7450980392156863
v -1213847.875 -0.0015414725057780743 -2.5706146682388534e-34 0.4588235294117647 0.8666666666666667 0.24705882352941178
v -1.0332159175805934e-17 -1.4570818337122648e+29 4.045459961769203e-18 0.0196078431372549 0.7529411764705882 0.9254901960784314
v 3.111574649810791 -1.994856834411621 1.8873265981674194 0.8431372549019608 0.5019607843137255 0.41568627450980394
v -2.6721678511998504e+33 3.3670372142228917e+24 -6.6796628811112776e+19 0.5254901960784314 0.24313725490196078 0.07450980392156863
v -0.8733153939247131 -0.4011114537715912 -0.2764592468738556 0.058823529411764705 0.047058823529411764 0.03529411764705882
v -2.245588172414911e+30 -7888768.5 -9.979143477889839e-36 0.25098039215686274 0.4392156862745098 0.3607843137254902
v 549755781120.0 -5.794738533155146e-34 -1.6532713319309555e-16 0.3764705882352941 0.5098039215686274 0.24705882352941178
v -3.8176217742602603e-10 -6.579103786562681e-20 7.716064828855451e-06 0.7490196078431373 0.7372549019607844 0.0392156862745098
v -2.3825302268839866e+29 -1.118403702565211e-36 2.7982771178476907e-37 0.6745098039215687 0.45098039215686275 0.24705882352941178
v -8.940456927452663e-20 -9.39963289008836e+26 4.882699932367503e-25 0.9333333333333333 0.6039215686274509 0.24705882352941178
v 4.5993457262028254e-33 2.181857416871935e-05 -4.0642348030067766e-26 0.788235294117647 0.24705882352941178 0.15294117647058825
v 2.8434362411499023 1.4564828872680664 2.386931896209717 0.7411764705882353 0.16862745098039217 0.32941176470588235
v -7.7951615754537685e-25 -3.347436345083152e-38 1.3807866932084509e-14 0.4980392156862745 0.7490196078431373 0.4823529411764706
v -0.8302961587905884 -0.5561264753341675 0.03649280592799187 0.8352941176470589 0.6313725490196078 0.49019607843137253
v 23199.44140625 7.76763359503749e+19 1487310028800.0 0.25098039215686274 0.17254901960784313 0.6941176470588235
v 2.4612190987956967e-36 -1.4132861803235459e-37 -5.450026714648448e-12 0.4980392156862745 0.11764705882352941 0.25098039215686274
v -0.001876838505268097 2.5376348276040517e-06 2.5694113503504923e-10 0.7490196078431373 0.35294117647058826 0.23921568627450981
v 3147083.25 1.7652617314540894e+21 -8.070044495666376e-20 0.4117647058823529 0.7294117647058823 0.7450980392156863
v 1.8345700744205834e-21 3.149021607484488e-27 -7.4520771691622e-29 0.11764705882352941 0.00784313725490196 0.403921568627451
v 3.0904759949584393e-25 -1.2367349982653209e-12 2.8647623366850894e-06 0.36470588235294116 0.23921568627450981 0.7529411764705882
v 3.7103850841522217 0.023209810256958008 1.922072410583496 0.5294117647058824 0.9490196078431372 0.09411764705882353
v -3.562792897469412e-31 2.705488384435739e-07 1.2821038981146589e-21 0.30980392156862746 0.7490196078431373 0.3686274509803922
v -0.46509701013565063 -0.6909372210502625 -0.5534351468086243 0.9333333333333333 0.7411764705882353 0.5686274509803921
v -8.621167404426815e-34 4.145035526709243e-34 0.000851601711474359 0.25098039215686274 0.8784313725490196 0.5647058823529412
v -8388607.5 1.412092946655204e-37 843265423179776.0 0.023529411764705882 0.30196078431372547 0.25098039215686274
v -1.1035949109537476e+25 -6288965455839232.0 2.2355491680059458e-08 0.7490196078431373 0.592156862745098 0.7294117647058823
v 6.8268475724928e-13 -0.09350519627332687 -3.556224551869479e-35 0.6549019607843137 0.09411764705882353 0.7411764705882353
v 2.27124943803839e-37 -2.43923956263918e-19 -6.200106497298139e-35 0.5490196078431373 0.792156862745098 0.2
v -380.7368469238281 -8.302235007835088e-29 81739079680.0 0.7803921568627451 0.24705882352941178 0.23921568627450981
v 2.9058754444122314 1.5543904304504395 2.936737537384033 0.20392156862745098 0.1607843137254902 0.43529411764705883
v 5.094918712410983e+35 -155.2508544921875 -1.1561247098557104e-10 0.49019607843137253 0.7490196078431373 0.1411764705882353
v -0.6970845460891724 -0.6983271241188049 0.16251860558986664 0.5058823529411764 0.3686274509803922 0.2784313725490196
v -4.499286415336474e-25 6.36782634900347e+30 295315472384.0 0.25098039215686274 0.14901960784313725 0.615686274509804
v 2.961830867370674e-12 1.7086303888674131e-13 25131582.0 0.43137254901960786 0.12941176470588237 0.25098039215686274
v -4.3269479647278786e-05 -9.809014591155574e-05 -1.3419569730758667 0.7450980392156863 0.20784313725490197 0.4235294117647059
v -0.0029342754278331995 -0.0003635027096606791 2.9626023499256036e+28 0.8196078431372549 0.6352941176470588 0.7411764705882353
v 1.8981128077143614e-22 -3.1918003795539107e-09 -4.0874824221571776e-36 0.49411764705882355 0.5764705882352941 0.3803921568627451
v -2.941127388344754e+28 -1.0187309983597797e+29 -3.203019514658352e-14 0.10196078431372549 0.7450980392156863 0.3215686274509804
v 3.2838573455810547 -0.1631016731262207 3.399411678314209 0.0 0.17254901960784313 0.49019607843137253
v -3.0659951006601423e-16 -2.1911671677191388e+30 -1.34778296921427e-13 0.14901960784313725 0.7490196078431373 0.4117647058823529
v -0.6929482221603394 -0.4790678322315216 -0.5388104319572449 0.047058823529411764 0.03529411764705882 0.03137254901960784
v -5.094332507921129e-12 1.0362886134191919e-34 1.891720671665098e-06 0.25098039215686274 0.06274509803921569 0.7450980392156863
v 1.788133592051735e+32 9.706869497870397e-27 -3295519965184.0 0.5098039215686274 0.00784313725490196 0.25098039215686274
v -178942976.0 1.0167137047109554e-28 128.8486328125 0.7490196078431373 0.12156862745098039 0.9490196078431372
v 1.3845201050048397e+19 -1.980020677265566e-23 9.611686008284333e+32 0.6470588235294118 0.43529411764705883 0.23921568627450981
v -368.4511413574219 -5.679358920055488e+34 4.378089213027422e-31 0.4 0.5490196078431373 0.3176470588235294
v -1.1825349689724418e+29 -4.8312340947082503e-23 6.002456517182646e+19 0.4745098039215686 0.24313725490196078 0.4549019607843137
v 3.030974864959717 0.26204097270965576 2.8124825954437256 0.8745098039215686 0.6823529411764706 0.3568627450980392
v -9.853547340056582e-23 7.708937931123492e+31 -1.061461856510503e-35 0.5529411764705883 0.7411764705882353 0.14901960784313725
v -0.8714210987091064 -0.10903969407081604 -0.47826308012008667 0.058823529411764705 0.047058823529411764 0.050980392156862744
v -3.1163473459217957e+19 -3.097801061501482e-25 3.6992394143453566e-06 0.25098039215686274 0.2901960784313726 0.27450980392156865
v 2.735878465945615e-32 3.6160223742349785e-35 -3.618833253216394e+24 0.6784313725490196 0.9764705882352941 0.24705882352941178
v -1.443474246382026e-14 1.2103874601753464e-20 255285.0 0.7490196078431373 0.6039215686274509 0.592156862745098
v -6.656712818463339e-16 3.0266134892511226e+31 -2.311700957261741e+26 0.5137254901960784 0.9529411764705882 0.24313725490196078
v -0.02451455406844616 126505552183296.0 -7.750832646220522e-26 0.5215686274509804 0.20784313725490197 0.34901960784313724
v 1.8794625210438635e-29 2.998105205763788e+19 -1.8042777935387034e+17 0.611764705882353 0.24313725490196078 0.403921568627451
v 4.207925796508789 1.826888084411621 1.206642508506775 0.5764705882352941 0.37254901960784315 0.19607843137254902
v -8.78790618107481e+35 2.8502712958834905e-19 525590953984.0 0.0196078431372549 0.24705882352941178 0.00392156862745098
v -0.7653973698616028 -0.564883828163147 -0.30833929777145386 0.8470588235294118 0.6588235294117647 0.5176470588235295
v 2.0716105287113638e+19 -2.3730410675772487e-14 5.830489499203395e-06 0.25098039215686274 0.2823529411764706 0.47058823529411764
v 1.1252902651118342e-22 -5.682314147763219e+22 -3220005888.0 0.8352941176470589 0.6039215686274509 0.24705882352941178
v -2.778462121962106e+29 -2.13221189420284e-25 5.7508266984065294e+26 0.7490196078431373 0.25098039215686274 0.5725490196078431
v -5.95279323708078e+28 5.272236301505882e-15 1.7655454582306138e+21 0.13725490196078433 0.7450980392156863 0.7450980392156863
v 15.912779808044434 -8.272615712145707e+20 -3.498294861258022e-13 0.050980392156862744 0.6862745098039216 0.28627450980392155
v -1.8946306601202312e+30 3.7551509776691884e+28 -1.8925859928131104 0.7568627450980392 0.7490196078431373 0.4549019607843137
v 3.515315532684326 -0.2343308925628662 2.75663423538208 0.6509803921568628 0.6509803921568628 0.12941176470588237
v -4.1707106518407144e-12 2.1973944817487817e+37 2.125483073896626e-20 0.34901960784313724 0.7490196078431373 0.42745098039215684
v -0.9740124940872192 -0.1352744847536087 -0.18166029453277588 0.9098039215686274 0.7333333333333333 0.5764705882352941
v -5.9394536904393354e-31 -1.7005547761073103e-06 8.47319738089472e+17 0.25098039215686274 0.40784313725490196 0.5176470588235295
v 71.35523986816406 5.5452571523161784e+19 -2.061137713804725e-17 0.5529411764705883 0.054901960784313725 0.25098039215686274
v -1.0038957983367077e-29 -1.1161607407830382e+26 1.9329308944250607e+25 0.7490196078431373 0.36470588235294116 0.32941176470588235
v -1.74466663338535e-10 -7.060553218707207e+21 1.2339177245097342e+35 0.3764705882352941 0.9137254901960784 0.7450980392156863
v -5.670831377909457e-23 -1952723658342400.0 7.054246547420189e-30 0.5333333333333333 0.2823529411764706 0.3254901960784314
v -6.019939893964431e-28 -1.7639091034535064e+21 152833.125 0.6901960784313725 0.7490196078431373 0.24705882352941178
v 3.922441244125366 -0.011549234390258789 1.7605867385864258 0.17254901960784313 0.24313725490196078 0.7607843137254902
v 2.577740625120395e-11 -7.320682818340641e-26 -866.984375 0.16862745098039217 0.7490196078431373 0.6745098039215687
v -0.4988369047641754 -0.5993109345436096 -0.6260895729064941 0.08627450980392157 0.06274509803921569 0.043137254901960784
v -164646698876928.0 -0.007285937201231718 4.836957361907624e+27 0.25098039215686274 0.0 0.9568627450980393
v -2.5129665104378186e+24 5.923858937175982e-39 -193658.40625 0.7647058823529411 0.8274509803921568 0.24705882352941178
v 7.05999703143334e-11 -9.681897644719939e-11 -4.114869320646661e-30 0.7450980392156863 0.01568627450980392 0.3215686274509804
v -6.6661154135734535e-16 -4.7006300046444635e-30 4.310742539079516e+17 0.40784313725490196 0.7725490196078432 0.7411764705882353
v -1.627277214268701e-16 3.6661412152238786e-21 6.34927518069349e-36 0.796078431372549 0.5450980392156862 0.2196078431372549
v -5.427603245317103e-12 -6.723536109003183e-34 -5.967940523987636e-06 0.788235294117647 0.24705882352941178 0.40784313725490196
v 2.8899950981140137 1.5774815082550049 2.754878044128418 0.6039215686274509 0.7098039215686275 0.4627450980392157
v -8.21098874907394e+27 -4.198257297360897e-09 -0.014510701410472393 0.4196078431372549 0.7490196078431373 0.48627450980392156
v -0.2590181231498718 -0.9554176926612854 0.14172735810279846 1.0 1.0 1.0
v -6.425251655253566e+31 -0.000109309890831355 86.5188217163086 0.25098039215686274 0.9607843137254902 0.9294117647058824
v 2.5235210527273323e-37 -1.4811405144513446e-31 2.6959473209769984e+16 0.9882352941176471 0.803921568627451 0.24705882352941178
v -0.7082557678222656 -2.826145077960973e-07 -1.0410739285433986e-20 0.7450980392156863 0.2823529411764706 0.9058823529411765
v 4.255903490952076e-14 -7.936871961281764e+36 -7.554862753265247e+30 0.9568627450980393 0.23529411764705882 0.7490196078431373
v -1124658594185216.0 281313.9375 4.123956525276099e-34 0.03137254901960784 0.9921568627450981 0.3176470588235294
v 4.7037491083747094e-30 0.0030524160247296095 -2.652168349381681e-23 0.7176470588235294 0.24705882352941178 0.4470588235294118
v 3.45510196685791 1.5985456705093384 1.5241419076919556 0.21176470588235294 0.4196078431372549 0.9882352941176471
v -1.9542083911402655e-22 2.8741306210000594e-12 6.30559913298071e-16 0.10980392156862745 0.24705882352941178 0.23137254901960785
v -0.8666105270385742 -0.42216312885284424 -0.26601603627204895 0.9450980392156862 0.7725490196078432 0.6549019607843137
v 2.944884913943347e+16 -3.2432386627354553e-25 2773.966064453125 0.25098039215686274 0.10980392156862745 0.3686274509803922
v 1.3476784815421824e+24 -6.996990764562838e-10 1.319550065121875e-15 0.8784313725490196 0.2784313725490196 0.25098039215686274
v -1.575173909538885e-36 -2.8911461290254967e+23 -902366691328.0 0.7450980392156863 0.09411764705882353 0.10588235294117647
v -8.642388168592589e+17 5.9639573097229 -6416499200.0 0.5411764705882353 0.0392156862745098 0.7490196078431373
v 18.989131927490234 8.980233813600093e-21 2.5963544932935704e-35 0.5882352941176471 0.6666666666666666 0.5294117647058824
v 3.1559951924289778e-22 2.2487722418141504e+24 3.476279463813302e-18 0.8470588235294118 0.7372549019607844 0.3254901960784314
v 4.36073112487793 1.3894402980804443 1.1393799781799316 0.7450980392156863 0.796078431372549 0.788235294117647
v -8.84004241336056e-15 -6.140943551330999e-15 0.07604850828647614 0.3411764705882353 0.7450980392156863 0.5607843137254902
v -0.8184274435043335 -0.1884859800338745 0.5428162813186646 0.023529411764705882 0.0196078431372549 0.01568627450980392
v -5.278433048964207e-18 7.18586128962752e-30 5831431.5 0.25098039215686274 0.7529411764705882 0.8156862745098039
v -1.076070212110273e-33 1.553265643265975e-25 -5.995193004608154 0.22745098039215686 0.788235294117647 0.24705882352941178
v -1.4397028280654922e-07 -943878080.0 1.8935472614961017e-37 0.7490196078431373 0.058823529411764705 0.8156862745098039
v -1.409412879264275e-37 25059548.0 5.959305286407471 0.5764705882352941 0.13333333333333333 0.7490196078431373
v 1.3712081909269481e-33 -1.4884893835174312e-28 nan 0.7176470588235294 0.14901960784313725 0.4117647058823529
v nan -3.8184222717063676e-07 -3.608545279155896e+17 0.6941176470588235 0.7450980392156863 0.8588235294117647
v 3.547362804412842 -0.2584989070892334 2.2878663539886475 0.8666666666666667 0.8156862745098039 0.4980392156862745
v 642.9757690429688 4.906825366767449e+22 2.543734324251853e+16 0.6588235294117647 0.7411764705882353 0.3137254901960784
v -0.5743812918663025 0.137051522731781 -0.8070334792137146 0.9215686274509803 0.8235294117647058 0.7450980392156863
v -5.205843505877523e-33 -3.7252630781230297e-16 -2.2368946557164754e-30 0.25098039215686274 0.8627450980392157 0.4980392156862745
v 2.6586905110196326e-32 -1.4833799487390961e-31 -2.477144726973381e-24 0.5372549019607843 0.5411764705882353 0.24705882352941178
v -4.649509943721597e-13 -4.7527020416422457e-32 174679024.0 0.7490196078431373 0.6901960784313725 0.058823529411764705
v -5.807345862041409e+25 -1.4954094886779785 1.1187621517932045e+23 0.8117647058823529 0.807843137254902 0.24313725490196078
v 1.1808571123072033e-20 -1.9274190433246333e+23 nan 0.7607843137254902 0.027450980392156862 0.3803921568627451
v -2.9578856502825134e+28 -1.2748081085663915e-21 4.321009966935102e-13 0.5450980392156862 0.7490196078431373 0.6549019607843137
v 3.1377246379852295 -1.0396931171417236 1.688042402267456 0.592156862745098 0.21176470588235294 0.8823529411764706
v 2.5132529123525216e+21 7.89305914683953e+30 -10159.7744140625 0.027450980392156862 0.7490196078431373 1.0
v -0.7496122717857361 -0.294585257768631 -0.5927064418792725 0.047058823529411764 0.0392156862745098 0.027450980392156862
v 1.1178724557438814e-35 -475.4949035644531 4.017285346984863 0.25098039215686274 0.25098039215686274 0.9686274509803922
v -9.627103403438996e-37 -6.370782105531288e-22 -6.933636442774116e-10 0.5647058823529412 0.5568627450980392 0.24705882352941178
v -7.042667434064762e-21 -1.3639869858664728e-31 -9.417862401051025e-08 0.7450980392156863 0.06666666666666667 0.10196078431372549
v 9.714241957697511e-27 -2.0718842788868913e-17 -1519.914794921875 0.803921568627451 0.2901960784313726 0.24705882352941178
v -7.288241227909811e-18 2180367.25 1.0503942030729112e+35 0.8392156862745098 0.23137254901960785 0.19607843137254902
v -6.894676777969385e+18 -2.0266435920267052e-29 -1.4924634683666227e-07 0.6588235294117647 0.24705882352941178 0.8470588235294118
v 2.9144046306610107 1.0340254306793213 2.1399521827697754 0.28627450980392155 0.0784313725490196 0.23137254901960785
v 38338244.0 -2.5229623417028814e-14 -8.913326224108081e+23 0.8196078431372549 0.23921568627450981 0.5058823529411764
v -0.8774842023849487 0.24398957192897797 0.41290509700775146 0.8235294117647058 0.6588235294117647 0.5882352941176471
v -5.023322469793756e-12 nan 1.318031227260897e+27 0.25098039215686274 0.7529411764705882 0.20392156862745098
v 4.1359028162461055e-25 -6.999222867953847e-10 1.8013693786212293e+24 0.3176470588235294 0.11372549019607843 0.25098039215686274
v -2.9091448217402616e-15 -1.4506256857929582e+27 -5.36514730551459e-28 0.7450980392156863 0.5568627450980392 0.6549019607843137
v -12565686.0 4.619407825496643e+26 -1.1484764396881027e-33 0.19215686274509805 0.2235294117647059 0.7490196078431373
v -3.769851421862088e-15 5016211490340864.0 1131577719390208.0 0.7215686274509804 0.7803921568627451 0.5019607843137255
v -1.7817555431065557e-07 0.0008025998249650002 -5.129606517328966e-09 0.4588235294117647 0.24705882352941178 0.4666666666666667
v 4.110892295837402 0.9835877418518066 1.266874074935913 0.796078431372549 0.6980392156862745 0.22745098039215686
v 3331.983642578125 -4.127821600486449e+31 -1.4237412214279175 0.16862745098039217 0.7490196078431373 0.08235294117647059
v 0.1030309647321701 -0.6997671127319336 -0.7069020867347717 0.7058823529411765 0.5411764705882353 0.44313725490196076
v -9.899625462495589e-38 -1.2100940433850688e-27 0.00011768279364332557 0.25098039215686274 0.7176470588235294 0.5411764705882353
v -2.718399959907002e+33 -1.1191949589317574e-08 3374497017102336.0 0.6431372549019608 0.9921568627450981 0.24705882352941178
v -239973957632.0 -1.674528215313078e+35 9.54598637654676e-22 0.7490196078431373 0.5686274509803921 0.08627450980392157
v 2.374464802720564e+29 -1.42524947932543e-06 -2.253165665380237e+23 0.6392156862745098 0.8705882352941177 0.7450980392156863
v 1.6730145850366916e+37 1.162613423943174e+27 -5.038442724253891e-18 0.11764705882352941 0.6627450980392157 0.33725490196078434
v -1.8888654440022165e+30 -5.492171742281961e-32 3.4150793629637854e-13 0.6 0.23921568627450981 0.4470588235294118
v 3.126497745513916 -0.05852174758911133 3.1080565452575684 0.5058823529411764 0.8156862745098039 0.011764705882352941
v 1.2398534637440205e+17 -3.1308612004644225e-22 -1.2883084342846287e-22 0.14901960784313725 0.7490196078431373 0.23529411764705882
v -0.6139901280403137 -0.6883151531219482 -0.3863137662410736 0.9176470588235294 0.7411764705882353 0.5803921568627451
v -1.257248300134961e-06 1.0996795496222182e-31 1.327879012722177e+38 0.25098039215686274 0.6431372549019608 0.9607843137254902
v 2.4102153107531665e-13 3149516.0 -1.4115373355088772e+22 0.08235294117647059 0.396078431372549 0.25098039215686274
v -7.638220090117142e-39 -359335904.0 5664.03076171875 0.7490196078431373 0.48627450980392156 0.9333333333333333
v -6.0863341374278835e+31 1.2343413080215377e-24 5.906594325778866e+28 0.12941176470588237 0.25098039215686274 0.24705882352941178
v 8.48634967121228e+24 2.899118895994161e-19 2.558591450287479e-35 0.4549019607843137 0.8823529411764706 0.24313725490196078
v 4.6032171433788617e-33 27.002944946289062 -8.591259013662727e-30 0.8235294117647058 0.7490196078431373 0.9882352941176471
v 3.46443772315979 -1.6050071716308594 1.3832124471664429 0.7019607843137254 0.6823529411764706 0.27450980392156865
v -1174618505216.0 1.514263741205609e-32 -1.8529670713501418e+35 0.09803921568627451 0.24313725490196078 0.06666666666666667
v -0.47939133644104004 -0.014257445000112057 -0.877485454082489 0.8901960784313725 0.7176470588235294 0.5647058823529412
v -6921700.5 -1.9563194240913154e-26 -2.559536665338023e-37 0.25098039215686274 0.48627450980392156 0.8392156862745098
v 5.971729847164097e-17 3.981286009797458e-23 2.2515087972624482e-36 0.9450980392156862 0.6078431372549019 0.24705882352941178
v -2.5295472038373058e-28 -9.883931719510576e-31 1.46916243060069e-10 0.7490196078431373 0.9686274509803922 0.21176470588235294
v -0.18786002695560455 -1.1848641345691228e+29 -5.3833608577857905e-12 0.17647058823529413 0.7529411764705882 0.24313725490196078
v 4.605011326930253e-06 -5.161115413716636e+28 4.4413132893605933e-11 0.10980392156862745 0.3843137254901961 0.35294117647058826
v -4.732984251669729e+29 -3.1455485535857383e-21 -4.945347309112549 0.8470588235294118 0.7490196078431373 0.8313725490196079
v 3.6720306873321533 -0.34351789951324463 2.0017900466918945 0.24313725490196078 0.403921568627451 0.16862745098039217
v 3049179136.0 -155.25067138671875 8.95632181036786e-26 0.6235294117647059 0.7450980392156863 0.2549019607843137
v -0.991606593132019 0.04302958771586418 -0.12192163616418839 0.7450980392156863 0.592156862745098 0.4196078431372549
v -8.053412942148234e-25 -1.4077430123400815e-18 0.04926058277487755 0.25098039215686274 0.7686274509803922 0.6274509803921569
v -2212418.75 -7.000155455294532e-10 -1.5136310748645697e-28 0.7294117647058823 0.7411764705882353 0.24705882352941178
v -2.0007840373784185e+26 -3.4588773250579834 -2.720330672365029e-31 0.23921568627450981 0.4392156862745098 0.9058823529411765
v 5.523416893146687e+19 3.2956193799136787e-16 6735823516991488.0 0.4666666666666667 0.615686274509804 0.7450980392156863
v 47811653632.0 2.338750404802576e-18 1.302570051822029e+27 0.12941176470588237 0.8588235294117647 0.4980392156862745
v 1.8403405843991327e-32 -1.0792788351803499e+34 1.4565198252720351e-37 0.8352941176470589 0.24705882352941178 0.7529411764705882
v 3.553510904312134 -1.8885284662246704 1.3703720569610596 0.7529411764705882 0.9019607843137255 0.5803921568627451
v 8.353664869751117e+26 11354031.0 -1.0242724723941166e-10 0.592156862745098 0.7411764705882353 0.4117647058823529
v 0.14728081226348877 0.2188798487186432 -0.9645724296569824 0.8274509803921568 0.6509803921568628 0.5333333333333333
v -2009049.375 -2.6911222448688932e-05 4.605708526269128e+31 0.25098039215686274 0.23529411764705882 0.2784313725490196
v -9.629649147964328e-35 -3.794525857109725e-29 -95.38084411621094 0.9450980392156862 0.1411764705882353 0.25098039215686274
v 22298530676736.0 -2.5406023351214785e-30 1.858108504772758e-31 0.7490196078431373 0.5843137254901961 0.06274509803921569
v -1.4150335924895956e+22 6722370605678592.0 -5.7483804338720725e-34 0.26666666666666666 0.1411764705882353 0.7490196078431373
v -207194.984375 3.238349721357517e+16 -4.1375281585693194e-33 0.25098039215686274 0.8784313725490196 0.5254901960784314
v 8.107999161085489e-20 -8.30783978216058e+31 -8.699373136648186e+31 0.9058823529411765 0.24705882352941178 0.4117647058823529
v 3.5694918632507324 -0.7970805168151855 1.614719271659851 0.807843137254902 0.3137254901960784 0.6235294117647059
v 6.710852146148682 -2.9466636460565344e-31 -2099.923828125 0.1843137254901961 0.24705882352941178 0.6078431372549019
v 0.3428516983985901 0.252640962600708 -0.9047791361808777 0.7725490196078432 0.6 0.45098039215686275
v 1.0109217891413641e+26 -5.978413448209997e-38 2703911288832.0 0.25098039215686274 0.7450980392156863 0.7019607843137254
v -36566319759360.0 -5.5444408748837175e+19 -8.647798449556987e-11 0.611764705882353 0.1568627450980392 0.25098039215686274
v 1.1725256737847907e+21 -6.913975867679072e+23 -1.5574910342948454e+17 0.7450980392156863 0.32941176470588235 0.08627450980392157
v 3.6223528343395826e+24 7.870802011997869e+36 -7.224018221661252e+24 0.44313725490196076 0.19215686274509805 0.7490196078431373
v 3.68049839159804e+28 -2.3439239438260984e-09 -4.459177070296297e-30 0.6627450980392157 0.2235294117647059 0.5568627450980392
v 7.552601684462599e-29 3.0935647682820364e+32 9.3712967668268e+29 0.5686274509803921 0.24705882352941178 0.7372549019607844
v 3.7753241062164307 1.132913589477539 1.3171887397766113 0.4470588235294118 0.33725490196078434 0.3333333333333333
v 369148.6875 -2095657754034176.0 6584875520.0 0.043137254901960784 0.23921568627450981 0.9254901960784314
v 0.15917252004146576 0.18108020722866058 -0.9705020189285278 0.8549019607843137 0.6901960784313725 0.5764705882352941
v -1.8119756339692135e-23 219.74771118164062 -5.081400822761138e-38 0.25098039215686274 0.9529411764705882 0.6352941176470588
v 1.57494784733313e-20 12902276096.0 -8.95065766740171e-36 0.9921568627450981 0.23921568627450981 0.25098039215686274
v -3.124316396852902e+22 -1.2143939839832785e+36 2.794567337847036e-20 0.7490196078431373 0.8313725490196079 0.9882352941176471
v -6.346237802870603e-22 -3.5536220366338966e-07 25483624448.0 0.8901960784313725 0.4117647058823529 0.7490196078431373
v -5.002898216247559 2.815945595952929e+19 -8.746084775466609e-14 0.15294117647058825 0.8784313725490196 0.44313725490196076
v -1.1037217897401496e+20 -4133211340800.0 -247231217664.0 0.6588235294117647 0.7490196078431373 0.9176470588235294
v 3.852588176727295 -0.1336972713470459 1.9021086692810059 0.8156862745098039 0.9019607843137255 0.058823529411764705
v 7.595756482502441e+30 1594.0084228515625 -4.7605254708257465e-33 0.4470588235294118 0.7490196078431373 0.9450980392156862
v -0.9572088122367859 -0.27831265330314636 -0.07933048903942108 0.6901960784313725 0.5215686274509804 0.4
v 1.1715526397892972e-06 -9.536695841664763e-14 1.4714337606820551e+27 0.25098039215686274 0.30980392156862746 0.5137254901960784
v -1.855409834229499e-33 -12616129.0 -9.01387349213984e-36 0.6705882352941176 0.6627450980392157 0.24705882352941178
v -6.089385986328125 -2.7249649412937107e-31 6412992000.0 0.7490196078431373 0.34509803921568627 0.07450980392156863
v 2.4202002201287872e-27 7.371955861033714e+27 1.4755109633589932e+28 0.5529411764705883 0.39215686274509803 0.7490196078431373
v -0.0016595495399087667 1.3574027403267137e+26 -2.510135713477787e-34 0.9607843137254902 0.4 0.2784313725490196
v -401451136.0 2.4038845120119163e-27 -1.4924539470939635e-07 0.5098039215686274 0.7411764705882353 0.5490196078431373
v 4.295202255249023 0.15693342685699463 1.3130494356155396 0.058823529411764705 0.0196078431372549 0.10980392156862745
v -9.074476383916623e-17 -4.607346029693409e-22 -1.8917634646029548e-37 0.08627450980392157 0.7490196078431373 0.16470588235294117
v -0.46726343035697937 0.06285741180181503 -0.8818808197975159 0.8313725490196079 0.6313725490196078 0.4745098039215686
v -1.9392612283082342e+17 nan -1.842723634709196e-31 0.25098039215686274 0.3607843137254902 0.7725490196078432
v 6.708156305723645e-16 -2.2613651495073267e-36 -4.642590217708955e+26 0.13333333333333333 0.7176470588235294 0.24705882352941178
v -7.707970365121517e-32 -35472124.0 25883774.0 0.7490196078431373 0.6705882352941176 0.8470588235294118
v -2.728747783287133e-12 -3.103833086314521e+34 47.69844436645508 0.5607843137254902 0.9411764705882353 0.24313725490196078
v 5.047119247881158e-21 2.4171525225824553e-08 4.184494943520928e-34 0.8549019607843137 0.6784313725490196 0.5568627450980392
v -4.7287231659449064e+29 8.858630907353592e+23 -525318.4375 0.5607843137254902 0.23137254901960785 0.8235294117647058
v 4.211725234985352 0.10660839080810547 1.481618046760559 0.5686274509803921 0.30196078431372547 0.9333333333333333
v 2.313803620726549e+35 -3.9413836002349854 -2.5965338212863287e-10 0.29411764705882354 0.7450980392156863 0.29411764705882354
v -0.24972936511039734 0.013738327659666538 -0.968218207359314 0.8627450980392157 0.6549019607843137 0.5098039215686274
v -1.1529751846321015e+26 1.513470552410637e+36 -8.818420468532399e-23 0.25098039215686274 0.17254901960784313 0.3764705882352941
v 8.814392441024714e+37 2.1658710901889434e+17 6595603857408.0 0.7176470588235294 0.6862745098039216 0.24705882352941178
v -4.984217147352161e-17 -14192063.0 3.4116291627790974e+25 0.7490196078431373 0.996078431372549 0.5882352941176471
v 2.7251872633526908e-12 -6415321600.0 2.50499279013753e+38 0.8941176470588236 0.2196078431372549 0.7490196078431373
v nan 7497183.0 -4.1818896709399994e-36 0.8862745098039215 0.16862745098039217 0.5254901960784314
v 5.981462478637695 -8067.8974609375 24674570.0 0.34901960784313724 0.24705882352941178 0.5333333333333333
v 2.9098262786865234 0.7536342144012451 3.2060134410858154 0.9607843137254902 0.00784313725490196 0.33725490196078434
v 1016830.8125 -3.91241103099918e-13 -3.249033885604991e-29 0.14901960784313725 0.24705882352941178 0.00392156862745098
v 0.07657423615455627 0.4087214171886444 -0.9094411730766296 0.8509803921568627 0.6745098039215687 0.5568627450980392
v 5.331912657691573e-35 5.1337896335037314e+35 15434.5908203125 0.25098039215686274 0.16470588235294117 0.7764705882352941
v 1.6016938083241915e-17 5.916968752626897e-39 -3.495321436730592e-07 0.5333333333333333 0.9764705882352941 0.24705882352941178
v -7.710276861416787e-10 378410140434432.0 71.77783203125 0.24313725490196078 0.5372549019607843 0.7529411764705882
v -9.267132878885956e+26 9.409847144478399e+29 0.023333972319960594 0.13333333333333333 0.24705882352941178 0.7490196078431373
v -2.1983813004137455e-25 2.9116531062865086e+30 -8.06238501221072e-23 0.2196078431372549 0.8862745098039215 0.26666666666666666
v -5.29461364142292e-15 1.8835728435975286e-19 8.494784192738404e+21 0.5411764705882353 0.24705882352941178 0.5647058823529412
v 4.853516101837158 1.1706279516220093 1.360561490058899 0.37254901960784315 0.3568627450980392 0.48627450980392156
v -3.7286376603001936e-35 -1.2984696641969508e+20 254.7477264404297 0.8156862745098039 0.23529411764705882 0.4666666666666667
v 0.12831978499889374 0.04916474595665932 -0.9905134439468384 0.0784313725490196 0.058823529411764705 0.058823529411764705
v 8.268753326188212e+27 -2021344.75 2961787167178752.0 0.25098039215686274 0.43137254901960786 0.09803921568627451
v -4.111804809979631e-18 2.317154668150048e-33 3.2476517055873207e-19 0.7294117647058823 0.7529411764705882 0.24705882352941178
v -591770157056.0 -1.0623129058109205e-32 1.628075098374751e-29 0.24705882352941178 0.25882352941176473 0.6862745098039216
v 5.953894020707937e+28 4.6006681573475004e-33 49543652.0 0.8196078431372549 0.29411764705882354 0.7490196078431373
v -1.105142422019867e-09 2.5517421659999385e+26 7.629023740213851e-27 0.1450980392156863 0.41568627450980394 0.5215686274509804
v -421054468063232.0 -6.102387240306797e-21 1.6432709891192006e+38 0.7411764705882353 0.7490196078431373 0.17647058823529413
v 4.2062530517578125 -0.21720445156097412 1.8253803253173828 0.011764705882352941 0.1803921568627451 0.6431372549019608
v 8531175424.0 -5.248041831025072e+21 3.366633904988703e-07 0.807843137254902 0.7411764705882353 0.4588235294117647
v -0.48421505093574524 0.37257879972457886 -0.791657030582428 0.6196078431372549 0.3058823529411765 0.27450980392156865
v 5.307680960205715e-31 -2.7848497956997416e-31 -3.1715628500459357e-37 0.25098039215686274 0.16470588235294117 0.0392156862745098
v 9.80969275587995e-07 5.902633469336854e-39 8.892474197545386e+23 0.6039215686274509 0.27058823529411763 0.25098039215686274
v -3.198707076990104e-09 -0.21748824417591095 -753045440.0 0.7450980392156863 0.25098039215686274 0.29411764705882354
v -8.837001187948243e+20 -4.1381496853088324e-17 -4.714102862616752e-30 0.2980392156862745 0.043137254901960784 0.7490196078431373
v 0.15013214945793152 1.5924623715906487e+31 nan 0.7333333333333333 0.9803921568627451 0.35294117647058826
v -3.0211494888268975e-28 0.3131980299949646 5.224800361247617e-07 0.6235294117647059 0.24705882352941178 0.17254901960784313
v 4.321483135223389 -2.5579676628112793 2.1369800567626953 0.00784313725490196 0.29411764705882354 0.788235294117647
v -1.4897939453178806e+19 3.355521052546507e+35 7.748936326829141e+26 0.8666666666666667 0.7450980392156863 0.7254901960784313
v -0.20701390504837036 -0.8273028135299683 -0.5222215056419373 0.2549019607843137 0.21176470588235294 0.13725490196078433
v 103746338816.0 1.0444814284304993e-11 -5.352876280020696e-37 0.25098039215686274 0.4588235294117647 0.6
v -6.404899187667496e-17 2.2730501385989882e+23 1.3307420173330644e-15 0.47843137254901963 0.8313725490196079 0.24705882352941178
v 60180135936.0 -1.0845338165154073e+27 -1.809572390552175e-35 0.7450980392156863 0.09019607843137255 0.09803921568627451
v 1.447263863530931e+25 5.560761628942146e-09 -6225974.0 0.5333333333333333 0.3137254901960784 0.7490196078431373
v 5.0098686757293146e+32 -1.2965793488435337e+31 8.122503136741077e+22 0.2901960784313726 0.3137254901960784 0.6078431372549019
v 1.9800342456731358e-23 4.627328872680664 7.853471802185824e+35 0.5176470588235295 0.24705882352941178 0.6392156862745098
v 4.215847015380859 1.9110784530639648 1.1933789253234863 0.09411764705882353 0.23137254901960785 0.08235294117647059
v -2.1377292761208075e-23 -2.959454892664771e+28 -5265526620160.0 0.4745098039215686 0.23921568627450981 0.9372549019607843
v 0.533039927482605 0.799550473690033 -0.2767445743083954 0.7137254901960784 0.47843137254901963 0.34901960784313724
v -1.3401848519833948e-08 -1.6643584288544844e-09 nan 0.25098039215686274 0.19607843137254902 0.5529411764705883
v -1.3940822214589962e-20 -4.176204294825457e-17 -2.2490666691433894e+23 0.027450980392156862 0.6352941176470588 0.24705882352941178
v -2.661405596882105e-05 -1462.3201904296875 2.0659193829556698e-33 0.24705882352941178 0.27058823529411763 0.39215686274509803
v -1.5557937713603024e+34 2.2822898245067336e-05 -1.518723149859577e-25 0.09019607843137255 0.611764705882353 0.7450980392156863
v -7.319931041953612e+18 5.762848417019784e+22 253976625152.0 0.996078431372549 0.12156862745098039 0.49019607843137253
v -1644634701824.0 -9.998375612883226e+33 -4.5227800171687704e-08 0.6588235294117647 0.7490196078431373 0.7019607843137254
v 3.0289218425750732 0.020636558532714844 3.3797974586486816 0.396078431372549 0.788235294117647 0.7294117647058823
v 2.0623676064344864e+30 -4864174479900672.0 -0.4770365059375763 0.058823529411764705 0.7411764705882353 0.33725490196078434
v 0.3549509346485138 -0.06703394651412964 -0.9324786067008972 0.788235294117647 0.615686274509804 0.45098039215686275
v -4.679825228749595e-37 1012527464448.0 -6.893510883991857e-32 0.25098039215686274 0.25882352941176473 0.7333333333333333
v 0.17018255591392517 -3.9980704825477176e+36 -412363554816.0 0.5490196078431373 0.7568627450980392 0.24705882352941178
v 5.678596737305987e-28 3.461077812103141e-35 -1.1645243568963098e-25 0.24313725490196078 0.9333333333333333 0.9803921568627451
v -1.4162193902714822e+22 -5.894089012452402e-31 2.4757093418805423e+35 0.1411764705882353 0.0196078431372549 0.7490196078431373
v 1.0952983436914087e+24 1.6378419035345933e+25 2.4462960350999264e+34 0.9725490196078431 0.4627450980392157 0.49019607843137253
v -420190240112640.0 -7.347789158876285e-20 605037184.0 0.5411764705882353 0.7450980392156863 0.00784313725490196
v 3.9027938842773438 1.3466382026672363 1.3694325685501099 0.2823529411764706 0.8235294117647058 0.5529411764705883
v 1.6115529211056519e-15 -1.968271051429323e+25 -9.433928994169307e-34 0.33725490196078434 0.23529411764705882 0.796078431372549
v 0.3094651401042938 0.6081761121749878 -0.730994701385498 0.7019607843137254 0.5568627450980392 0.4470588235294118
v 1.1734324693662663e+37 -6.12529811375991e-38 1.6906779902477158e+25 0.25098039215686274 0.9882352941176471 0.6549019607843137
v 3.429674942935575e-24 2.1678608626378342e+17 763.541748046875 0.9333333333333333 0.5450980392156862 0.24705882352941178
v -4.02271955423361e+27 -5.678110392182134e-05 4.533607889022454e-27 0.7490196078431373 0.1803921568627451 0.596078431372549
v 1.4450500139395935e-34 -6393998848.0 -0.0028971864376217127 0.3254901960784314 0.4549019607843137 0.7490196078431373
v -1.6220612934500352e+16 2.215746917499928e-06 2.1230093926314095e-27 0.24313725490196078 0.6862745098039216 0.5607843137254902
v -1.2355700574890325e-24 5.2416632927721656e+36 3.122710953657737e+23 0.08235294117647059 0.24705882352941178 0.9098039215686274
v 4.18290376663208 -2.096587657928467 1.6627755165100098 0.03529411764705882 0.9803921568627451 0.10980392156862745
v -3.243986413367327e-33 -254260738523136.0 6.131166425985747e-23 0.26666666666666666 0.7450980392156863 0.11372549019607843
v -0.6713833212852478 0.277734637260437 -0.6871010661125183 0.23529411764705882 0.16470588235294117 0.0784313725490196
v 6.680487049093273e-20 1.841656995793528e-07 -8.573784342085489e-37 0.25098039215686274 0.18823529411764706 0.5294117647058824
v 1.874088845479814e-28 -5.5471417152461865e+19 -6.635439056597455e-16 0.08235294117647059 0.6745098039215687 0.24705882352941178
v -3055285115551744.0 -4.82693813808055e-08 3.684758980257901e+34 0.24313725490196078 0.8549019607843137 0.7725490196078432
v 1.7473887614638528e-10 7.373155484671155e-32 -6.762410726876555e-13 0.7607843137254902 0.6705882352941176 0.7450980392156863
v -2.37266141956038e-34 1.6111294778127317e+27 5.098889424922201e-22 0.39215686274509803 0.6745098039215687 0.5450980392156862
v -7.761160470366372e+33 8.577273122935966e-32 -119936.5390625 0.6039215686274509 0.7490196078431373 0.20392156862745098
v 4.127936363220215 -1.185706377029419 1.5738263130187988 0.7254901960784313 0.30196078431372547 0.15294117647058825
v -5922765.5 -688268574720.0 3.102934788403626e+18 0.7686274509803922 0.24313725490196078 0.803921568627451
v -0.2040872424840927 -0.9277383685112 -0.3124898672103882 0.29411764705882354 0.2 0.10588235294117647
v -1.723190487936341e-35 1.762102685987088e-10 -5.2975383100554e-33 0.25098039215686274 0.8313725490196079 0.30196078431372547
v 1.6415788175671596e+23 -807845184.0 2.3627084743618213e-30 0.7568627450980392 0.8235294117647058 0.24705882352941178
v -8.291331845786527e+24 -7700053504.0 4.083066578020887e-20 0.24705882352941178 0.34901960784313724 0.34509803921568627
v 9.016457800398911e-36 1.0113150558751664e-20 4.6873877254363704e+29 0.36470588235294116 0.34509803921568627 0.7490196078431373
v -2.9812863929150773e+28 5.308700565365143e-05 1.6849720230194265e-10 0.8274509803921568 0.5137254901960784 0.5411764705882353
v -5.562089899768807e-09 5.069476920549599e+21 0.0001986046991078183 0.6705882352941176 0.7450980392156863 0.3607843137254902
v 4.242488861083984 -0.3383309841156006 1.9451675415039062 0.9372549019607843 0.7372549019607844 0.9686274509803922
v 1.6707091764815827e+33 1.7178890192675547e-20 -144307596034048.0 0.14901960784313725 0.7490196078431373 0.1803921568627451
v -0.9418075084686279 0.062210969626903534 -0.33034589886665344 0.2235294117647059 0.20784313725490197 0.19607843137254902
v -1.252858812281997e+23 4.1324239169471255e-11 -1.4662139461252811e-30 0.25098039215686274 0.5803921568627451 0.596078431372549
v -8388607.5 807629056.0 -7.246023457958931e+24 0.592156862745098 0.9372549019607843 0.24705882352941178
v -6.2256916823839605e+19 1.607022505830258e-17 5.399390813412401e+22 0.24313725490196078 0.8509803921568627 0.5686274509803921
v 192.14926147460938 -1.0722950213166694e+17 -387436.625 0.996078431372549 0.4666666666666667 0.24705882352941178
v 1.4499325560758483e-24 1.5780705908685633e-10 -2.7116626578960767e-28 0.2823529411764706 0.5333333333333333 0.37254901960784315
v -6.036147557411422e-28 4.283551005564341e-34 7.279256351466756e-06 0.7333333333333333 0.7490196078431373 0.03137254901960784
v 3.1831302642822266 -1.430450677871704 2.218600273132324 0.4666666666666667 0.6078431372549019 0.24313725490196078
v -3466019733504.0 4.426194438271795e+16 -61375.33984375 0.9607843137254902 0.24313725490196078 0.16862745098039217
v -0.7512305974960327 0.6555153727531433 -0.07714983075857162 0.5686274509803921 0.4 0.3058823529411765
v 4.158875130313169e+36 -6.373245681201567e-12 1.873754730707026e+19 0.25098039215686274 0.03137254901960784 0.7333333333333333
v -5.543868249227972e+19 -4.3776683666951755e-11 -4.730369823641171e-30 0.15294117647058825 0.13333333333333333 0.25098039215686274
v -1990.9453125 6.646802532980463e-16 -8.5693972755933e-22 0.7450980392156863 0.11764705882352941 0.4627450980392157
v -2.2582491998212786e-36 1.7208222840101274e+18 -3.4387737431601316e+18 0.9686274509803922 0.20392156862745098 0.24705882352941178
v 3.5916190714440415e+26 106032.4765625 1.5553462807949015e+36 0.14901960784313725 0.3568627450980392 0.3176470588235294
v -801160896.0 2.4290020746481116e+33 3.941423177719116 0.7058823529411765 0.7490196078431373 0.09411764705882353
v 3.0869789123535156 -1.4710361957550049 1.8125613927841187 0.09019607843137255 0.5725490196078431 0.22745098039215686
v 3803.986083984375 5.1246573770646285e-24 -0.00011479522072477266 0.6784313725490196 0.23921568627450981 0.7686274509803922
v -0.9282474517822266 0.2186921238899231 -0.3008826971054077 0.2901960784313726 0.2235294117647059 0.17647058823529413
v -3.834308863696342e+25 1.1190308235597968e-08 3.080052072468843e+32 0.25098039215686274 0.07058823529411765 0.14901960784313725
v 0.06573068350553513 -5.911884841798326e-39 1.7269875205849743e+18 0.9254901960784314 0.12156862745098039 0.25098039215686274
v -6.164220394566655e-06 8.99218539927147e-26 4.051984039667727e-25 0.7490196078431373 0.1843137254901961 0.3764705882352941
v 1.788570500593778e-07 -1.9780529426235827e-23 3.081257764170105e+34 0.9490196078431372 0.0784313725490196 0.24705882352941178
v 7.167492710458134e-10 1.0028398576726581e+23 0.05188344791531563 0.8980392156862745 0.8470588235294118 0.27058823529411763
v 191.46530151367188 -6.879418849945068 8.673722411969495e-15 0.807843137254902 0.7490196078431373 0.4235294117647059
v 3.4860925674438477 -1.4585800170898438 2.4596893787384033 0.396078431372549 0.8823529411764706 0.9725490196078431
v -3.556474581500879e-08 -2.062432613350898e+27 -1.0473586866670681e+32 0.5058823529411764 0.7411764705882353 0.4588235294117647
v -0.0910518541932106 -0.04698751121759415 0.9947370290756226 0.7843137254901961 0.49411764705882355 0.3843137254901961
v 1.4467308408324924e-27 -2.5750287485363354e-37 3370649800146944.0 0.25098039215686274 0.9019607843137255 0.32941176470588235
v 5.5207744691295827e-17 -9.941875148981093e-24 4.839065770806114e-27 0.4666666666666667 0.06274509803921569 0.25098039215686274
v -6.316849976428784e-08 -1.3318435139153548e+38 1.6030771882664169e+35 0.7490196078431373 0.9372549019607843 0.6705882352941176
v -6.357177347250974e-22 5.870882373725461e+28 -11.890826225280762 0.4235294117647059 0.47843137254901963 0.24705882352941178
v -2.5316842368751632e+19 -1.0629144209275108e-19 -1.5489156983631175e-32 0.10196078431372549 0.8470588235294118 0.3764705882352941
v -7.044799064260712e+21 4.015695762027427e-11 6.4388029686811775e-21 0.7568627450980392 0.7490196078431373 0.054901960784313725
v 3.5439791679382324 -1.4348230361938477 2.615891695022583 0.01568627450980392 0.4745098039215686 0.6745098039215687
v 383860310016.0 7.207260948866865e-37 -5.651312885826968e-33 0.34509803921568627 0.24313725490196078 0.2235294117647059
v -0.6206549406051636 -0.02357940748333931 0.7837291955947876 0.792156862745098 0.5882352941176471 0.4823529411764706
v 9.351851690866779e+27 -9.647487073539268e-14 6543.44140625 0.25098039215686274 0.8392156862745098 0.10980392156862745
v 0.6493884325027466 -5.54614511790677e+19 4.861282601376513e+32 0.12549019607843137 0.14901960784313725 0.25098039215686274
v 3.610458591015527e-24 3.7211941875664714e+29 -4.902897637324918e-29 0.7450980392156863 0.7137254901960784 0.5490196078431373
v 9.086670134053542e+23 5.058641211423297e-21 1.256215225010184e-21 0.0784313725490196 0.28627450980392155 0.24705882352941178
v -6.78198232097779e-15 -1.0688262511095972e+18 5.164238637489779e+24 0.6941176470588235 0.47843137254901963 0.22745098039215686
v -1658799182053376.0 -1.0932562899729521e-26 96894931959808.0 0.13333333333333333 0.24705882352941178 0.1568627450980392
v 2.9262595176696777 0.6379455327987671 3.118199348449707 0.48627450980392156 0.8 0.43137254901960786
v 1.4169035851563112e-14 -4.3115367397610506e+24 -4.610991016410702e-20 0.8196078431372549 0.7372549019607844 0.9254901960784314
v -0.9129337072372437 -0.3898390531539917 -0.12073768675327301 0.050980392156862744 0.0392156862745098 0.03137254901960784
v 1.0384097252074565e+27 4.25041813608298e-34 0.005966905038803816 0.25098039215686274 0.7058823529411765 0.0196078431372549
v -217359564800.0 -1.5600777866602534e+34 2.8477384148573037e-06 0.09411764705882353 0.44313725490196076 0.25098039215686274
v 2.495779683952652e-20 1.2481744958116591e+26 6.54270086027393e-19 0.7490196078431373 0.6941176470588235 0.7607843137254902
v -4.171606163236397e-17 1.7578762346732244e-38 1.707350517790802e+18 0.5803921568627451 0.792156862745098 0.24313725490196078
v 6.073557889257897e-12 3.737210817033011e+16 -1.09611265307397e-30 0.5058823529411764 0.7254901960784313 0.2196078431372549
v -2.6849809809801216e+16 3.454997305417966e-21 6.298547792377995e+26 0.14901960784313725 0.24705882352941178 0.8823529411764706
v 2.9229633808135986 0.6597652435302734 2.8592255115509033 0.7529411764705882 0.4745098039215686 0.47058823529411764
v -2.2002543851577377e-21 -0.8291081786155701 -2.8918473271262566e-24 0.5019607843137255 0.7372549019607844 0.9568627450980393
v -0.9086549878120422 -0.4106712341308594 -0.07546686381101608 0.050980392156862744 0.03529411764705882 0.03137254901960784
v -39236141056000.0 1.414417383507413e+27 1051.259033203125 0.25098039215686274 0.6352941176470588 0.8901960784313725
v 3.3751521186786704e-06 -3.631123396455503e+24 12827613184.0 0.8666666666666667 0.38823529411764707 0.25098039215686274
v 5.4882585021759356e-15 1835299520905216.0 nan 0.7490196078431373 0.44313725490196076 0.9882352941176471
v 5.412368751054029e+16 -25693743104.0 2.5125092098931453e-21 0.8156862745098039 0.6862745098039216 0.7450980392156863
v -201.08103942871094 -6.019671486531543e-37 2.5399672116666383e-35 0.47058823529411764 0.19215686274509805 0.23137254901960785
v -3.776487115768108e-29 3.896795133987325e+24 0.0002329358976567164 0.13725490196078433 0.24705882352941178 0.7529411764705882
v 2.9171805381774902 0.675806999206543 2.8408854007720947 0.5137254901960784 0.1411764705882353 0.4666666666666667
v 1582666219520.0 9.294287224032219e+27 -1.6843892842400491e-15 0.5686274509803921 0.7411764705882353 0.3843137254901961
v -0.8863794803619385 -0.1390143781900406 0.44159528613090515 0.6274509803921569 0.4627450980392157 0.33725490196078434
v 2.6587110824038973e-07 -2.3452405992154153e-14 6.450995715567842e-05 0.25098039215686274 0.10980392156862745 0.6588235294117647
v 1.3703876617346149e+27 4.5830438466509804e-05 9.883246217644162e-24 0.996078431372549 0.29411764705882354 0.25098039215686274
v 1.6269763314369357e-11 0.00011812196316896006 1.7386744057759237e+32 0.7490196078431373 0.26666666666666666 0.5686274509803921
v 2.4977906269140804e+35 -1.8481367874466141e+27 4.6751900499435156e-30 0.10980392156862745 0.30196078431372547 0.24705882352941178
v 6.771696803298255e-07 -202.6200408935547 3.909350078837021e-37 0.054901960784313725 0.023529411764705882 0.23137254901960785
v -2.3588293430041077e-30 1.7034261202731008e+17 -3.974620513801575e-22 0.13725490196078433 0.24705882352941178 0.16470588235294117
v 2.9345924854278564 0.6582882404327393 3.5835795402526855 0.0784313725490196 0.08235294117647059 0.3137254901960784
v 0.07238610088825226 -2.7958888477328816e-21 5.293194562792283e-28 0.796078431372549 0.7372549019607844 0.1843137254901961
v -0.9633488655090332 0.02932237833738327 -0.2666442394256592 0.8666666666666667 0.6980392156862745 0.5568627450980392
v 3.5000962994007337e+21 4.160142006649752e-34 0.0012532479595392942 0.25098039215686274 0.9803921568627451 0.3137254901960784
v -6.868030270916145e-27 1.3873299069696213e+19 1.500381350517273 0.1450980392156863 0.10588235294117647 0.25098039215686274
v -3.877564633874784e+25 -4008.046630859375 -156788310016.0 0.24313725490196078 0.9647058823529412 0.3176470588235294
v 9.976080634640106e+35 1.1092074814200714e-08 7.20771302928235e+24 0.17254901960784313 0.3764705882352941 0.24705882352941178
v -1.1268961334793745e-22 1.8473008444901076e-19 -3.0191755415971368e-25 0.5803921568627451 0.3254901960784314 0.5529411764705883
v 47.810550689697266 -1.15148935568718e-34 1.2832194566726685 0.12549019607843137 0.7490196078431373 0.18823529411764706
v 4.410730361938477 -0.629638671875 2.642026424407959 0.6196078431372549 0.45098039215686275 0.6588235294117647
v 0.0298153143376112 4.3763344885415616e+27 3.5986826233338073e-25 0.1607843137254902 0.24313725490196078 0.2901960784313726
v -0.8702837824821472 -0.02176378294825554 0.4920696020126343 0.7098039215686275 0.5450980392156862 0.41568627450980394
v 3.439494679190569e+17 -5.63094268444858e-18 52.94678497314453 0.25098039215686274 0.8 0.4392156862745098
v 4.514142418778035e-28 -1.3526185602449408e+16 0.18724261224269867 0.3254901960784314 0.0784313725490196 0.25098039215686274
v -1.6079663189091811e-18 9.74035251727112e+27 5.29329469145523e-10 0.7490196078431373 0.9803921568627451 0.9529411764705882
v 1.707984746473698e-13 1682176152174592.0 -1.9803836641674008e+36 0.29411764705882354 0.07058823529411765 0.7490196078431373
v -2.912812988142832e-06 1.6348314602510072e-05 1.493313378305047e+30 0.9372549019607843 0.10980392156862745 0.21176470588235294
v 4.8846760289350814e-24 1.542779741829745e-34 11291120640.0 0.7294117647058823 0.24705882352941178 0.9568627450980393
v 3.1470837593078613 1.2660136222839355 3.850733757019043 0.09803921568627451 0.788235294117647 0.9411764705882353
v -112767.375 1.3333270043602852e-09 2.926462385117867e-19 0.9333333333333333 0.7411764705882353 0.14901960784313725
v -0.42675143480300903 -0.6322498321533203 0.6466400027275085 0.5843137254901961 0.4392156862745098 0.32941176470588235
v -2739826210111488.0 2.2794801528747398e-21 39.15438461303711 0.25098039215686274 0.47058823529411764 0.9607843137254902
v 2.49088972545286e+21 0.011732680723071098 -1.4488629656578207e+25 0.12156862745098039 0.06274509803921569 0.25098039215686274
v -2.3243768021430355e-12 548466032640.0 5.534129741135985e-07 0.7490196078431373 0.3607843137254902 0.11372549019607843
v 6.988147838171699e-10 1.0773600762488422e+17 -2.4192162746944393e+32 0.3215686274509804 0.41568627450980394 0.7450980392156863
v 4.782483462457114e+32 98332.4921875 8.750366159339938e+25 0.2823529411764706 0.803921568627451 0.2196078431372549
v 1.1692988373166176e-30 3.7229618312414404e-23 206080.859375 0.7490196078431373 0.24705882352941178 0.3686274509803922
v 3.044238805770874 1.3954170942306519 3.115422248840332 0.23529411764705882 0.25098039215686274 0.49019607843137253
v -2.5131057092645965e+32 828416.6875 3.1075007495683566e-20 0.2196078431372549 0.24313725490196078 0.03137254901960784
v -0.8132571578025818 0.13454961776733398 -0.5661354064941406 0.0392156862745098 0.03529411764705882 0.03137254901960784
v -1.5252825543355033e-34 -1.7191564438689966e-06 56227.59375 0.25098039215686274 0.8901960784313725 0.5490196078431373
v 3.989672224507298e+18 -4.3748286243650014e-11 -1608334464.0 0.2980392156862745 0.14901960784313725 0.25098039215686274
v -3.4802951631718315e-08 4.697015457514873e-21 4.580501817075175e-33 0.7490196078431373 0.4627450980392157 0.40784313725490196
v 9.295067152371655e+26 3.0325396436188735e+31 1.8466328612957728e+27 0.8901960784313725 0.6 0.7411764705882353
v -1.0180266087261398e-20 1.610683278682939e-24 2.172244079349959e+25 0.43529411764705883 0.8117647058823529 0.22745098039215686
v -1.4741085896952906e-31 4.384257223932764e-08 -3.664141850968169e+19 0.6078431372549019 0.24705882352941178 0.3058823529411765
v 3.0392508506774902 1.4796314239501953 2.0324888229370117 0.49019607843137253 0.3764705882352941 0.3254901960784314
v 1694351491072.0 -259329.8125 -1.0177114745602012e-05 0.1803921568627451 0.7450980392156863 0.16470588235294117
v -0.80997234582901 0.1669931411743164 -0.5621903538703918 0.35294117647058826 0.27058823529411763 0.21176470588235294
v -1.03536198205257e-38 -7.740512261724031e-29 9.140972137451172 0.25098039215686274 0.9098039215686274 0.9450980392156862
v 1.6054281182513569e-31 -1.1190837589936109e-08 -1.5482789330093302e-25 0.807843137254902 0.28627450980392155 0.25098039215686274
v -70.95751953125 -1294253900693504.0 1.5824513870594048e+16 0.7490196078431373 0.8941176470588236 0.8823529411764706
v 3.6070626736410644e-35 1682652759326720.0 -6.332312283368237e+37 0.8392156862745098 0.03529411764705882 0.7490196078431373
v 1.0519586696504694e+25 995004288.0 -3.1003335515262745e-25 0.8431372549019608 0.8588235294117647 0.4
v -2.5247229097276743e+38 3.754280993593398e+23 5.2798026618642786e+32 0.5215686274509804 0.7450980392156863 0.9411764705882353
v 2.970740556716919 0.8435807228088379 2.972841501235962 0.7372549019607844 0.792156862745098 0.49019607843137253
v 8.44303816419662e+27 1.365049272075705e-36 -7.554640799144598e-16 0.44313725490196076 0.23921568627450981 0.803921568627451
v -0.8933762311935425 0.012032797560095787 -0.4491482079029083 0.0196078431372549 0.011764705882352941 0.00784313725490196
v -1.3144052028656006 1.254781621476772e+27 60459.375 0.25098039215686274 0.6549019607843137 0.8470588235294118
v 9.872532791277422e-10 5.914998526986056e-39 6.84728507803317e+18 0.4196078431372549 0.03137254901960784 0.25098039215686274
v 4.974971545834705e-10 24032348995584.0 1.5284773446921918e-11 0.7490196078431373 0.6078431372549019 0.7450980392156863
v -1.62656550083183e-19 7.197120857224775e-35 2.1210500369961416e-11 0.9098039215686274 0.050980392156862744 0.7490196078431373
v 3.7930477851943894e+34 7.596084272434669e+20 -2.6460228604328435e-34 0.5490196078431373 0.7607843137254902 0.3176470588235294
v -1.8070519846022484e+24 -7.050795630034649e-26 1.544007715628278e+33 0.5529411764705883 0.24705882352941178 0.40784313725490196
v 3.141420841217041 1.390949010848999 1.7935439348220825 0.5568627450980392 0.42745098039215684 0.3686274509803922
v 0.7744079232215881 3.6762090235825724e+33 -507418677084160.0 0.6470588235294118 0.24313725490196078 0.6627450980392157
v -0.8232739567756653 0.4023343324661255 -0.4004335403442383 0.054901960784313725 0.050980392156862744 0.050980392156862744
v 2.5003095288411714e-05 -125310.2890625 42.522151947021484 0.25098039215686274 0.0 0.4745098039215686
v 6.116019685608653e+18 -2.3714819880381666e-30 0.02341817505657673 0.7058823529411765 0.13333333333333333 0.25098039215686274
v -8188.03125 -1.008684031441213e+30 -2.7277750981812764e+24 0.7450980392156863 0.7725490196078432 0.8588235294117647
v -9.469524445704456e-30 -1.722615312597123e+18 -1.8793707384449513e-29 0.9137254901960784 0.09019607843137255 0.7490196078431373
v -2.6327101485213182e-23 3.0186789193418508e-21 4.124074533888662e-34 0.3333333333333333 0.9098039215686274 0.21568627450980393
v 1.8841458410008164e-29 7.173010629912824e-08 -6.163183570606634e-05 0.5647058823529412 0.24705882352941178 0.7372549019607844
v 3.181306838989258 -1.5259208679199219 1.515787959098816 0.22745098039215686 0.25098039215686274 0.21568627450980393
v -4.3093928979942575e-05 -7.414077331695691e+24 -7.664842610437261e-13 0.023529411764705882 0.24705882352941178 0.596078431372549
v -0.733496904373169 -0.4392024874687195 -0.5187326073646545 0.054901960784313725 0.043137254901960784 0.027450980392156862
v 6.309912478138696e-35 1.0919791212288515e-31 15600.0078125 0.25098039215686274 0.6274509803921569 0.5372549019607843
v 1.493279749332959e-35 -5.5493807607249895e+19 -5.996136362816777e-28 0.0196078431372549 0.7019607843137254 0.24705882352941178
v 0.1325998306274414 2.9120766242840546e-08 115.39501953125 0.7490196078431373 0.4549019607843137 0.9372549019607843
v 2.4317734355398093e+32 -381.2463684082031 -2.153238732377948e+17 0.6588235294117647 0.08627450980392157 0.7490196078431373
v -6.110320091247559 718517829632000.0 -1.9576778544128803e-20 0.5568627450980392 0.3215686274509804 0.4627450980392157
v nan 1.7030732428343634e+37 6.658569599109081e+24 0.9372549019607843 0.24313725490196078 0.9882352941176471
v 3.844087839126587 0.6427464485168457 1.3860411643981934 0.3254901960784314 0.0 0.050980392156862744
v -1.0559419131415258e-23 -3.964086482599605e-18 -62.93659210205078 0.8431372549019608 0.24313725490196078 0.22745098039215686
v -0.5019986033439636 0.047929517924785614 0.8635392785072327 0.5176470588235295 0.39215686274509803 0.27450980392156865
v -9.791539781942725e-29 7.711724712769795e-27 0.08041396737098694 0.25098039215686274 0.4666666666666667 0.42745098039215684
v 7.948301045113126e-11 -9.982982992158349e+35 -2.234230400688375e-08 0.6431372549019608 0.9098039215686274 0.24705882352941178
v -5.4033383670160084e-14 -0.012994705699384212 -1.020610180785585e+21 0.7450980392156863 0.4666666666666667 0.28627450980392155
v -196445.0625 -8.50080368510614e-14 -0.02328089252114296 0.41568627450980394 0.10588235294117647 0.7450980392156863
v -0.0910944789648056 6760543.0 4.1843773940858455e-34 0.5411764705882353 0.6470588235294118 0.5490196078431373
v -95.48218536376953 1.0167876804813717e-16 -1362.0084228515625 0.6274509803921569 0.7490196078431373 0.3058823529411765
v 3.5311944484710693 -1.4558582305908203 2.6074743270874023 0.2823529411764706 0.6470588235294118 0.2
v -2.2455618165924222e+26 -15317598208.0 -1.1166805993269286e-21 0.7450980392156863 0.23921568627450981 0.24313725490196078
v -0.5366628170013428 -0.2345661073923111 -0.8105379343032837 0.050980392156862744 0.043137254901960784 0.03137254901960784
v 3.972956527292988e-35 -4.2048745285683253e-07 -2.885261228443592e-30 0.25098039215686274 0.8313725490196079 0.1568627450980392
v -2.5353010493407314e+30 -9.716996037517985e-27 0.18667125701904297 0.10588235294117647 0.6823529411764706 0.24705882352941178
v -6.440966603302502e+16 3.122240687784647e+22 5.1903008595707845e-24 0.7490196078431373 0.9137254901960784 0.9686274509803922
v -6.204688321516913e-25 7.573918446496922e+30 4.9236745658118395e+35 0.4745098039215686 0.21568627450980393 0.7490196078431373
v -5.957421513567984e-13 1.5031807179197165e-13 1.8692427001831253e-27 0.6980392156862745 0.09803921568627451 0.2549019607843137
v 4.6032862036719725e-33 -2.921589082019596e-30 9.1632971338314e-34 0.9058823529411765 0.24705882352941178 0.20392156862745098
v 3.2795276641845703 1.7501599788665771 1.8010749816894531 0.8235294117647058 0.30980392156862746 0.06666666666666667
v 2.2095703208414413e+17 2871928666718208.0 2.7539443083332236e+37 0.8235294117647058 0.24313725490196078 0.9607843137254902
v -0.9851776361465454 -0.018658196553587914 -0.17051948606967926 0.08627450980392157 0.07058823529411765 0.07058823529411765
v 4.1236303592321625e-25 -31071.455078125 29241690.0 0.25098039215686274 0.7764705882352941 0.14901960784313725
v -0.03198721259832382 1.629366928922e-19 0.3715208172798157 0.03137254901960784 0.17647058823529413 0.25098039215686274
v 5690.03125 272341.9375 -8.683498116924467e-23 0.7450980392156863 0.16862745098039217 0.611764705882353
v 9.073098806792439e+23 -3.156993827226115e-22 -1.8506439213271602e+27 0.7450980392156863 0.6392156862745098 0.7450980392156863
v 3.258079301063444e+33 323745760.0 -1.090154307308522e-30 0.9647058823529412 0.09019607843137255 0.30196078431372547
v 2.357455801365059e-30 -2.003484480717033e+32 -3.274368404429169e+29 0.5803921568627451 0.24705882352941178 0.8274509803921568
v 2.7530975341796875 1.204324722290039 2.3632314205169678 0.8117647058823529 0.16470588235294117 0.4666666666666667
v 2.310324068852695e+18 -69861160.0 5.118821993943385e+29 0.6549019607843137 0.23921568627450981 0.19607843137254902
v -0.4158807098865509 0.4324861764907837 -0.7999993562698364 0.08235294117647059 0.07058823529411765 0.06666666666666667
v -1307784380416.0 -3.888041555377697e-10 28785289216.0 0.25098039215686274 0.7372549019607844 0.984313725490196
v 2.1373003278313263e-07 -2.7330132514741257e-12 1.935689324750226e-26 0.3568627450980392 0.803921568627451 0.24705882352941178
v -26340.125 8.497264590870098e-16 1328940190793728.0 0.7490196078431373 0.12549019607843137 0.9098039215686274
v 2.5990978511829754e-18 7.747897180785468e+33 -1.2123779314710551e+32 0.8941176470588236 0.7529411764705882 0.7450980392156863
v 8.427024226812944e-33 -2.79510493147588e-34 nan 0.4627450980392157 0.3843137254901961 0.27058823529411763
v -3.0208067767543496e+31 -9.749957825988531e-06 537926272.0 0.7411764705882353 0.23137254901960785 0.03137254901960784
v 4.234227180480957 0.014321684837341309 1.5344022512435913 0.7058823529411765 0.14901960784313725 0.9019607843137255
v -2.0456328074811202e-25 0.0018710988806560636 16961615872.0 0.6509803921568628 0.24313725490196078 0.21176470588235294
v -0.3621387183666229 -0.5991016030311584 -0.7140958309173584 0.047058823529411764 0.0392156862745098 0.027450980392156862
v 2.1582958265530056e-23 1.0287609725934915e-34 4.327394962310791 0.25098039215686274 0.8588235294117647 0.43529411764705883
v -0.0005189484800212085 -5.810696713102398e+25 -5.910676178137985e-31 0.9372549019607843 0.011764705882352941 0.25098039215686274
v -223003648.0 4.336821544276127e-32 3.483578744799551e+31 0.7490196078431373 0.23529411764705882 0.9215686274509803
v -9.233332536240414e-33 -7.389702514276338e+27 -1.5970712128685155e-19 0.7254901960784313 0.35294117647058826 0.7490196078431373
v -1.3150189831489403e+33 4.80535184685843e-16 2.5585917372734045e-35 0.11372549019607843 0.611764705882353 0.20392156862745098
v 1640756281344.0 -2130209557970944.0 -6408.03564453125 0.011764705882352941 0.7529411764705882 0.5294117647058824
v 3.5337207317352295 -1.4371393918991089 2.6245474815368652 0.8156862745098039 0.11372549019607843 0.43529411764705883
v 2.5608715649449636e-33 7.696626669329021e-11 -3.7309518557585877e-26 0.43529411764705883 0.7450980392156863 0.29411764705882354
v -0.9045969843864441 0.052707184106111526 -0.4229968190193176 1.0 1.0 1.0
v -1.581615923693034e-24 -6.951324849069351e-06 2.179047504220426e+20 0.25098039215686274 0.5882352941176471 0.5686274509803921
v -1.6488762358372657e+36 2.3833254733997018e+29 1.1065957927769432e-08 0.9725490196078431 0.7254901960784313 0.24705882352941178
v 1.914285806144846e-39 5.472943626728385e-27 1.2233221346217165e+17 0.7490196078431373 0.37254901960784315 0.5333333333333333
v 5.675937501050825e+22 -2.2287283130140167e-08 419202431188992.0 0.23529411764705882 0.5607843137254902 0.23921568627450981
v -7.925261974334717 3.4770962693310425e-13 -2.555744894289692e-34 0.07058823529411765 0.011764705882352941 0.5294117647058824
v 1.175460778703628e-30 -1.8484070940516517e-09 -3.792487598509924e+37 0.8549019607843137 0.24705882352941178 0.48627450980392156
v 4.207577228546143 1.7306015491485596 1.2159655094146729 0.08627450980392157 0.8549019607843137 0.0784313725490196
v -121733865472.0 -5.861720684966707e+16 -2.8012595698108383e+38 0.27058823529411763 0.24705882352941178 0.1450980392156863
v -0.18123333156108856 0.983120858669281 0.025058554485440254 0.5529411764705883 0.3843137254901961 0.28627450980392155
v -5.170143372948671e-38 -118.87374114990234 -8.676762409748955e-33 0.25098039215686274 0.4392156862745098 0.7764705882352941
v -1022730228989952.0 -3.636053288809202e+24 0.0007287075859494507 0.8784313725490196 0.6705882352941176 0.24705882352941178
v -4.878936881239082e-15 4.7649241544653613e+27 0.6640357971191406 0.7490196078431373 0.0784313725490196 0.054901960784313725
v 825901842432.0 2.756340630806541e+19 -409569951744.0 0.6078431372549019 0.0392156862745098 0.7490196078431373
v 29368905728.0 -1.8938350688717627e+28 -2.540639562292885e-34 0.2196078431372549 0.5647058823529412 0.5176470588235295
v -2.7477169412075684e+19 6.07163166107879e-27 0.01161198690533638 0.6705882352941176 0.24705882352941178 0.7411764705882353
v 3.9987823963165283 1.8352367877960205 1.3957006931304932 0.09803921568627451 0.08627450980392157 0.4980392156862745
v 7.740581806237069e+31 -1.6955049958863436e+26 -3.9393284046112485e-29 0.8235294117647058 0.24313725490196078 0.17254901960784313
v -0.5501798987388611 0.4691556394100189 0.6907930970191956 0.5725490196078431 0.4196078431372549 0.3411764705882353
v -0.003742101602256298 -0.0017452033935114741 1.8879363180189225e+32 0.25098039215686274 0.9411764705882353 0.4
v -75635.7578125 3.007843255996704 -7.536466529068171e+30 0.01568627450980392 0.9254901960784314 0.24705882352941178
v 7.844436211712491e-11 1.4826228128277315e-30 5.001266077892608e+16 0.7490196078431373 0.7725490196078432 0.38823529411764707
v -9.949288046922657e+35 7.216229083976128e+24 -2.3335643018625622e-30 0.5058823529411764 0.3568627450980392 0.7490196078431373
v 7.628004969684253e-16 5.755627151863212e+19 -1.6256258917477187e-35 0.3843137254901961 0.8627450980392157 0.5450980392156862
v nan 1.2922099834611345e-08 -1.1116220689441365e-14 0.6313725490196078 0.24705882352941178 0.9215686274509803
v 3.203977584838867 -1.7705624103546143 1.5098612308502197 0.32941176470588235 0.11764705882352941 0.20392156862745098
v 4.2396540108919495e-15 32111429632.0 -2.6417544413817048e+38 0.24313725490196078 0.7411764705882353 0.9294117647058824
v -0.7389780282974243 -0.002379988320171833 -0.6737253665924072 0.6 0.3568627450980392 0.27058823529411763
v -1.5501180906207258e-21 -7.918051706234938e-29 19150931968.0 0.25098039215686274 0.09411764705882353 0.058823529411764705
v -3.357174252738542e+38 12902508544.0 5.985533237457275 0.36470588235294116 0.8313725490196079 0.24705882352941178
v -8.610084696750468e-34 -1083300577280.0 -1.2413399960220162e-30 0.7450980392156863 0.3607843137254902 0.6
v 2.417587310973237e-27 7.153669466189472e-35 -2.7979522408117217e-37 0.3568627450980392 0.4588235294117647 0.7490196078431373
v -1.706081533158181e+23 5.371524136046684e-20 -1.3820069419417191e-18 0.8470588235294118 0.9176470588235294 0.5372549019607843
v -4.729986871215722e+29 8.031936921115701e-11 -3.6477370722732575e-37 0.7254901960784313 0.24313725490196078 0.17254901960784313
v 3.039289712905884 1.41446053981781 3.131694793701172 0.9725490196078431 0.9254901960784314 0.403921568627451
v 1.3569390266831465e-18 -4.89417747164769e+20 6.198980479320872e-33 0.4235294117647059 0.23921568627450981 0.8666666666666667
v -0.8669750094413757 0.16261711716651917 -0.47107312083244324 0.043137254901960784 0.0392156862745098 0.03529411764705882
v -3.312973203137496e+38 2.3140119142229526e-18 nan 0.25098039215686274 0.41568627450980394 0.03137254901960784
v -4.852743329671149e+31 1.0685768710042096e-14 0.18740388751029968 0.5372549019607843 0.7294117647058823 0.24705882352941178
v -1.330757340849444e+24 -1.0434859376573513e-07 nan 0.7490196078431373 0.7450980392156863 0.08627450980392157
v 1.788187233842109e-07 -1605922432.0 -5.542617920184512e-09 0.11764705882352941 0.4745098039215686 0.7450980392156863
v -8.181729217877115e+17 0.003407552372664213 1.661760915255951e-33 0.12549019607843137 0.16470588235294117 0.5058823529411764
v -6425617920.0 7.864732201497229e+30 4036.02490234375 0.9686274509803922 0.7490196078431373 0.3764705882352941
v 3.607694149017334 -1.8950891494750977 1.3716089725494385 0.058823529411764705 0.00392156862745098 0.592156862745098
v 164012916736.0 3.0736357867842337e-25 -0.08092943578958511 0.34901960784313724 0.24313725490196078 0.24313725490196078
v -0.03009764477610588 0.02175220288336277 -0.9993101954460144 0.8705882352941177 0.6862745098039216 0.5254901960784314
v 34827120640.0 nan 1.8643978301700045e+38 0.25098039215686274 0.3764705882352941 0.6980392156862745
v 1.1301695826214371e+37 3.9944532415599664e+36 5.659591686203284e+22 0.3254901960784314 0.8 0.24705882352941178
v -4.073718068700774e+16 -0.0006948150112293661 8.019778731400532e+22 0.7490196078431373 0.796078431372549 0.06666666666666667
v -1.0143510672171774e-20 100366936.0 -2.9423693707297486e+28 0.027450980392156862 0.6352941176470588 0.7450980392156863
v -943927232.0 5.8144391492236476e+20 nan 0.5333333333333333 0.6509803921568628 0.4666666666666667
v -2.6901360154771456e+16 2.507005573848673e+29 2.3095628172922504e+28 0.5843137254901961 0.24705882352941178 0.4627450980392157
v 3.6103639602661133 -1.4370508193969727 1.4291551113128662 0.7529411764705882 0.36470588235294116 0.10196078431372549
v -4.929279020871036e-05 -0.05303928628563881 -1.1503150949613823e+25 0.39215686274509803 0.24313725490196078 0.49411764705882355
v -0.6277129650115967 -0.7464683651924133 -0.22081983089447021 0.9411764705882353 0.7607843137254902 0.6235294117647059
v 0.027312858030200005 13743.7294921875 -9.116304873713157e-32 0.25098039215686274 0.5019607843137255 0.396078431372549
v -1213986304.0 -5.918147244635394e-39 2.1253856976646963e+17 0.5843137254901961 0.9137254901960784 0.24705882352941178
v 0.0473635196685791 5.041691038897128e-31 2.7494959802527158e-34 0.7490196078431373 0.996078431372549 0.8274509803921568
v 6.650679296900928e-16 8.297528795602716e-17 -3.812501584430974e-26 0.4117647058823529 0.058823529411764705 0.7490196078431373
v -6.43467480197731e-25 -5.7435241676693045e+19 1.6617137118109257e-33 0.8 0.8313725490196079 0.5529411764705883
v 1.1768400567551089e-30 -2.7926732916077363e+17 -1.409637636121259e+24 0.5411764705882353 0.24705882352941178 0.7568627450980392
v 3.2603626251220703 -0.7918848991394043 2.095933675765991 0.8745098039215686 0.33725490196078434 0.09019607843137255
v -1.0062565490661786e+17 -1.0898714396771484e+19 -1.2500329347177414e-25 1.0 0.24313725490196078 0.8980392156862745
v -0.4879651665687561 -0.7391597032546997 -0.4642552137374878 0.9450980392156862 0.7686274509803922 0.611764705882353
v 7.661255333391138e-27 -7767.880859375 418034560.0 0.25098039215686274 0.8784313725490196 0.011764705882352941
v -1.5997377034171478e-11 -1.6310651048701772e-19 2.4561992866484054e-24 0.8117647058823529 0.6 0.24705882352941178
v -2.4853160513959805e-38 8180190.5 1.0429008398205042e-05 0.7490196078431373 0.047058823529411764 0.38823529411764707
v 8.835285597965192e+20 -7.68242176570314e-26 8.101352635616654e-20 0.0392156862745098 0.09019607843137255 0.7490196078431373
v 2.589020069566992e-14 2.2646939754486084 -1.1147462133650127e-30 0.6274509803921569 0.3176470588235294 0.16862745098039217
v 1.8419479259870883e-32 3.79718474062046e-26 -3.719911315981712e-25 0.9215686274509803 0.24705882352941178 0.4117647058823529
v 4.004187107086182 -1.1790506839752197 1.5801211595535278 0.2784313725490196 0.3176470588235294 0.12941176470588237
v -1800985416564736.0 -63.56228256225586 1.1554732441557151e+23 0.34509803921568627 0.24313725490196078 0.47058823529411764
v -0.6539640426635742 -0.7563073039054871 -0.018174173310399055 0.058823529411764705 0.047058823529411764 0.043137254901960784
v 1.7840061418758147e+37 -0.0017680911114439368 7.04805145517873e+32 0.25098039215686274 0.5019607843137255 0.9450980392156862
v -10273976320.0 -3.00584077835083 -3.54561024096256e-07 0.6 0.24313725490196078 0.25098039215686274
v -1.930485444174153e-36 -1.1596462959546135e-14 1.0418280172696314e+30 0.7490196078431373 0.5843137254901961 0.4117647058823529
v 1.4080020519703927e-37 2.7591855071922487e+19 -3.4961322873037175e+21 0.7411764705882353 0.5647058823529412 0.7450980392156863
v 42694.23828125 1.2455473373024099e+38 2.6976369898510766e-32 0.24705882352941178 0.9568627450980393 0.5058823529411764
v -401546112.0 -2.8505186842443776e+16 -6.316367196863857e+17 0.7607843137254902 0.7490196078431373 0.5294117647058824
v 3.689107894897461 -0.539082407951355 2.5685040950775146 0.4823529411764706 0.9803921568627451 0.28627450980392155
v 1.1356203636883498e+21 -6.731496466310512e-38 3.5683013110171394e-30 0.12549019607843137 0.7411764705882353 0.9607843137254902
v -0.6097614765167236 0.024850476533174515 -0.7921953797340393 0.8666666666666667 0.6745098039215687 0.5215686274509804
v -1.8562809857460537e-34 6.312193011795632e-36 13569626112.0 0.25098039215686274 0.6509803921568628 0.8745098039215686
v 6.396719693896112e-36 4.5897337258793414e-05 -1.4761554780083774e-31 0.9137254901960784 0.6784313725490196 0.24705882352941178
v -1.0099426743351593e+29 -4.3301004448714764e-10 -3.543143592853629e+29 0.23921568627450981 0.6627450980392157 0.38823529411764707
v -1.5927782600000658e+37 12463258.0 -0.04648052901029587 0.9098039215686274 0.4588235294117647 0.7490196078431373
v 0.0005755535094067454 7.126709490597602e+36 nan 0.9137254901960784 0.8470588235294118 0.43137254901960786
v 5.9017288715915655e+28 529.0365600585938 -2.61805945534399e-22 0.5607843137254902 0.24705882352941178 0.8941176470588236
v 4.210403919219971 1.1654183864593506 1.209132194519043 0.07450980392156863 0.23529411764705882 0.9098039215686274
v -1.2945236296622994e-16 5.43658838460666e+23 -2.8064464861077256e-36 0.27450980392156865 0.23921568627450981 0.6862745098039216
v -0.2709929645061493 0.06596244871616364 -0.9603186249732971 0.03137254901960784 0.023529411764705882 0.0196078431372549
v -0.0005216244026087224 -1949.9742431640625 1.981039690887279e+30 0.25098039215686274 0.6196078431372549 0.10980392156862745
v 1230.1221923828125 6.677458772923965e-16 95.53388214111328 0.5843137254901961 0.9137254901960784 0.24705882352941178
v -2.8360401766695766e-30 -2.060721249674477e-13 4.6181263818367255e+28 0.24313725490196078 0.027450980392156862 0.11372549019607843
v 9.701740361242505e-27 -2.693822815404032e+16 -1.1754633177714258e-30 0.4666666666666667 0.32941176470588235 0.24313725490196078
v -3.5218483133404404e-31 2.215741728209937e+31 1.1155583882730865e+38 0.06274509803921569 0.615686274509804 0.5098039215686274
v 1.7624801957342347e+21 3.971476590200923e-38 2.71419902549526e+29 0.03137254901960784 0.7529411764705882 0.5372549019607843
v 4.222019195556641 -0.27427244186401367 1.8698041439056396 0.5490196078431373 0.3764705882352941 0.6470588235294118
v 116.37207794189453 2.278172496570502e-13 3.4450702290911295e-09 0.5176470588235295 0.7411764705882353 0.6196078431372549
v 0.18714532256126404 0.029864201322197914 -0.9818782210350037 0.07058823529411765 0.054901960784313725 0.050980392156862744
v -2.145375233738612e+32 -1.2037663042562873e-27 -1.96163063657991e-37 0.25098039215686274 0.5372549019607843 0.6235294117647059
v -8.898378700550325e-10 2.609165052828052e-18 3065.223876953125 0.7450980392156863 0.611764705882353 0.24705882352941178
v 663.00390625 -0.001838035648688674 -3866762149888.0 0.7450980392156863 0.611764705882353 0.9254901960784314
v 2.8544172891997732e-06 -5.623600269061227e+22 -1.2675842767488255e+38 0.5529411764705883 0.39215686274509803 0.7490196078431373
v 2.5070152332773432e-05 2.3314807732255935e-20 -3.875067278276151e-36 0.011764705882352941 0.7372549019607844 0.5098039215686274
v -1.4523792239720354e-31 -2.8976800358073788e+20 1.3665299447573886e-10 0.7254901960784313 0.24705882352941178 0.8
v 4.009864330291748 -1.9220030307769775 1.4665592908859253 0.30196078431372547 0.5764705882352941 0.8980392156862745
v -1.6048342681431613e+26 -2.0817609642173783e+27 11943449.0 0.08235294117647059 0.24705882352941178 0.38823529411764707
v -0.9592243432998657 -0.1271914392709732 0.2524104714393616 0.9019607843137255 0.7098039215686275 0.5843137254901961
v 67237368.0 -6.874197406197026e-35 4.8558326440945254e+17 0.25098039215686274 0.8156862745098039 0.8627450980392157
v -4.44089183380283e-16 3.0083699226379395 4.8960230041957804e-24 0.11764705882352941 0.8313725490196079 0.24705882352941178
v 2.333995755309088e-32 -1370807.625 -2.9622103155706475e-33 0.23921568627450981 0.8705882352941177 0.5254901960784314
v 2.254073195872938e-36 -1.1242188031737191e+23 0.3739125728607178 0.6549019607843137 0.42745098039215684 0.7450980392156863
v 6.042063205313752e-07 4.9978628006985826e-12 2.577546583680414e-35 0.20784313725490197 0.7607843137254902 0.5294117647058824
v -1.3221438917646045e-15 2.597997931493147e+37 -2.029195426197785e-23 0.5372549019607843 0.24705882352941178 0.8941176470588236
v 3.564613103866577 -0.8228676319122314 1.6000216007232666 0.4823529411764706 0.33725490196078434 0.11764705882352941
v -1665.9146728515625 -2.423174569729637e+23 -0.22338563203811646 0.09019607843137255 0.7490196078431373 0.054901960784313725
v -0.9113104939460754 -0.35707902908325195 -0.20495784282684326 0.9411764705882353 0.7803921568627451 0.6196078431372549
v 5.5239068366731985e-17 -5.932683137073111e-15 0.10980700701475143 0.25098039215686274 0.8156862745098039 0.00784313725490196
v 5.677616893351872e+22 -1.4833132982094045e-31 -1.4066236226970057e-37 0.6235294117647059 0.5529411764705883 0.24705882352941178
v 4.652460347350429e+28 -5.820038461584742e-12 -3.84713197860549e-37 0.7450980392156863 0.5333333333333333 0.3058823529411765
v -1.44738872492988e+25 4.404127074288392e+20 0.0014387581031769514 0.7607843137254902 0.36470588235294116 0.7490196078431373
v 3.283493135745109e-30 1.7743934192547662e+26 8.333064283839362e+28 0.8156862745098039 1.0 0.6078431372549019
v -2.8927206378955412e+25 6931.96728515625 -4.2135596227399486e-12 0.9098039215686274 0.7490196078431373 0.14901960784313725
v 3.320239305496216 -1.4093149900436401 1.5018694400787354 0.5490196078431373 0.10588235294117647 0.2
v 50.68724060058594 -3.073790029601588e-21 -5.165144100547346e-39 0.6431372549019608 0.7450980392156863 0.8235294117647058
v 0.2136780321598053 0.3274017870426178 -0.9204073548316956 0.5725490196078431 0.44313725490196076 0.34901960784313724
v 0.0004095892945770174 -2.703044992813375e-05 -9.365528079920912e-34 0.25098039215686274 0.6588235294117647 0.16862745098039217
v -2.0252888447534832e+34 3307966300160.0 -1.4087234404198271e-37 0.4117647058823529 0.5607843137254902 0.24705882352941178
v -2.5753473586587897e-27 -527308768.0 674828224.0 0.7450980392156863 0.5176470588235295 0.9254901960784314
v 2.2636514864646362e+23 -1.1528330524690135e+26 -3.957048675299032e+36 0.17254901960784313 0.396078431372549 0.7490196078431373
v 1079367.75 3.451830072817933e+28 -2.496206105420543e-34 0.3411764705882353 0.792156862745098 0.4980392156862745
v -4.6269008929393835e+26 -9.856525227167446e+21 -3.3004937758512876e-12 0.7333333333333333 0.7450980392156863 0.10588235294117647
v 4.285207748413086 -0.23099732398986816 1.88206148147583 0.4823529411764706 0.7019607843137254 0.5568627450980392
v -6.908614531428772e+32 2873075456.0 1.4279645801214249e+26 0.8705882352941177 0.7254901960784313 0.3254901960784314
v 0.19896385073661804 -0.023012224584817886 -0.9797366261482239 0.08627450980392157 0.06666666666666667 0.07058823529411765
v 5.7623064096517725e-30 4.604131476071416e-08 2.1181935789108598e+27 0.25098039215686274 0.047058823529411764 0.984313725490196
v 265.2719421386719 52906837409792.0 4.950188560530971e-24 0.7137254901960784 0.8392156862745098 0.24705882352941178
v 1.939543549279246e+38 -1.887489023914606e+37 6414367.5 0.7490196078431373 0.36470588235294116 0.3176470588235294
v -8.848108190529246e+20 0.04648760333657265 -9.431301799883372e+29 0.48627450980392156 0.44313725490196076 0.7490196078431373
v 1.1221208853779579e+19 -6.09433952331279e+30 1.5875483839137675e-36 0.8784313725490196 0.2196078431372549 0.5098039215686274
v 3.0148391793641127e-28 -593909017214976.0 -1.7732122736462586e+21 0.5725490196078431 0.7411764705882353 0.5333333333333333
v 3.120029926300049 -0.1707148551940918 3.344193696975708 0.027450980392156862 0.27058823529411763 0.10196078431372549
v 2.3613888554630603e-22 -85496258560.0 -9.499119077316748e-24 0.49411764705882355 0.7490196078431373 0.611764705882353
v -0.5208611488342285 -0.16295334696769714 -0.8379438519477844 0.8666666666666667 0.6823529411764706 0.5294117647058824
v -2.7467492830141953e+20 -2.6047624501757127e-08 -3.333086681107749e-34 0.25098039215686274 0.49411764705882355 0.6627450980392157
v 3816.664306640625 -12916467712.0 -1.5839746375211674e-22 0.09019607843137255 0.6705882352941176 0.24705882352941178
v 8.690172596239929e-35 -1.6219555728300442e+18 -6315295.5 0.24313725490196078 0.9490196078431372 0.6392156862745098
v -7.14106761279254e-07 1.7474807020156307e-38 7.056840568267993e+24 0.03529411764705882 0.4823529411764706 0.7490196078431373
v 1.4149748340782917e+30 2.0540670008644304e+31 919515.9375 0.08627450980392157 0.5450980392156862 0.5254901960784314
v -4.708376188822155e+29 -13.5380277633667 -1.4238844071911075e-14 0.16470588235294117 0.23921568627450981 0.1607843137254902
v 3.8316867351531982 0.014993786811828613 1.7886834144592285 0.10196078431372549 0.6941176470588235 0.7450980392156863
v 1.3040006721920337e-29 0.4106418788433075 -3.257988306647879e+26 0.09803921568627451 0.24705882352941178 0.3254901960784314
v 0.24567444622516632 -0.006981215439736843 -0.9693272709846497 0.06274509803921569 0.047058823529411764 0.047058823529411764
v 2.706457002341644e-36 -2.428533245270488e-14 3.6810303847551803e+21 0.25098039215686274 0.35294117647058826 0.4588235294117647
v -9.232582450364311e-39 -3.9994091215815586e+36 -1.129425234558937e+23 0.39215686274509803 0.08235294117647059 0.25098039215686274
v 8.57818603515625 -3.302453296478789e+21 -6.39384336152307e-25 0.23529411764705882 0.5568627450980392 0.2901960784313726
v 1.445269385981041e-34 12531901.0 -1.6448674416052127e-16 0.03137254901960784 0.18823529411764706 0.7490196078431373
v -1.0499977578480692e-17 3.0343018706076093e+32 3.448720261672406e+26 0.9019607843137255 0.30196078431372547 0.6078431372549019
v -5.189352314437146e-18 -7.726453056257455e-20 1730.0189208984375 0.4980392156862745 0.24705882352941178 0.6980392156862745
v 4.4071502685546875 0.9022589921951294 1.0729409456253052 0.5529411764705883 0.8352941176470589 0.23921568627450981
v 7.210329189411018e-20 -4.0453252995305335e-38 -1.278694379375573e+32 0.043137254901960784 0.7411764705882353 0.6392156862745098
v -0.038964878767728806 -0.029894771054387093 -0.9987933039665222 0.8509803921568627 0.6509803921568628 0.5058823529411764
v 2.9568846571237373e-07 3770631680.0 5.7500380263959704e+20 0.25098039215686274 0.9647058823529412 0.4745098039215686
v -945825856.0 -2.166082058982523e+17 -26260436680704.0 0.25882352941176473 0.01568627450980392 0.25098039215686274
v -3.5615409959857864e-31 -0.001729555195197463 -8.379544691292504e+18 0.7450980392156863 0.807843137254902 0.796078431372549
v -1.1149046130753959e-08 209112461737984.0 -2.7992528699943694e-37 0.6980392156862745 0.45098039215686275 0.7490196078431373
v -1.3232703542993883e-37 6.662697403972025e+25 8.898874377113863e-18 0.5019607843137255 0.17647058823529413 0.49019607843137253
v -1.10338129297926e+20 -6.696399638243458e-34 -1.4277022237683215e+32 0.7686274509803922 0.24705882352941178 0.7058823529411765
v 4.13007926940918 -2.4061272144317627 1.9660651683807373 0.47058823529411764 0.8745098039215686 0.8666666666666667
v -1.6262395076599532e-21 -4.298859628671555e-17 2412429.75 0.7372549019607844 0.7450980392156863 0.4392156862745098
v 0.3701689541339874 0.8102651834487915 -0.4543624818325043 0.38823529411764707 0.3137254901960784 0.23529411764705882
v -2.6923441074451334e+33 4.0355729418991085e-14 -1.5403764640022753e-28 0.25098039215686274 0.9098039215686274 0.6901960784313725
v -4.3736241785510604e-35 -2.4886960172085324e-24 -1.297227133009628e-18 0.3686274509803922 0.09019607843137255 0.25098039215686274
v 2.707413282493278e-34 -1.1209761996625176e-26 9.143407385392432e-12 0.7490196078431373 0.5568627450980392 0.8470588235294118
v -196169.34375 -2.2267709454126816e-08 -772890.9375 0.6823529411764706 0.12549019607843137 0.7490196078431373
v -7.5774753138802e-10 7.640390302938694e+18 -4.582533259392492e-30 0.7843137254901961 0.0 0.5529411764705883
v 8.697409459301753e-11 2.6731477274777316e-12 -5.591265328309104e-33 0.5803921568627451 0.7490196078431373 0.5647058823529412
v 4.038393020629883 -1.100867509841919 1.5890214443206787 0.19215686274509805 0.8980392156862745 0.10196078431372549
v -5.219060993297449e-27 3.156035384639488e+16 -1.8436329044187269e+34 0.17254901960784313 0.24705882352941178 0.22745098039215686
v -0.41709715127944946 -0.5952789783477783 -0.6867845058441162 0.047058823529411764 0.0392156862745098 0.027450980392156862
v -224022776250368.0 -6.540957553369253e-09 -9.614325939963041e-29 0.25098039215686274 0.3764705882352941 0.7411764705882353
v -3.4352181046415353e-06 -6.370736667143147e-22 -2.8512492917798227e-06 0.9372549019607843 0.5490196078431373 0.24705882352941178
v 2.1855180861694227e+20 -1.1590432155470334e-33 1597054848.0 0.24313725490196078 0.1450980392156863 0.7686274509803922
v -4.1650290847498655e-17 3239898775552.0 1.7759585091425834e-07 0.13725490196078433 0.4392156862745098 0.7490196078431373
v -0.014880714938044548 6094879.0 3.558182630049635e+29 0.39215686274509803 0.8431372549019608 0.4549019607843137
v 1.3931324982507931e-09 -2.5998687195562565e+31 8.021461610296454e-25 0.2627450980392157 0.24313725490196078 0.00392156862745098
v 3.8671655654907227 1.8352419137954712 1.498826503753662 0.3411764705882353 0.10196078431372549 0.2980392156862745
v 1.1874950759962169e+21 1.2994811449118515e-08 0.6337721943855286 0.17647058823529413 0.24705882352941178 0.01568627450980392
v 0.6800691485404968 0.37860679626464844 -0.6278239488601685 0.15294117647058825 0.11764705882352941 0.08235294117647059
v -391636224.0 -1.476227337562279e-15 -6.98102334815818e-26 0.25098039215686274 0.6274509803921569 0.6784313725490196
v -2.9852805843566407e-27 6.679070782501708e-16 25705871360.0 0.9568627450980393 0.9058823529411765 0.24705882352941178
v -5.29537820143252e-37 -2.7389538250899444e+24 -4.566961589382504e-23 0.24313725490196078 0.615686274509804 0.3137254901960784
v -8.855503241854876e+20 2.354622765940029e-30 -4.9257824310755315e+35 0.8588235294117647 0.3411764705882353 0.7490196078431373
v 1.3605922277705636e-28 2665.984130859375 -4.819323448132189e-27 0.25882352941176473 0.23529411764705882 0.5725490196078431
v 1.8864330332730532e-29 1208.34521484375 6.727512881429697e-27 0.6470588235294118 0.24705882352941178 0.5568627450980392
v 3.8281643390655518 1.2993656396865845 1.3337123394012451 0.6078431372549019 0.01568627450980392 0.5803921568627451
v -1.6693504988565204e+24 -2537542912.0 2.455908249263377e-30 0.5411764705882353 0.23921568627450981 0.3764705882352941
v 0.6067090034484863 -0.7119361162185669 -0.35362574458122253 0.09019607843137255 0.07450980392156863 0.08235294117647059
v 3.041367254390984e-30 -2.7149650122737512e-05 -3.4499153471350915e-31 0.25098039215686274 0.5019607843137255 0.5215686274509804
v 9.788246657649324e-09 1.1211215955597709e-08 -2.2523846424338144e-36 0.9058823529411765 0.9647058823529412 0.24705882352941178
v -5.64769970929768e-20 -2.001563159090436e+32 4315531330977792.0 0.7490196078431373 0.5725490196078431 0.9372549019607843
v 4.366662240129493e-11 3.7022143119286783e+27 5.503651312466218e-09 0.3411764705882353 0.8705882352941177 0.7450980392156863
v 1.115406227996672e+16 7.546698221133389e+21 1.0632988861832345e+35 0.39215686274509803 0.9058823529411765 0.5333333333333333
v -1.2925045520974095e-18 9.080892267933205e+24 -6.312134334794957e+16 0.996078431372549 0.7450980392156863 0.23137254901960785
v 4.216760635375977 -0.4828007221221924 1.968658685684204 0.043137254901960784 0.6901960784313725 0.396078431372549
v -1.5157574805345097e-22 1.935546781220748e-31 -1.8094489035428754e+36 0.9254901960784314 0.7450980392156863 0.3686274509803922
v -0.9915184378623962 -0.12306825071573257 -0.04177745059132576 0.13333333333333333 0.13333333333333333 0.13725490196078433
v 3.876988380197683e+16 204.74725341796875 -1.4009341839060383e-32 0.25098039215686274 0.8117647058823529 0.2549019607843137
v 40409292.0 -3.8134377210125706e+30 -3.489499800224394e-10 0.08627450980392157 0.803921568627451 0.24705882352941178
v -570.12890625 2.6062255767900316e-29 6342429745610752.0 0.24705882352941178 0.9921568627450981 0.10196078431372549
v 9.510178164984128e+29 -1.6594279379685142e-16 -2.1717684942079707e-11 0.09803921568627451 0.37254901960784315 0.7450980392156863
v 1.0833089504377544e-38 -0.1117243692278862 8.244482231928481e+22 0.03137254901960784 0.38823529411764707 0.5450980392156862
v -8.686563968129946e-11 1.7518073791800493e-37 1.804281401311232e+17 0.24313725490196078 0.24705882352941178 0.4470588235294118
v 4.2832136154174805 -1.3560996055603027 1.7614970207214355 0.7803921568627451 0.8352941176470589 0.12941176470588237
v -0.44091537594795227 6.560707666829006e-37 -2201958656.0 0.4627450980392157 0.24313725490196078 0.00784313725490196
v 0.5755468606948853 0.5775455832481384 -0.5789533257484436 0.33725490196078434 0.27450980392156865 0.21176470588235294
v -3.2855187626567737e-28 9.644714395889726e-15 3.339003961366346e+35 0.25098039215686274 0.7725490196078432 0.6470588235294118
v 4.751981243029789e-25 5.907536612663526e-39 -4.4032609280908716e-36 0.9882352941176471 0.12156862745098039 0.25098039215686274
v 1.557176318245668e+38 -6.240510694735424e-33 1.1651931290442882e+24 0.24705882352941178 0.3058823529411765 0.5843137254901961
v -1.3802068308402373e+19 -6.963687404493157e-10 1.4886628375830475e-28 0.6274509803921569 0.8 0.7450980392156863
v 1.0762059086519383e-38 129687.4921875 -4.111084503402188e-36 0.3333333333333333 0.18823529411764706 0.5450980392156862
v 1.1789836882532684e-30 1.7588721820151199e-13 4.5156822725545e-10 0.9490196078431372 0.24313725490196078 0.2980392156862745
v 4.5343170166015625 -0.06010174751281738 1.726787805557251 0.24705882352941178 0.6313725490196078 0.6196078431372549
v -246526.03125 -5.9764142156461034e-33 -1.0323464720991637e-24 0.12156862745098039 0.7450980392156863 0.5725490196078431
v -0.03049108386039734 -0.09046175330877304 0.9954330921173096 0.7019607843137254 0.5254901960784314 0.37254901960784315
v 1.9341423022630975e-27 -1.88582982599594e-29 1.6556822563832359e+21 0.25098039215686274 0.34509803921568627 0.41568627450980394
v -3.730572202938541e+30 12908318720.0 1604652928.0 0.09803921568627451 0.050980392156862744 0.25098039215686274
v 815.25390625 6.7830553935913704e-37 695308288.0 0.7490196078431373 0.09803921568627451 0.054901960784313725
v 2.16049739890688e+17 3.0873301655798376e-25 3131815.0 0.4980392156862745 0.9411764705882353 0.7450980392156863
v -1958461734649856.0 2.5907180234990296e+23 3.128492683303605e+20 0.9568627450980393 0.596078431372549 0.2980392156862745
v -1.1146592981958747e-08 7.617347317162937e+36 -3.222402028768556e-06 0.35294117647058826 0.7490196078431373 0.20392156862745098
v 3.5792856216430664 -0.7949292659759521 2.426149368286133 0.00784313725490196 0.14901960784313725 0.20784313725490197
v 0.11120469123125076 1.82283519176994e+25 -1.0506808299309419e+29 0.9529411764705882 0.24313725490196078 0.22745098039215686
v -0.6113607883453369 0.5206326842308044 0.5959694981575012 0.6745098039215687 0.5058823529411764 0.4117647058823529
v 7.212178752578724e+34 -6.613599445870477e-09 84362424.0 0.25098039215686274 0.3764705882352941 0.00784313725490196
v 5.943711105283098e-29 4.378137782867775e-11 -1.9420894634386943e+33 0.6235294117647059 0.15294117647058825 0.25098039215686274
v 367805966843904.0 7.606049163282119e-20 36921.25 0.23921568627450981 0.047058823529411764 0.7333333333333333
v 825082445824.0 1.9312513658607756e-26 0.36870676279067993 0.7019607843137254 0.1450980392156863 0.24705882352941178
v 1.1928833302733218e-35 2.4452103122437138e-21 1024790036480.0 0.09019607843137255 0.10588235294117647 0.36470588235294116
v -1.0861358687441758e-11 2.51971897268251e-30 -4.3049665066608626e+33 0.23921568627450981 0.7490196078431373 0.4196078431372549
v 4.332293510437012 -0.9743974208831787 2.576484441757202 0.611764705882353 0.7019607843137254 0.22745098039215686
v 7.925440957763755e-30 1.0822719726472397e+17 4.333145989221521e-05 0.12549019607843137 0.24705882352941178 0.09803921568627451
v -0.8516718149185181 0.1298350691795349 -0.5077381134033203 0.16862745098039217 0.13725490196078433 0.06666666666666667
v -3.47070561007413e+24 -1.1088951571730161e-33 1.6720066228375517e+22 0.25098039215686274 0.611764705882353 0.6
v 0.0007797714206390083 2.381309967384813e+29 3.030652993984783e+31 0.37254901960784315 0.047058823529411764 0.25098039215686274
v 0.0011347606778144836 7.880453587334802e-38 105170.5 0.7490196078431373 0.5098039215686274 0.7372549019607844
v 9.700872922395553e-27 5.697582764696563e-06 6.285121656208383e-22 0.396078431372549 0.2235294117647059 0.24705882352941178
v 3.147873236491112e+33 -2.259958637296222e-05 3.475212368706423e+26 0.6431372549019608 0.043137254901960784 0.3686274509803922
v 0.011674158275127411 4.484686263984305e-26 3.057486919402769e-16 0.4627450980392157 0.7490196078431373 0.10588235294117647
v 3.6808414459228516 -0.7825119495391846 2.4953298568725586 0.38823529411764707 0.5372549019607843 0.2196078431372549
v -5.88395911011264e+24 -9.698970629300447e+19 -1.4029385529549295e-16 0.6509803921568628 0.23921568627450981 0.33725490196078434
v -0.35865169763565063 0.6769952774047852 0.6426867246627808 0.615686274509804 0.44313725490196076 0.34509803921568627
v -3.8385060672543905e+31 -0.00011240984895266593 639543168.0 0.25098039215686274 0.9098039215686274 0.2235294117647059
v -7.71974552001459e-16 -5.904645733931624e-39 -6.547575799583174e-16 0.6313725490196078 0.3843137254901961 0.25098039215686274
v 16.5001220703125 1.067673962923688e+18 9.592680726200342e-06 0.7490196078431373 0.39215686274509803 0.5764705882352941
v 5.9265749743317265e-31 3.180553356611151e+37 -3.55323464873436e-07 0.7568627450980392 0.4235294117647059 0.23921568627450981
v 2.000499356342383e-30 -2.5941567738206736e-15 -7.605091811784962e-23 0.5490196078431373 0.4470588235294118 0.29411764705882354
v 1.137655738682295e-33 146.01571655273438 -3.6386855754637854e+34 0.5294117647058824 0.7411764705882353 0.5254901960784314
v 3.685577869415283 -0.16308534145355225 2.0347697734832764 0.38823529411764707 0.9176470588235294 0.3058823529411765
v -1.303068286275964e-14 -2.9876989771082663e-10 -1.9836714023939774e-31 0.8745098039215686 0.7450980392156863 0.6627450980392157
v -0.5925112366676331 -0.4259479343891144 0.6837387681007385 0.7137254901960784 0.5098039215686274 0.4
v 2.2327101929714938e-18 -0.0017336996970698237 0.09784044325351715 0.25098039215686274 0.18823529411764706 0.1568627450980392
v 7.157224090687537e-18 -3.0050840377807617 -0.3691735565662384 0.9490196078431372 0.17647058823529413 0.25098039215686274
v 8.53655562033553e-21 1.1014786067157293e-38 0.6174964904785156 0.7490196078431373 0.6588235294117647 0.42745098039215684
v -9.521586646828104e+29 -1.756661729294194e-38 1.836751947082866e-32 0.7215686274509804 1.0 0.7450980392156863
v -1190807.75 2.277757553131095e+24 1.158946690888106e+18 0.16470588235294117 0.4666666666666667 0.2901960784313726
v -195541.84375 -2.4256123067271423e+38 -1.7455048245674882e+30 0.6196078431372549 0.23921568627450981 0.8941176470588236
v 2.994725465774536 0.06037545204162598 3.1725406646728516 0.5843137254901961 0.5333333333333333 0.3058823529411765
v -2.4413851124793065e-28 1935362.125 5.3583997214445844e-05 0.5764705882352941 0.7450980392156863 0.19607843137254902
v -0.9510050415992737 -0.30107706785202026 -0.07029902935028076 0.9176470588235294 0.7568627450980392 0.596078431372549
v nan 1.1227614391455295e-31 4.725990191719818e+20 0.25098039215686274 0.5647058823529412 0.28627450980392155
v -1.3067319670767574e-08 -5.541941904856108e+19 -2.8244742225069785e-06 0.792156862745098 0.3803921568627451 0.25098039215686274
v -1.4677716535516083e-06 76983505518592.0 2.0149922214154284e+28 0.7490196078431373 0.8 0.2
v -768.8807373046875 -4.4972793109446494e-36 2.956588416209669e+28 0.7803921568627451 0.40784313725490196 0.7450980392156863
v -436065848524800.0 2.026582087790969e-23 7.774667619521117e+22 0.5450980392156862 0.8705882352941177 0.2549019607843137
v 3.1519352724486035e-22 -3.525612224378389e-15 3.609948359072154e+16 0.8745098039215686 0.23529411764705882 0.8823529411764706
v 3.323092222213745 0.0375981330871582 3.5650289058685303 0.19215686274509805 0.7411764705882353 0.30196078431372547
v 7.20956460569132e-17 -7.11514706728819e-18 -2.022691170111557e-08 0.5725490196078431 0.7450980392156863 0.4470588235294118
v -0.9088938236236572 -0.41004788875579834 -0.07597842067480087 0.03529411764705882 0.027450980392156862 0.0196078431372549
v -6.837475471023476e+27 -2.3452876942472826e-14 197.29110717773438 0.25098039215686274 0.12549019607843137 0.6039215686274509
v -13725331.0 -0.18773917853832245 5.841122071946852e-39 0.6196078431372549 0.43137254901960786 0.25098039215686274
v -2.5752620472961946e-22 1.2715634684991669e+25 1.038282376092131e+21 0.7490196078431373 0.9254901960784314 0.6784313725490196
v 1.3862051065744065e+19 -2.1768982449987817e-11 -6374629888.0 0.34901960784313724 0.07450980392156863 0.24313725490196078
v -93967864.0 1.9749899358027733e-32 -1.0342409803202312e-33 0.8862745098039215 0.00784313725490196 0.23529411764705882
v 2.2998804113227297e-33 9.330919691137076e-38 1.0476127084270215e+29 0.6509803921568628 0.24705882352941178 0.6980392156862745
v 2.889751672744751 1.3165340423583984 2.8705685138702393 0.5137254901960784 0.20784313725490197 0.3568627450980392
v -9.166480903680549e-28 1.6809518127818544e-15 -2.100336744803588e-11 0.5058823529411764 0.24313725490196078 0.9803921568627451
v -0.9104277491569519 0.3727003037929535 -0.179487407207489 0.07058823529411765 0.058823529411764705 0.058823529411764705
v 1.5596792937616074e+34 1.0919633696045505e-31 56529964.0 0.25098039215686274 0.5254901960784314 0.27058823529411763
v -4.757393976938412e+33 -12.013668060302734 1.4139088184826598e+22 0.2980392156862745 0.3843137254901961 0.25098039215686274
v -9.841416570566253e-11 8.847895416907979e-20 7.776646951557346e+19 0.7490196078431373 0.3411764705882353 0.8745098039215686
v -1.0937774991282012e-11 5.98136568069458 50983288832.0 0.01568627450980392 0.8274509803921568 0.24313725490196078
v -5.2906243703512365e-14 4.214210066273935e-22 1.0888698810081695e+38 0.39215686274509803 0.08235294117647059 0.21568627450980393
v 9.199362953553558e-33 -2.2314574144563857e+23 -6.584770062545431e-09 0.6549019607843137 0.24705882352941178 0.9294117647058824
v 2.913027286529541 1.3267478942871094 2.9045450687408447 0.3411764705882353 0.9686274509803922 0.3254901960784314
v 1.0302796810135462e-11 -9.618766375390525e+35 6741935.5 0.5137254901960784 0.24313725490196078 0.7058823529411765
v -0.9441185593605042 0.26358214020729065 -0.19790038466453552 0.09019607843137255 0.07450980392156863 0.07450980392156863
v -1876873472.0 5.619003977859536e+27 53208.30859375 0.25098039215686274 0.0784313725490196 0.5137254901960784
v 1.1614924817140933e+30 1.5595156380884139e+34 -5.842205275659775e-39 0.7529411764705882 0.403921568627451 0.25098039215686274
v -4.0577541327024846e-11 1.0904514460450751e-13 2.247485365242227e+21 0.7490196078431373 0.16470588235294117 0.5490196078431373
v 1.7503558324971635e-10 5.967933654785156 -0.0014397824415937066 0.5254901960784314 0.37254901960784315 0.24705882352941178
v 7.916965152031386e-13 -7.953236680346976e-11 5.35534690609341e+24 0.5647058823529412 0.4 0.2196078431372549
v -104762464796672.0 -5.641208037502039e+32 8.054296323843266e-28 0.6392156862745098 0.24705882352941178 0.8392156862745098
v 2.9939801692962646 1.3225373029708862 3.022216320037842 0.5803921568627451 0.32941176470588235 0.3137254901960784
v 6.096822581388414e+29 3.278911599493005e-32 -6103.919921875 0.023529411764705882 0.24313725490196078 0.1803921568627451
v -0.8941086530685425 0.3716599643230438 0.24987712502479553 0.08235294117647059 0.06666666666666667 0.06274509803921569
v -2.4330053955283235e-24 1.6941705802050675e-33 0.14645400643348694 0.25098039215686274 0.6431372549019608 0.9921568627450981
v -6.272661687072991e-37 -2.2597653823389026e-36 6.97091329104893e-10 0.6588235294117647 0.42745098039215684 0.25098039215686274
v -1.727591524735375e-19 3.7460038165792545e+21 5.231950553873217e+33 0.7490196078431373 0.49411764705882355 0.5254901960784314
v -4.167830249176215e-17 1.1845070292156882e+29 1.535383399139779e-25 0.0196078431372549 0.9568627450980393 0.24313725490196078
v 7.298619071193425e-29 4.451227944914116e-29 1.649582793781432e-33 0.6980392156862745 0.23921568627450981 0.2901960784313726
v -12231.82421875 -2.220018794495802e-33 -5.090392557883898e-14 0.6196078431372549 0.24705882352941178 0.996078431372549
v 2.8551151752471924 1.2698626518249512 3.4441089630126953 0.30980392156862746 0.9686274509803922 0.4196078431372549
v -1.0449901374450822e-14 -3.937036435798202e-18 -30614157787136.0 0.5058823529411764 0.23921568627450981 0.38823529411764707
v -0.866580069065094 0.11623745411634445 0.4853120744228363 0.03529411764705882 0.03137254901960784 0.023529411764705882
v 6692695.0 2.543674495852166e-35 7.700150206346734e-08 0.25098039215686274 0.1411764705882353 0.5019607843137255
v 6.835565793241468e+29 -12307.755859375 2.25244867616844e-36 0.9176470588235294 0.4549019607843137 0.25098039215686274
v -1.5001499435077944e-19 5.174611111978757e+23 1.315050266558464e+16 0.7490196078431373 0.8274509803921568 0.08627450980392157
v -9.079081028249467e+23 -2.960361823147806e+28 9.14855204289181e+26 0.10588235294117647 0.08627450980392157 0.24705882352941178
v 9.032816272736e-09 2.4973093218510216e-20 7.476970030360523e-27 0.17254901960784313 0.803921568627451 0.20392156862745098
v -5.8960671343459655e-31 -785619712.0 8.343049941143775e-27 0.6196078431372549 0.24705882352941178 0.4235294117647059
v 2.887248992919922 1.2578125 3.5942883491516113 0.7137254901960784 0.047058823529411764 0.45098039215686275
v 1.791628869909025e-17 8.973023178930202e+34 1.2911948185281192e-26 0.6078431372549019 0.7450980392156863 0.12549019607843137
v -0.8283189535140991 0.0706842690706253 0.5557800531387329 0.03137254901960784 0.023529411764705882 0.0196078431372549
v 0.002963924314826727 2.581298637670319e-35 1.3991383411848801e-06 0.25098039215686274 0.34509803921568627 0.9254901960784314
v -5.120788181115713e+37 3.6307593614904234e+24 3216385792.0 0.7019607843137254 0.0784313725490196 0.25098039215686274
v -1.18064491516634e-09 7.491966438509176e-14 2.113595600120316e+20 0.7490196078431373 0.7803921568627451 0.01568627450980392
v -201151424.0 0.37361857295036316 -3.31133554685439e-16 0.5294117647058824 0.8392156862745098 0.7450980392156863
v -35110147588096.0 1.0704335195789878e-16 7.663893294259115e-33 0.3843137254901961 0.788235294117647 0.5529411764705883
v -1.8435125576422166e+27 -7.323753494127575e+17 1.450534146674964e+38 0.5137254901960784 0.7490196078431373 0.19607843137254902
v 4.330221652984619 -0.9670255184173584 2.511056423187256 0.9803921568627451 0.43529411764705883 0.4588235294117647
v 9.18811307802016e+37 -8.763810228629154e-07 4.058783922591245e-32 0.21176470588235294 0.7411764705882353 0.3764705882352941
v -0.9938222765922546 -0.0718436986207962 0.08459225296974182 0.0196078431372549 0.011764705882352941 0.00392156862745098
v 2.21875844688314e+34 2.908221273685193e+20 116.91455078125 0.25098039215686274 0.0784313725490196 0.30196078431372547
v 1.5877677499553392e+31 2.8645592919929186e-06 821949104128.0 0.596078431372549 0.403921568627451 0.25098039215686274
v -2.541446911098484e-37 1.0492044099450846e-30 1.7568435668945312 0.7490196078431373 0.058823529411764705 0.18823529411764706
v 3295868616704.0 -7.537846051823055e-29 3057.157958984375 0.10196078431372549 0.050980392156862744 0.24705882352941178
v -565.8554077148438 1.423054111614891e-13 1.0453063348442922e-14 0.12549019607843137 0.6431372549019608 0.27450980392156865
v -6.024530829469364e-28 2.7931469242096535e-26 -3.2225131682323605e-28 0.5254901960784314 0.7490196078431373 0.3607843137254902
v 3.0842678546905518 0.42329883575439453 3.6669912338256836 0.34901960784313724 0.6313725490196078 0.9137254901960784
v -4.4777475523005705e-06 5.851515403704784e+33 1.9331270554869392e-32 0.03137254901960784 0.24313725490196078 0.3215686274509804
v -0.828558087348938 0.2148747742176056 -0.5170302987098694 0.07450980392156863 0.06666666666666667 0.06666666666666667
v -9.11380298874296e+24 1.0174799002454439e-34 2.6720053725171056e-08 0.25098039215686274 0.6823529411764706 0.984313725490196
v 17804199936.0 5.785787786522107e-34 -4.569534212350845e-05 0.5529411764705883 0.9647058823529412 0.24705882352941178
v 2.9450684392930327e+26 124.65282440185547 2.895240954246703e+37 0.7490196078431373 0.2196078431372549 0.5686274509803921
v -3.7868997763830593e-29 23.901512145996094 -3.465940590086092e-10 0.796078431372549 0.1450980392156863 0.7490196078431373
v 1.9124155269519074e+35 -3.051460447174656e+16 6.647042926339834e-33 0.33725490196078434 0.7333333333333333 0.3254901960784314
v -1.658193519796789e-16 -3.3135556810715422e-21 -9.979633225447246e+36 0.4549019607843137 0.24705882352941178 0.5568627450980392
v 3.113574266433716 1.103198766708374 1.830633521080017 0.6901960784313725 0.4980392156862745 0.37254901960784315
v 4.671413535106694e-06 43.31247329711914 -2.1473645260104912e+33 0.15294117647058825 0.24705882352941178 0.4745098039215686
v -0.473602831363678 0.49562764167785645 -0.728047788143158 0.7686274509803922 0.6274509803921569 0.5058823529411764
v -1.8644207102624932e-06 8.477443813757794e+25 0.000343116233125329 0.25098039215686274 0.14901960784313725 0.054901960784313725
v 1.1151039468174436e-25 1.3525858111193088e+16 -3.616087858883549e+24 0.16862745098039217 0.06666666666666667 0.25098039215686274
v 2.2105581000976027e+20 -2.8646292947075094e+23 2.583786142157663e+36 0.7490196078431373 0.8980392156862745 0.3333333333333333
v -3.6296441981650924e+24 4.9418526673455e-24 -1.95640233953543e-23 0.6705882352941176 0.23137254901960785 0.24705882352941178
v 3.665188473360968e-14 -3.9248907223364423e-22 -1.5689785392151568e-38 0.5411764705882353 0.6039215686274509 0.23529411764705882
v -2.5243147089772822e-21 5.375028770576755e-28 -6.650746620096015e-11 0.5843137254901961 0.7490196078431373 0.054901960784313725
v 3.1247973442077637 -1.0204503536224365 1.752830147743225 0.16470588235294117 0.2980392156862745 0.4470588235294118
v -1.5666667283522895e-34 -246563486040064.0 -1.1492016439046296e+22 0.16862745098039217 0.23921568627450981 0.7843137254901961
v -0.21394994854927063 -0.4296127259731293 0.8773016333580017 0.6470588235294118 0.47058823529411764 0.32941176470588235
v -2.0576898518420705e-10 nan 0.054739948362112045 0.25098039215686274 0.7843137254901961 0.16862745098039217
v -7.629394076502649e-06 -0.011736487038433552 -12879677440.0 0.8235294117647058 0.9803921568627451 0.24705882352941178
v -1.572632649168638e-37 -2510667520.0 1.6678151186826998e-35 0.7490196078431373 0.7411764705882353 0.1803921568627451
v -6.506851886501647e-19 -1.9854707460261166e+36 -3.3115893920407705e-16 0.8980392156862745 0.058823529411764705 0.7490196078431373
v -1.1063455664967482e-29 31439.62109375 -3.059000894490837e-22 0.6274509803921569 1.0 0.39215686274509803
v -3.4174212273487217e+18 -914.1358032226562 -3.2029893019951956e+19 0.12549019607843137 0.24705882352941178 0.13333333333333333
v 4.227405548095703 0.6763497591018677 1.18686044216156 0.5568627450980392 0.4588235294117647 0.06274509803921569
v -7.268850885783218e-12 1.4072630213442955e+25 2.09667072665925e+33 0.8196078431372549 0.7450980392156863 0.21176470588235294
v -0.6689833998680115 -0.5598358511924744 -0.48892223834991455 0.8980392156862745 0.7058823529411765 0.615686274509804
v -1541457185865728.0 nan 2.539246832100226e+30 0.25098039215686274 0.39215686274509803 0.023529411764705882
v 2.085779495253862e+19 -3.007263660430908 7.936207712367245e+36 0.44313725490196076 0.9137254901960784 0.24705882352941178
v -1.7878869896933363e-28 2.736499081385897e-39 3056.203125 0.7490196078431373 0.12941176470588237 0.5607843137254902
v 51555917824.0 8.297649233099903e-17 3.296463236487381e-16 0.42745098039215684 0.0392156862745098 0.7490196078431373
v -17894340608.0 -420.5721740722656 -1.664377455478286e-32 0.6509803921568628 0.5647058823529412 0.22745098039215686
v -1.8775314753480615e-29 6.53160531100005e-15 0.10607971251010895 0.027450980392156862 0.7529411764705882 0.3058823529411765
v 3.573626756668091 -0.5515762567520142 2.002023220062256 0.19215686274509805 0.5450980392156862 0.29411764705882354
v 6.294766206526743e-22 -1.1334880445300185e-23 6.775205223902942e-26 0.35294117647058826 0.23921568627450981 0.01568627450980392
v -0.496992826461792 0.011845960281789303 -0.8676738142967224 0.8862745098039215 0.7098039215686275 0.5490196078431373
v 0.0015429980121552944 1.0362849399993455e-34 2.6395277976989746 0.25098039215686274 0.09411764705882353 0.7019607843137254
v -8994695168.0 3305424027648.0 -9.731542589175419e+32 0.6941176470588235 0.7607843137254902 0.24705882352941178
v -2.3758343834479257e+26 -150624.984375 7.629700760070079e-10 0.7490196078431373 0.00784313725490196 0.6274509803921569
v 1.7886522130083904e-07 3.5586481317295693e-07 3.7709584931215016e-29 0.6627450980392157 0.8705882352941177 0.7450980392156863
v 4.0603604702063063e-20 4.4358377189011005e-19 2.5585917372734045e-35 0.18823529411764706 0.8666666666666667 0.2901960784313726
v -1.8069836740031004e+24 387895361536.0 -1814049280.0 0.44313725490196076 0.7490196078431373 0.47058823529411764
v 3.229440212249756 -0.8358534574508667 1.7135313749313354 0.9607843137254902 0.1843137254901961 0.06666666666666667
v 6.027438757882919e-06 2.976870007843062e+18 -4.7175867585419214e+24 0.9725490196078431 0.7450980392156863 0.7686274509803922
v -0.4897893965244293 0.14919088780879974 -0.8589810729026794 0.8823529411764706 0.7137254901960784 0.5450980392156862
v 8.953649787145063e-38 1.808807825011418e-30 -2.10942759720422e-34 0.25098039215686274 0.2980392156862745 0.7764705882352941
v -1157.245361328125 12.020180702209473 -6.906075415014539e+18 0.33725490196078434 0.803921568627451 0.24705882352941178
v -6.98254787323549e-11 -0.00045674105058424175 -1.0077138429265275e-10 0.7450980392156863 0.37254901960784315 0.8823529411764706
v 3376830794956800.0 -1.1220312046634516e-36 -0.0029070244636386633 0.6627450980392157 0.35294117647058826 0.7490196078431373
v -6.352450565572099e-09 8.782672376010514e-30 1.7635618249341433e-30 0.3254901960784314 0.4745098039215686 0.20392156862745098
v -6703988682522624.0 145962.6875 -7.684260105198588e+25 0.6352941176470588 0.24705882352941178 0.8196078431372549
v 4.195821762084961 1.6408157348632812 1.2148449420928955 0.5725490196078431 0.7176470588235294 0.9607843137254902
v -2.3079691399967547e+36 7.35096727772824e+21 236117706145792.0 0.6588235294117647 0.7411764705882353 0.17254901960784313
v -0.4870717227458954 -0.042030856013298035 -0.8723500370979309 0.9294117647058824 0.7490196078431373 0.6313725490196078
v -1.526240701689315e-37 -0.4643506407737732 25.092111587524414 0.25098039215686274 0.2784313725490196 0.8509803921568627
v -3.633052917215643e+29 2.487526925346995e-24 104867666329600.0 0.49019607843137253 0.9333333333333333 0.24705882352941178
v -4.767408690042885e-11 -9.852298069277531e+33 3.251931331281517e-18 0.7490196078431373 0.34901960784313724 0.7137254901960784
v -3297719615488.0 -1.798909284997493e-35 -1.926845934022449e+33 0.6666666666666666 0.09411764705882353 0.7490196078431373
v 1002372285333504.0 8.244107986552803e-26 1.843851239796324e-27 0.0392156862745098 0.7568627450980392 0.27058823529411763
v nan 4.635180704293555e-15 4.1940029227925504e+17 0.6901960784313725 0.24705882352941178 0.5333333333333333
v 4.04408073425293 1.615393877029419 1.2823233604431152 0.8666666666666667 0.7411764705882353 0.23529411764705882
v 1.7548265427640408e+25 -2.2685052880512313e+29 8.85608322787057e-11 0.5647058823529412 0.7411764705882353 0.8117647058823529
v -0.49372488260269165 -0.013585741631686687 -0.8695120215415955 0.9176470588235294 0.7176470588235294 0.5764705882352941
v -2.5191328374797107e+17 nan 4.91821217049931e+27 0.25098039215686274 0.3764705882352941 0.8470588235294118
v -0.0038245224859565496 12912640000.0 3.388680395316479e-13 0.7019607843137254 0.19215686274509805 0.25098039215686274
v -5.095131427879096e-09 5.387620124394966e-30 1.4142244708637008e-08 0.7490196078431373 0.5411764705882353 0.5647058823529412
v 1.6679509423024645e-16 -1.7530990680784947e-38 8.068283505690433e-20 0.5098039215686274 0.3568627450980392 0.7490196078431373
v -185070.984375 -1.2481577291970357e+30 1.0789944930802335e-31 0.8 0.9058823529411765 0.5019607843137255
v 23.871118545532227 -17582684.0 -4.257338228526285e+16 0.7490196078431373 0.24705882352941178 0.6470588235294118
v 3.360379695892334 -1.6102261543273926 1.402471899986267 0.7725490196078432 0.1450980392156863 0.5725490196078431
v 4.080128509761996e+31 1.0356089446518451e-35 -6.202691138490479e-12 0.07450980392156863 0.24313725490196078 0.1568627450980392
v -0.4489414691925049 0.17999902367591858 -0.8752439618110657 0.9137254901960784 0.7607843137254902 0.592156862745098
v -0.005820941645652056 -8.798424200163626e-20 -1.7294681256903128e-36 0.25098039215686274 0.45098039215686275 0.21176470588235294
v 1.1971016267635305e-32 197174.015625 -2.2631144772450685e+23 0.1568627450980392 0.5529411764705883 0.24705882352941178
v -1.4230828484642318e-33 4.2126840566830036e-38 0.10280275344848633 0.7490196078431373 0.8901960784313725 0.47843137254901963
v 5.6566760558045245e+22 -7.513612390911266e+30 -48289.671875 0.047058823529411764 0.4980392156862745 0.7490196078431373
v -7422.21826171875 1.6927783974551858e-07 nan 0.7764705882352941 0.6 0.5529411764705883
v -1.0772966825315533e+17 -8.43087970048589e-38 6.002368714204922e+26 0.7176470588235294 0.24705882352941178 0.10196078431372549
v 3.178943157196045 -1.9396157264709473 1.6147427558898926 0.8156862745098039 0.7098039215686275 0.2549019607843137
v -6.364261458533991e-17 2.240274749156596e+25 -3.2652543675163905e-19 0.6392156862745098 0.7450980392156863 0.45098039215686275
v -0.0704205259680748 0.4145633578300476 -0.9072917103767395 0.8862745098039215 0.6941176470588235 0.596078431372549
v -4.204327698274182e-28 -6.146012335453712e-18 -1.5670447193084193e-37 0.25098039215686274 0.023529411764705882 0.07450980392156863
v -9.575802373262832e-10 -9.995658705879006e+35 411448377344.0 0.396078431372549 0.7764705882352941 0.24705882352941178
v -8.035179408400182e-25 -3305.921630859375 -7.111480737620468e-09 0.7450980392156863 0.2980392156862745 0.8156862745098039
v 3.9008245781306297e+33 1.9860250262510664e+36 -6721952920109056.0 0.40784313725490196 0.7490196078431373 0.7450980392156863
v 1.3792678259965408e-25 1.2676390497290413e-06 1.5992116712920358e-36 0.7254901960784313 0.32941176470588235 0.5568627450980392
v -1.1546940522448897e+26 -3377235755008.0 4.6283018254834246e-33 0.47058823529411764 0.23921568627450981 0.1803921568627451
v 3.544118881225586 1.2984403371810913 1.3446664810180664 0.23137254901960785 0.5254901960784314 0.5803921568627451
v 291325.875 -6954954.5 -9.536144062294262e+17 0.6549019607843137 0.7372549019607844 0.5843137254901961
v -0.8996219635009766 -0.012545938603579998 -0.4364893138408661 0.054901960784313725 0.047058823529411764 0.047058823529411764
v nan -1.0025170255577309e-13 -7.264294128335854e-32 0.25098039215686274 0.4196078431372549 0.18823529411764706
v -6.460896764539218e-40 -51621036032.0 -5.640063544077773e-37 0.12156862745098039 0.9450980392156862 0.24705882352941178
v -8.078386807177216e+16 1.7894613218670762e-26 7.036753686847184e-32 0.7490196078431373 0.5568627450980392 0.5803921568627451
v -3.5375972105478944e+21 2.1194266976751024e-14 -3.0154155138999706e-28 0.28627450980392155 0.13725490196078433 0.7490196078431373
v -3.165318581695604e-23 -4.713886270729647e-29 -2.466629231906762e-37 0.0392156862745098 0.8627450980392157 0.5254901960784314
v -4.265407956679393e+17 2.954047305563378e-22 6.600983648574754e-12 0.01568627450980392 0.7529411764705882 0.6980392156862745
v 3.6090750694274902 -0.8646667003631592 2.4597160816192627 0.023529411764705882 0.5137254901960784 0.2823529411764706
v 7739336032256.0 -9.7430265244558e-11 -1.6731465728171874e+38 0.5333333333333333 0.7450980392156863 0.5254901960784314
v -0.3310205638408661 -0.27761054039001465 -0.9018635153770447 0.9137254901960784 0.7333333333333333 0.5490196078431373
v 214266.109375 15585336320.0 1.7530824499493077e+20 0.25098039215686274 0.1411764705882353 0.21568627450980393
v 7.273131434680025e-28 1.7907660776472767e-07 -7.222465732248827e-35 0.08235294117647059 0.9294117647058824 0.24705882352941178
v -14146880.0 3.8726851921257004e-16 17266.125 0.7490196078431373 0.3333333333333333 0.6039215686274509
v 1.1159394297521885e-08 -2.1301550011488666e+17 -1.7283537101508983e-10 0.4588235294117647 0.49019607843137253 0.7490196078431373
v -4.053627988831465e-10 7.088633068650496e+16 -4.7620525331768546e-21 0.7607843137254902 0.23921568627450981 0.3176470588235294
v -1.1038727306964107e+20 1.0131635671848706e+24 -184953733120.0 0.7098039215686275 0.7450980392156863 0.6313725490196078
v 4.001312255859375 -0.22252178192138672 1.8545019626617432 0.396078431372549 0.21176470588235294 0.35294117647058826
v -0.003559085540473461 5.023934764716232e-20 -5.1423762708376e+37 0.2196078431372549 0.23921568627450981 0.8509803921568627
v -0.8549264073371887 0.03042478859424591 -0.517856240272522 0.792156862745098 0.6078431372549019 0.4627450980392157
v -179036684288.0 -6.2740221004609076e-12 -2.148129141583861e-34 0.25098039215686274 0.3058823529411765 0.0196078431372549
v -1.772969075307783e-25 -4.377937942723342e-11 3.778524990390513e-29 0.07450980392156863 0.5686274509803921 0.24705882352941178
v -1.1012900756243702e-29 -1.2552146305252402e-15 3.292036511014923e-13 0.7490196078431373 0.4823529411764706 0.984313725490196
v 2.2630157583412366e+23 417064879652864.0 1.1179081792318625e+23 0.7411764705882353 0.49411764705882355 0.7490196078431373
v 9.476608740214377e+20 0.003023638855665922 -0.4158763587474823 0.788235294117647 0.22745098039215686 0.5215686274509804
v -4.3107927042975334e+17 -0.0052964333444833755 5.976450215160597e-33 0.7215686274509804 0.7450980392156863 0.6392156862745098
v 4.325130939483643 1.2561194896697998 1.1519863605499268 0.8352941176470589 0.35294117647058826 0.9490196078431372
v -5.902905069197845e+24 4131361024.0 -9.31339391882191e+27 0.19607843137254902 0.23921568627450981 0.5176470588235295
v -0.9107224941253662 -0.039027418941259384 -0.41117075085639954 0.5372549019607843 0.403921568627451 0.3137254901960784
v 1.4435905157616718e-27 15418094592.0 1038547.8125 0.25098039215686274 0.6980392156862745 0.33725490196078434
v -3.6601588041258526e+20 206704590848.0 3.4845146212880707e-10 0.6235294117647059 0.7803921568627451 0.24705882352941178
v -1.4076031863755073e-38 -89.39794158935547 -1.865939737064243e+16 0.23529411764705882 0.8431372549019608 0.6941176470588235
v 9.497321238892527e+29 -1.1216710267925231e+23 -3276723453952.0 0.996078431372549 0.4196078431372549 0.7490196078431373
v 227.2762908935547 2.008577565804697e-16 -3.068589788700181e-25 0.5098039215686274 0.6666666666666666 0.3176470588235294
v -1.1276004660619191e+23 -1.4323408199125875e+34 3.5747994514443926e+33 0.06666666666666667 0.7450980392156863 0.8784313725490196
v 3.8607802391052246 0.011644840240478516 1.7751022577285767 0.33725490196078434 0.8941176470588236 0.7294117647058823
v 1.6381099178039557e-18 0.010208205319941044 -1.7214413519740418e+33 0.10196078431372549 0.7490196078431373 0.6313725490196078
v -0.6406134366989136 -0.535383403301239 -0.5504353046417236 0.9529411764705882 0.7686274509803922 0.6
v 1.847955424489603e+31 3.991521561862451e+35 1.0759700536727905 0.25098039215686274 0.8470588235294118 0.8980392156862745
v 2.7912450013472563e+29 3.9926553960961927e+36 2.2526005993427484e-36 0.2980392156862745 0.30196078431372547 0.25098039215686274
v -269.587890625 -7.453455577342491e-14 9.797597877843117e+21 0.7490196078431373 0.5803921568627451 0.08235294117647059
v -5.9325777306409115e+28 -2.2308840156282315e-36 -6.296815024200406e+37 0.2784313725490196 0.49411764705882355 0.7490196078431373
v -4.8772034806503746e+23 1.6895925630810993e-11 2.966993600666099e+20 0.596078431372549 0.3764705882352941 0.403921568627451
v -105217848770560.0 972989267968.0 6.463986864506126e-33 0.2196078431372549 0.7490196078431373 0.25882352941176473
v 2.9465062618255615 1.0121543407440186 3.1505956649780273 0.29411764705882354 0.5803921568627451 0.3607843137254902
v 9.047487748173296e+35 1.8479872192386588e+31 -1.2683944861387792e-19 0.5529411764705883 0.7450980392156863 0.5725490196078431
v -0.2959233820438385 0.1110256165266037 -0.9487374424934387 0.13725490196078433 0.09411764705882353 0.06666666666666667
v 2.488994320170934e+35 -0.0017833418678492308 -3.5672070279176846e-38 0.25098039215686274 0.9607843137254902 0.3176470588235294
v 1.1900876131596126e-38 1.5975376541786227e+37 1.2140917047129408e+32 0.7098039215686275 0.8156862745098039 0.24705882352941178
v -1.3651336572462762e-26 -1395927.875 -1.0231586607509771e-27 0.24313725490196078 0.9607843137254902 0.9215686274509803
v 1.0652620922684247e-14 -0.0003624432720243931 3.089866599909156e-25 0.9294117647058824 0.1411764705882353 0.7490196078431373
v 7893279.0 3.8103325345985994e+31 8.018990572642705e+25 0.023529411764705882 0.43529411764705883 0.34901960784313724
v 3.095102637981465e+34 -3663940500324352.0 -253673603072.0 0.7294117647058823 0.24705882352941178 0.6980392156862745
v 4.022228240966797 1.4804329872131348 1.3575189113616943 0.5215686274509804 0.30196078431372547 0.47843137254901963
v -2.083160507102321e-20 -2.4176503501788705e+35 -3.1438260663328574e-24 0.10980392156862745 0.7450980392156863 0.3254901960784314
v -0.9978029131889343 -0.011496832594275475 -0.06524726748466492 0.6901960784313725 0.49019607843137253 0.3803921568627451
v -0.011397712863981724 -2.4924369859680162e-11 1.3397980828663808e+16 0.25098039215686274 0.1568627450980392 0.25882352941176473
v -3.131765857041203e+30 5.549945469897015e+19 -4.911667933923615e+35 0.23921568627450981 0.796078431372549 0.24705882352941178
v -0.00027322955429553986 -50829.734375 -2.2558204439031325e-31 0.23921568627450981 0.6313725490196078 0.6392156862745098
v 3.615818614227878e-35 3.0080286095982733e-28 0.0014595097163692117 0.22745098039215686 0.0 0.7490196078431373
v 5930463.5 4.908260868664249e-39 1.0568845741460797e+35 0.09411764705882353 0.7764705882352941 0.30196078431372547
v -105025103724544.0 1.033185187820837e-18 -1.57803004035072e+16 0.5843137254901961 0.24705882352941178 0.1411764705882353
v 3.409626007080078 1.149001121520996 1.4028494358062744 0.7254901960784313 0.4470588235294118 0.29411764705882354
v -0.03436266630887985 2.8904758794801033e-11 -1.5755144037741263e+35 0.5529411764705883 0.7411764705882353 0.4117647058823529
v -0.6996502876281738 0.010019770823419094 -0.7144153118133545 0.9372549019607843 0.7215686274509804 0.6274509803921569
v 4.8760715396854804e-29 -5.072055374532541e-30 4.0016664120256365e+20 0.25098039215686274 0.0784313725490196 0.8588235294117647
v 5.882051480102241e-32 1.5618792370054214e+34 5.987307548522949 0.2784313725490196 0.7647058823529411 0.24705882352941178
v -4.3578856614269236e+20 -0.0020218042191118 5.161196780200664e+22 0.7490196078431373 0.047058823529411764 0.09019607843137255
v 1.747220285119866e-10 1.296136908962283e-18 -2.9428369417468676e-31 0.10588235294117647 0.7686274509803922 0.7450980392156863
v 1.5489414444444654e-34 9.148657641397407e-20 -2.9764120802062455e-22 0.7215686274509804 0.9647058823529412 0.403921568627451
v -24498.74609375 -1.0196957342874473e+37 5.657849574251811e+27 0.6039215686274509 0.7490196078431373 0.43137254901960786
v 3.140115737915039 -1.085179328918457 1.648728847503662 0.5215686274509804 0.09019607843137255 0.058823529411764705
v 2.980183166231039e+20 1.631343551953653e-27 -9.224778695245073e-25 0.0196078431372549 0.7450980392156863 0.6352941176470588
v -0.8165037631988525 -0.36758530139923096 -0.445199579000473 0.9098039215686274 0.7568627450980392 0.5882352941176471
v -1.0952790554456085e+31 3.324189172664236e-23 -9.007973778976503e-36 0.25098039215686274 0.7372549019607844 0.050980392156862744
v -1.8469095823180746e-36 -8.87669478916398e+20 6.082540044635605e+31 0.9490196078431372 0.7529411764705882 0.24705882352941178
v -1.260480461192095e+29 -2.1445087483584757e-08 7.103152581037235e+35 0.7490196078431373 0.23529411764705882 0.2784313725490196
v 201003360.0 1643326734336.0 7.901283838146485e-23 0.7019607843137254 0.4235294117647059 0.7450980392156863
v 78953830154240.0 3.4524037075290444e+26 nan 0.6588235294117647 0.3176470588235294 0.5019607843137255
v -6733154731687936.0 -1.0276145929648106e-35 20512.234375 0.29411764705882354 0.7490196078431373 0.8
v 3.954404830932617 1.2444097995758057 1.3652338981628418 0.5647058823529412 0.47058823529411764 0.30980392156862746
